prob_sell,prob_hold,prob_buy,predicted_signal
0.32571536,0.3403105,0.33397406,0
0.3101218,0.3642763,0.325602,0
0.32793975,0.34479025,0.32727006,0
0.282444,0.4122995,0.30525646,0
0.27454036,0.43602136,0.28943828,0
0.32938036,0.33781648,0.33280316,0
0.3512462,0.2943514,0.35440242,0
0.33905703,0.3219924,0.33895057,0
0.31303233,0.39207795,0.29488972,0
0.29332566,0.42627934,0.28039494,0
0.30857587,0.38805556,0.30336854,0
0.24808614,0.5094488,0.24246499,0
0.24254945,0.47979224,0.27765834,0
0.27921835,0.41677073,0.30401087,0
0.30634204,0.42526466,0.2683933,0
0.37304285,0.279019,0.34793815,0
0.33699456,0.34195656,0.32104892,0
0.3489576,0.30693832,0.3441041,0
0.335785,0.35243532,0.31177962,0
0.36031345,0.30490714,0.33477944,0
0.29531595,0.37715274,0.3275313,0
0.26703364,0.43406427,0.298902,0
0.3153742,0.38184133,0.30278456,0
0.28611988,0.46754208,0.246338,0
0.3563025,0.3323361,0.3113614,0
0.37739766,0.27551505,0.3470873,1
0.29648367,0.4218466,0.2816697,0
0.3194519,0.3526527,0.32789543,0
0.2985156,0.41389784,0.28758654,0
0.3348759,0.3560638,0.30906028,0
0.2647371,0.44263768,0.29262522,0
0.25010815,0.48340732,0.2664845,0
0.16472208,0.59463257,0.24064527,0
0.3223183,0.34574497,0.33193678,0
0.17631832,0.57414055,0.24954116,0
0.29178596,0.41098097,0.2972332,0
0.26680732,0.46304825,0.2701445,0
0.3178267,0.35693288,0.32524043,0
0.3699375,0.29378143,0.3362811,0
0.39035475,0.30345708,0.30618823,1
0.24344084,0.4791521,0.27740705,0
0.29457062,0.38848516,0.31694427,0
0.34935388,0.33433673,0.31630936,0
0.34438276,0.3508246,0.3047927,0
0.27739197,0.46983927,0.25276878,0
0.15574795,0.64097416,0.20327787,0
0.26449817,0.42928493,0.30621693,0
0.33638287,0.3249339,0.33868328,0
0.33125263,0.34200197,0.32674545,0
0.28770128,0.40452486,0.3077739,0
0.31798592,0.37619913,0.30581492,0
0.22890133,0.49657577,0.2745229,0
0.37395626,0.268835,0.35720876,0
0.28639027,0.46839732,0.24521251,0
0.3392398,0.34691507,0.31384513,0
0.2935711,0.42774317,0.2786857,0
0.27628422,0.45120564,0.2725101,0
0.3224053,0.39970347,0.2778912,0
0.28658697,0.40677047,0.30664256,0
0.27620205,0.50000733,0.22379059,0
0.3249758,0.37844914,0.29657513,0
0.43029967,0.30206433,0.2676359,1
0.26540193,0.44151434,0.2930837,0
0.27445582,0.41070557,0.31483862,0
0.36684975,0.30354056,0.3296097,0
0.3133778,0.36135265,0.32526955,0
0.37398353,0.269137,0.3568794,0
0.3790502,0.26552376,0.3554261,1
0.37600526,0.2632488,0.36074594,1
0.36183766,0.3189776,0.3191848,0
0.3844801,0.3145751,0.30094486,1
0.31821063,0.39104697,0.29074243,0
0.3358962,0.3323785,0.33172527,0
0.36772883,0.27925175,0.35301942,0
0.37415904,0.2690834,0.3567576,0
0.35162008,0.3410406,0.30733928,0
0.37342882,0.26698685,0.35958436,0
0.30964166,0.37226695,0.31809142,0
0.31252494,0.36574656,0.32172847,0
0.3473175,0.350966,0.30171645,0
0.35570392,0.3263709,0.31792524,0
0.27383173,0.42737323,0.29879507,0
0.3137769,0.3582221,0.32800096,0
0.35462213,0.29971275,0.34566513,0
0.32780644,0.36698586,0.30520773,0
0.33322123,0.35870838,0.30807036,0
0.31285608,0.37193617,0.31520775,0
0.36054912,0.2776958,0.36175513,0
0.37460336,0.26586807,0.35952857,0
0.3737389,0.2688805,0.35738063,0
0.34622994,0.35535902,0.29841098,0
0.37973815,0.24024628,0.3800156,0
0.37876424,0.25574833,0.36548743,1
0.3853885,0.3347977,0.27981377,1
0.37362036,0.27017328,0.35620642,0
0.37944528,0.25265518,0.36789957,1
0.36889803,0.2917972,0.33930475,0
0.2939753,0.48432553,0.22169922,0
0.37371328,0.25563446,0.37065226,0
0.23908246,0.5087481,0.25216937,0
0.2819854,0.39851972,0.31949496,0
0.25416788,0.44247788,0.3033542,0
0.38710183,0.23183255,0.38106558,0
0.19867286,0.56137186,0.23995538,0
0.2827087,0.41178134,0.3055099,0
0.274799,0.42729416,0.2979069,0
0.35900646,0.3287195,0.31227404,0
0.35988042,0.29033595,0.3497837,0
0.30926198,0.37070212,0.32003593,0
0.3206539,0.3687102,0.31063598,0
0.36600646,0.28208217,0.3519114,0
0.4110547,0.25336322,0.33558205,1
0.3587231,0.2953245,0.34595233,0
0.37210378,0.26644567,0.36145058,0
0.37453222,0.26895416,0.35651365,0
0.43821692,0.30298764,0.25879538,1
0.37389326,0.26054615,0.36556062,0
0.3469075,0.31486803,0.33822453,0
0.37843546,0.2781802,0.34338436,1
0.37421635,0.26893508,0.3568486,0
0.38772282,0.3223914,0.28988582,1
0.37505186,0.26756495,0.35738322,1
0.3387048,0.3222372,0.33905798,0
0.3710636,0.27492654,0.35400984,0
0.2844716,0.40960744,0.30592096,0
0.28703338,0.4050089,0.3079577,0
0.2767883,0.42255384,0.30065787,0
0.3128794,0.34948432,0.3376362,0
0.37410542,0.28864658,0.3372479,0
0.36408308,0.31959364,0.3163233,0
0.35683388,0.35645708,0.286709,0
0.37622285,0.28245363,0.34132352,1
0.40740865,0.26348954,0.32910183,1
0.37343636,0.26933348,0.35723013,0
0.42426366,0.29737964,0.27835673,1
0.37274486,0.25912964,0.36812553,0
0.3730329,0.2633539,0.36361313,0
0.37813362,0.24599406,0.37587228,0
0.38658595,0.27163157,0.34178248,1
0.3577895,0.29414213,0.3480684,0
0.32452652,0.35171312,0.32376033,0
0.34794417,0.3433823,0.3086736,0
0.37435246,0.268401,0.3572466,0
0.3698279,0.29440954,0.33576253,0
0.31307405,0.3930455,0.29388037,0
0.37090144,0.27434787,0.35475066,0
0.32806283,0.3525021,0.31943515,0
0.3396534,0.32603148,0.33431512,0
0.35478035,0.31821716,0.3270025,0
0.25006583,0.45683128,0.29310286,0
0.32706374,0.3657282,0.30720803,0
0.20187867,0.52374315,0.27437812,0
0.29089117,0.39987683,0.309232,0
0.30151734,0.37826076,0.32022184,0
0.3589096,0.29539713,0.3456933,0
0.37289146,0.28852242,0.33858615,0
0.36879784,0.27752176,0.35368037,0
0.37343636,0.26933348,0.35723013,0
0.3140906,0.35592893,0.3299804,0
0.36626536,0.30401248,0.3297221,0
0.35308862,0.3265753,0.32033607,0
0.3748959,0.25428098,0.37082306,0
0.37553668,0.268245,0.35621822,1
0.3738103,0.26691312,0.35927656,0
0.37396523,0.26915047,0.35688424,0
0.46300215,0.30625078,0.2307471,1
0.37607116,0.24524099,0.3786879,0
0.32477587,0.34687456,0.32834953,0
0.36436212,0.28777134,0.34786648,0
0.31486607,0.35802105,0.32711282,0
0.36368868,0.31703627,0.31927505,0
0.32977468,0.3336205,0.33660477,0
0.28912953,0.40471175,0.3061587,0
0.33642927,0.35075143,0.31281924,0
0.30326697,0.41224694,0.28448603,0
0.23176785,0.49960455,0.2686276,0
0.29506528,0.38642785,0.31850687,0
0.3213517,0.3548661,0.32378218,0
0.2794691,0.4179023,0.3026286,0
0.3130673,0.36614352,0.32078922,0
0.31432298,0.36395362,0.32172346,0
0.31547093,0.36475164,0.3197774,0
0.32044885,0.35840037,0.32115078,0
0.27364087,0.4550677,0.2712914,0
0.37343636,0.26933348,0.35723013,0
0.3066663,0.369152,0.32418165,0
0.33383048,0.3213011,0.3448684,0
0.34290767,0.31291783,0.3441745,0
0.32181296,0.356504,0.32168302,0
0.2992505,0.42782632,0.27292317,0
0.373241,0.25592065,0.3708383,0
0.3079494,0.38144952,0.3106011,0
0.3059463,0.36478007,0.3292736,0
0.25469828,0.45695165,0.28835,0
0.32486436,0.36071116,0.3144244,0
0.32581142,0.3465085,0.32767996,0
0.27779347,0.41599023,0.3062163,0
0.2690804,0.43571344,0.29520613,0
0.2829308,0.46430013,0.2527691,0
0.27032784,0.43900436,0.2906677,0
0.25761518,0.44981533,0.29256952,0
0.21010824,0.5342028,0.25568888,0
0.31412497,0.39132586,0.29454923,0
0.32140607,0.35203698,0.32655698,0
0.30556858,0.37508363,0.31934774,0
0.33880046,0.33851376,0.32268572,0
0.30401734,0.42433792,0.2716448,0
0.28587702,0.40279737,0.31132564,0
0.29810366,0.40558603,0.29631028,0
0.26180765,0.4473683,0.29082415,0
0.30367994,0.38049778,0.3158223,0
0.28031793,0.4162902,0.30339187,0
0.3247388,0.3385537,0.33670747,0
0.30923173,0.37515345,0.31561485,0
0.37406212,0.2689793,0.35695854,0
0.34014335,0.33846095,0.3213957,0
0.3271649,0.337002,0.33583313,0
0.3951462,0.27257916,0.33227468,1
0.3529909,0.28997272,0.3570363,0
0.3090717,0.36905637,0.32187188,0
0.31924048,0.38413325,0.29662624,0
0.251235,0.46566853,0.28309643,0
0.3097193,0.38313818,0.30714262,0
0.28374225,0.40285733,0.31340045,0
0.29376915,0.3866914,0.31953937,0
0.30584586,0.37891075,0.31524336,0
0.25458246,0.43768483,0.30773273,0
0.30592433,0.40275404,0.29132158,0
0.23082253,0.5327991,0.23637839,0
0.31532824,0.35656378,0.328108,0
0.29511222,0.41184106,0.29304674,0
0.28398278,0.40356055,0.3124567,0
0.36424568,0.310238,0.32551628,0
0.33616483,0.34675413,0.317081,0
0.36380586,0.28746903,0.34872514,0
0.3743119,0.2688949,0.35679317,0
0.37850383,0.2739494,0.3475467,1
0.3992231,0.3072695,0.2935074,1
0.35184717,0.3027309,0.34542197,0
0.3804991,0.30532083,0.31418008,1
0.34341395,0.34246823,0.31411782,0
0.31214768,0.39176735,0.29608497,0
0.33584782,0.32838985,0.33576235,0
0.2922708,0.44014254,0.26758668,0
0.2823998,0.43902835,0.27857178,0
0.23376632,0.49587265,0.2703611,0
0.26905772,0.42601535,0.30492687,0
0.32422763,0.3486592,0.32711324,0
0.30573118,0.37176993,0.3224989,0
0.2842571,0.423263,0.29247987,0
0.28301543,0.41247135,0.30451322,0
0.29973993,0.38349646,0.31676364,0
0.3053227,0.37739804,0.3172793,0
0.31586465,0.4064505,0.2776848,0
0.26675937,0.4424023,0.2908383,0
0.3734061,0.26811233,0.35848156,0
0.37283164,0.2661166,0.3610518,0
0.31537497,0.3891729,0.2954521,0
0.35846925,0.35556746,0.28596333,0
0.1473698,0.6101344,0.24249575,0
0.34148154,0.40191704,0.2566014,0
0.3495405,0.2818642,0.36859524,0
0.3382313,0.33801916,0.32374957,0
0.3551124,0.34138572,0.30350184,0
0.31805968,0.3897721,0.29216826,0
0.34719026,0.31603894,0.33677083,0
0.28425023,0.4104281,0.30532166,0
0.26377332,0.42761225,0.30861446,0
0.2825671,0.41375855,0.30367428,0
0.31406423,0.3796392,0.30629653,0
0.2576742,0.45490912,0.2874166,0
0.30891666,0.39086804,0.3002153,0
0.20917091,0.51653945,0.27428964,0
0.36019152,0.29204845,0.34776,0
0.37318712,0.30076635,0.32604653,0
0.31285053,0.40055954,0.2865899,0
0.2690547,0.43536067,0.29558453,0
0.2940111,0.39204067,0.31394824,0
0.30190095,0.3827617,0.31533733,0
0.32686755,0.34443024,0.32870218,0
0.34874097,0.30901784,0.34224123,0
0.37425834,0.269049,0.35669264,0
0.380094,0.27031246,0.34959358,1
0.3740588,0.26911807,0.3568231,0
0.41698885,0.28218532,0.30082574,1
0.36272043,0.34321737,0.2940622,0
0.34914297,0.31141162,0.3394454,0
0.36654213,0.32056236,0.31289548,0
0.3544085,0.30819464,0.3373969,0
0.30254894,0.4186685,0.27878264,0
0.32018173,0.35194838,0.32786986,0
0.3085816,0.37838593,0.31303245,0
0.26358312,0.44433922,0.29207763,0
0.3094432,0.4063672,0.2841896,0
0.34661064,0.31174514,0.3416442,0
0.24198052,0.47548407,0.28253546,0
0.31843624,0.3556342,0.32592958,0
0.27774343,0.44718394,0.2750726,0
0.3352836,0.31343117,0.35128522,0
0.23978674,0.47113606,0.2890772,0
0.3304879,0.33661705,0.332895,0
0.33919972,0.34928036,0.3115199,0
0.3747452,0.25886226,0.36639255,0
0.37433928,0.3322784,0.29338232,0
0.28644794,0.4232568,0.2902953,0
0.37261647,0.24493746,0.38244602,-1
0.34950337,0.31696585,0.33353084,0
0.35218263,0.30561116,0.34220618,0
0.3152944,0.35549375,0.32921183,0
0.38109604,0.25017157,0.36873233,1
0.37340528,0.29129025,0.3353045,0
0.37392524,0.26916432,0.35691047,0
0.33527234,0.32791936,0.33680826,0
0.3551699,0.3345493,0.31028077,0
0.33499807,0.35374293,0.31125897,0
0.26335627,0.42927164,0.30737215,0
0.29721344,0.40383887,0.29894775,0
0.3729453,0.2694578,0.35759696,0
0.37892097,0.24687582,0.3742032,1
0.36682677,0.30216792,0.3310053,0
0.3091733,0.39984983,0.29097688,0
0.331797,0.34194183,0.3262612,0
0.3285462,0.36952788,0.30192587,0
0.3598851,0.34204182,0.29807305,0
0.30730024,0.36709437,0.3256054,0
0.32689372,0.32994068,0.34316558,0
0.32655552,0.3667109,0.3067336,0
0.31535658,0.36092833,0.32371512,0
0.3501934,0.38240764,0.26739895,0
0.3701744,0.2704352,0.35939035,0
0.36888972,0.30154052,0.32956982,0
0.37156063,0.26464742,0.36379188,0
0.3347677,0.3268389,0.3383934,0
0.397943,0.26125553,0.34080148,1
0.36978674,0.27527383,0.35493934,0
0.35799193,0.30270705,0.339301,0
0.2964373,0.41290364,0.29065907,0
0.30298218,0.37345377,0.32356414,0
0.3442561,0.3487327,0.30701116,0
0.30480093,0.36787185,0.32732725,0
0.31160718,0.4142798,0.27411306,0
0.26909152,0.4298508,0.30105767,0
0.34635577,0.3046219,0.3490224,0
0.37538317,0.277674,0.34694284,1
0.348873,0.29909375,0.3520333,0
0.37366745,0.26925355,0.357079,0
0.31261882,0.35406807,0.33331317,0
0.37398964,0.25076944,0.37524098,-1
0.37174922,0.26212978,0.366121,0
0.36755648,0.2596423,0.37280124,0
0.3470711,0.34516802,0.30776086,0
0.29019025,0.3934754,0.31633434,0
0.30605134,0.4052388,0.28870982,0
0.38857612,0.23011461,0.3813092,0
0.37193054,0.27480328,0.35326615,0
0.32729486,0.34229967,0.33040547,0
0.37331674,0.26286206,0.36382115,0
0.387932,0.2314451,0.38062295,0
0.327286,0.32367554,0.34903848,0
0.29843405,0.37115315,0.3304128,0
0.30880713,0.36564067,0.32555225,0
0.3531612,0.32291737,0.32392147,0
0.31654832,0.3923153,0.29113635,0
0.24458048,0.47186407,0.28355545,0
0.29334083,0.39614686,0.31051233,0
0.34743366,0.34233448,0.31023186,0
0.3303912,0.33050984,0.339099,0
0.35709012,0.33225524,0.3106547,0
0.30018416,0.42414978,0.27566606,0
0.23419848,0.54167706,0.22412446,0
0.3170869,0.3979318,0.2849813,0
0.3151392,0.3872925,0.29756823,0
0.23155189,0.4999858,0.26846224,0
0.35783252,0.2902471,0.3519203,0
0.36485696,0.31988752,0.31525555,0
0.28829616,0.39460164,0.3171022,0
0.2740314,0.42895904,0.29700956,0
0.33574322,0.33269578,0.33156103,0
0.35349676,0.32549834,0.321005,0
0.3560456,0.31469885,0.32925555,0
0.36633524,0.33083606,0.30282876,0
0.27804974,0.42034608,0.30160427,0
0.29445118,0.44995925,0.2555896,0
0.24180359,0.48189613,0.27630028,0
0.29983333,0.38581616,0.31435055,0
0.37343636,0.2693335,0.35723013,0
0.33481944,0.3298378,0.33534274,0
0.35081148,0.30501708,0.34417152,0
0.2977576,0.38912922,0.31311312,0
0.30393112,0.37251312,0.3235558,0
0.35088223,0.3318275,0.31729028,0
0.3544156,0.32777992,0.3178045,0
0.28009987,0.40477777,0.31512243,0
0.37366477,0.2703868,0.35594848,0
0.34437642,0.3028618,0.35276178,0
0.3741102,0.2627577,0.36313206,0
0.33209097,0.3603997,0.30750933,0
0.32265726,0.36996782,0.30737495,0
0.3771741,0.24738385,0.37544206,0
0.34222066,0.31521603,0.34256327,0
0.39774358,0.2900366,0.3122199,1
0.37512177,0.2681087,0.35676956,1
0.3958607,0.30076042,0.30337888,1
0.31590003,0.34992874,0.3341712,0
0.37587604,0.26534346,0.3587805,1
0.36974952,0.27474967,0.35550085,0
0.37542892,0.26754314,0.3570279,1
0.39153802,0.31279272,0.29566932,1
0.37437788,0.26010567,0.36551645,0
0.37738395,0.26019573,0.3624203,1
0.3295375,0.33684784,0.33361468,0
0.2840926,0.45915523,0.25675213,0
0.31637636,0.35199025,0.33163336,0
0.37608105,0.26021147,0.3637075,1
0.33021086,0.32467628,0.3451128,0
0.37343633,0.26933348,0.3572301,0
0.32023916,0.3539446,0.3258162,0
0.33189625,0.32679522,0.34130853,0
0.35934627,0.28649694,0.35415676,0
0.36598274,0.27988675,0.35413042,0
0.31135413,0.35418478,0.33446106,0
0.34328592,0.33243957,0.32427454,0
0.30708975,0.36965433,0.32325587,0
0.38876393,0.27027702,0.34095904,1
0.38080785,0.30274168,0.31645048,1
0.3578439,0.2965416,0.34561455,0
0.37361357,0.2688051,0.35758132,0
0.3800077,0.2485794,0.37141287,1
0.37637877,0.26369202,0.35992923,1
0.38284665,0.3075363,0.3096171,1
0.3558437,0.33823702,0.3059193,0
0.34097648,0.3241568,0.33486667,0
0.37745148,0.26942387,0.35312462,1
0.42772716,0.2921751,0.28009778,1
0.30452833,0.39557195,0.29989976,0
0.30435598,0.3690282,0.32661584,0
0.29852936,0.38606626,0.31540444,0
0.33416605,0.33162338,0.33421057,0
0.33344966,0.36038646,0.3061639,0
0.31571832,0.38894057,0.29534113,0
0.36408684,0.29265025,0.34326288,0
0.32885087,0.33751273,0.33363646,0
0.31184146,0.36041343,0.32774517,0
0.38920736,0.26698634,0.3438063,1
0.35209578,0.29398775,0.35391647,0
0.3134667,0.3637778,0.3227555,0
0.33134583,0.32939842,0.33925575,0
0.3585986,0.35620615,0.2851953,0
0.38266927,0.23963638,0.3776943,0
0.41076463,0.26572412,0.32351127,1
0.3460591,0.316116,0.33782485,0
0.3418372,0.34086287,0.31729993,0
0.28748912,0.40565893,0.30685192,0
0.37195906,0.27189323,0.3561477,0
0.36273962,0.2878224,0.349438,0
0.37524685,0.26870197,0.3560512,1
0.39039698,0.26256594,0.34703708,1
0.37963715,0.25894803,0.3614148,1
0.33587205,0.32360122,0.34052673,0
0.37543175,0.25758392,0.36698434,1
0.36970675,0.30329004,0.32700312,0
0.31037194,0.3886634,0.3009646,0
0.37252906,0.25762904,0.36984184,0
0.304814,0.46462587,0.23056008,0
0.2662308,0.48472387,0.24904524,0
0.27049413,0.4379646,0.29154128,0
0.30343336,0.37593558,0.32063106,0
0.32047188,0.35243165,0.32709646,0
0.37241635,0.29606438,0.3315193,0
0.35613152,0.348508,0.29536045,0
0.35330838,0.32621083,0.32048082,0
0.3916673,0.25269705,0.35563564,1
0.34045205,0.32083637,0.3387115,0
0.34835857,0.31175098,0.3398905,0
0.37353185,0.26911125,0.35735688,0
0.37527847,0.26866978,0.3560517,1
0.37564585,0.26827744,0.35607675,1
0.3741714,0.2689165,0.3569121,0
0.37647742,0.25851572,0.36500686,1
0.36707327,0.29591253,0.33701426,0
0.30141276,0.38270086,0.31588635,0
0.27588135,0.42263973,0.30147895,0
0.3806053,0.25710118,0.3622935,1
0.33771217,0.3674731,0.29481477,0
0.23987272,0.48537096,0.27475634,0
0.25545567,0.4446481,0.29989624,0
0.3173909,0.3728181,0.30979097,0
0.27056852,0.42479837,0.3046331,0
0.29895544,0.41527492,0.28576967,0
0.371485,0.2678349,0.36068013,0
0.37524423,0.29555035,0.32920545,1
0.36582235,0.28811514,0.34606245,0
0.35380748,0.32040715,0.3257854,0
0.40563744,0.28296655,0.31139603,1
0.32796007,0.33576205,0.33627787,0
0.35415772,0.3348739,0.31096834,0
0.28942904,0.40145162,0.3091193,0
0.3730441,0.26890892,0.35804695,0
0.3511091,0.32238472,0.32650614,0
0.37582847,0.2662894,0.3578821,1
0.3364949,0.3266514,0.33685374,0
0.418304,0.2840167,0.29767936,1
0.37292323,0.2604015,0.36667535,0
0.29029682,0.39599875,0.3137044,0
0.29094633,0.38402,0.32503375,0
0.28774613,0.40493464,0.3073193,0
0.33935127,0.3609674,0.29968128,0
0.37527585,0.26837125,0.3563529,1
0.36574063,0.28625908,0.3480003,0
0.31814998,0.38877168,0.29307836,0
0.28666353,0.41042832,0.30290824,0
0.24118319,0.4610337,0.2977831,0
0.34775236,0.31116033,0.34108722,0
0.32489714,0.3434434,0.3316595,0
0.33767605,0.32586968,0.33645427,0
0.31317595,0.38931867,0.2975054,0
0.3316812,0.38533044,0.28298843,0
0.26557192,0.42793915,0.30648893,0
0.22253378,0.5231468,0.25431943,0
0.30122024,0.39052457,0.30825529,0
0.33978885,0.3481068,0.3121043,0
0.26408628,0.44305864,0.29285508,0
0.37359643,0.26605928,0.36034426,0
0.34658724,0.31007174,0.343341,0
0.34497976,0.3447781,0.31024212,0
0.34177265,0.33681092,0.32141647,0
0.37880522,0.300085,0.32110974,1
0.31194636,0.3588687,0.32918495,0
0.24622905,0.47278026,0.28099063,0
0.24926713,0.46475694,0.285976,0
0.3524312,0.36175612,0.2858127,0
0.32618618,0.3679718,0.30584198,0
0.31194097,0.39525697,0.2928021,0
0.37833923,0.2701719,0.35148883,1
0.32566684,0.39902058,0.27531257,0
0.22321561,0.51272887,0.2640555,0
0.26000065,0.44827104,0.2917283,0
0.30336192,0.43791127,0.25872684,0
0.3147753,0.3899327,0.29529205,0
0.28939548,0.42290694,0.28769758,0
0.31294042,0.36465424,0.3224054,0
0.29511297,0.39257967,0.31230736,0
0.34452724,0.30192032,0.35355237,0
0.30015412,0.38507727,0.31476858,0
0.32356194,0.34180441,0.3346336,0
0.37422946,0.269059,0.35671154,0
0.36795312,0.32712868,0.3049182,0
0.30150017,0.38316298,0.3153368,0
0.29769185,0.37444922,0.3278589,0
0.35596249,0.3333855,0.31065202,0
0.36496764,0.28520742,0.34982497,0
0.2710169,0.4200206,0.30896255,0
0.2850704,0.45787954,0.25705,0
0.3257392,0.3665397,0.3077211,0
0.3661952,0.30034745,0.33345738,0
0.36558795,0.32169607,0.31271595,0
0.36563954,0.28575566,0.34860483,0
0.2570149,0.4555659,0.28741926,0
0.25307778,0.46147358,0.28544852,0
0.31607616,0.42334884,0.2605751,0
0.25736403,0.45380363,0.28883234,0
0.2894638,0.41582432,0.29471186,0
0.3398558,0.37907156,0.28107262,0
0.29816917,0.39220905,0.3096218,0
0.30418274,0.39073676,0.3050805,0
0.33905932,0.31777087,0.3431699,0
0.3015981,0.38129658,0.3171053,0
0.3466386,0.3120111,0.34135032,0
0.36847866,0.27869534,0.35282603,0
0.41271865,0.3556438,0.23163752,1
0.37039265,0.2765222,0.35308516,0
0.36951926,0.31371626,0.31676453,0
0.3650368,0.28475317,0.35021004,0
0.3817273,0.3032009,0.3150718,1
0.37691993,0.26834828,0.35473174,1
0.32884493,0.33460176,0.33655334,0
0.3246659,0.37391013,0.30142397,0
0.24075209,0.48334816,0.2758997,0
0.38138857,0.27424344,0.34436798,1
0.37272006,0.29838607,0.32889384,0
0.40159595,0.35032597,0.24807805,1
0.34072447,0.347975,0.3113006,0
0.18031701,0.59181404,0.22786896,0
0.34039214,0.31642762,0.34318015,0
0.28301147,0.39815098,0.31883758,0
0.30763176,0.4015423,0.29082593,0
0.30037856,0.4023073,0.2973141,0
0.36940134,0.31377298,0.3168257,0
0.31609198,0.37604755,0.30786046,0
0.3221892,0.38252506,0.29528567,0
0.36396897,0.3463401,0.289691,0
0.35954243,0.2894197,0.3510379,0
0.33407268,0.33115852,0.33476877,0
0.37069923,0.26552907,0.3637717,0
0.37218443,0.28032342,0.34749225,0
0.37541494,0.26667288,0.35791215,1
0.40221897,0.29910177,0.2986793,1
0.24299267,0.47993165,0.27707568,0
0.31181133,0.3665365,0.3216521,0
0.38024902,0.24697816,0.3727729,1
0.32743767,0.34066933,0.3318931,0
0.27477705,0.47346625,0.25175667,0
0.29298708,0.43172485,0.27528813,0
0.29062912,0.3925584,0.3168125,0
0.36306524,0.28354192,0.35339284,0
0.29574436,0.38983288,0.31442276,0
0.33832094,0.33276772,0.32891133,0
0.22203864,0.52137476,0.25658655,0
0.27777758,0.41234857,0.30987382,0
0.11901291,0.67988545,0.20110166,0
0.357612,0.33457735,0.3078107,0
0.29508096,0.38888243,0.3160366,0
0.33001637,0.36285564,0.30712795,0
0.35110053,0.2824228,0.36647666,0
0.4012024,0.30993477,0.2888628,1
0.37343636,0.2693335,0.35723013,0
0.37438887,0.27153724,0.35407388,0
0.4472072,0.20660913,0.34618363,1
0.37395713,0.26915327,0.35688955,0
0.3738834,0.2691555,0.35696104,0
0.34593213,0.3928495,0.26121834,0
0.17405516,0.65789133,0.16805348,0
0.37496853,0.268803,0.35622844,0
0.060114145,0.8213954,0.11849041,0
0.36304945,0.2636351,0.37331548,0
0.3066942,0.34683618,0.34646967,0
0.38334835,0.23699792,0.37965375,0
0.18951164,0.48239845,0.32808995,0
0.360306,0.32747123,0.31222284,0
0.42216292,0.27261078,0.3052262,1
0.34282267,0.29454973,0.36262769,0
0.46459466,0.2341967,0.3012087,1
0.23419859,0.5009412,0.26486018,0
0.3461661,0.34447756,0.30935633,0
0.31196523,0.35456774,0.3334671,0
0.41878036,0.23051684,0.35070282,1
0.3450841,0.33976728,0.31514865,0
0.36954996,0.31665805,0.31379205,0
0.37347287,0.26534298,0.36118412,0
0.37801665,0.32818457,0.2937988,1
0.37046906,0.26418093,0.36534995,0
0.36251852,0.28796864,0.3495129,0
0.36595887,0.32647353,0.30756763,0
0.31604266,0.4089629,0.27499446,0
0.37606975,0.2503853,0.373545,1
0.31096762,0.36791572,0.32111657,0
0.32861227,0.36552313,0.30586466,0
0.37290734,0.27051067,0.35658202,0
0.45539016,0.27385563,0.27075425,1
0.3116476,0.3595791,0.32877338,0
0.27437028,0.42265427,0.3029754,0
0.36720827,0.26251483,0.37027684,0
0.30703497,0.42126146,0.27170357,0
0.29449087,0.40996122,0.29554787,0
0.25924727,0.45948017,0.28127262,0
0.29100156,0.39161822,0.31738016,0
0.3431786,0.33176592,0.3250555,0
0.31984803,0.39158678,0.2885652,0
0.3192575,0.35522026,0.32552224,0
0.32440928,0.36326417,0.31232664,0
0.29100195,0.39979547,0.30920255,0
0.37311906,0.28742555,0.33945546,0
0.3729574,0.28852832,0.33851427,0
0.3649682,0.2756612,0.35937062,0
0.3299682,0.3364299,0.33360186,0
0.37700376,0.26048216,0.3625141,1
0.35156548,0.3671607,0.2812738,0
0.24629468,0.47375017,0.27995512,0
0.32129535,0.3324392,0.34626544,0
0.35900044,0.3494279,0.29157165,0
0.29993376,0.38835886,0.31170738,0
0.36372438,0.307381,0.32889462,0
0.2966857,0.378556,0.32475832,0
0.26306975,0.43640217,0.3005281,0
0.36553365,0.28100044,0.35346597,0
0.33928058,0.3167116,0.3440078,0
0.33815807,0.32631466,0.33552727,0
0.30330172,0.38534078,0.3113575,0
0.26906875,0.42871976,0.30221146,0
0.2390392,0.48624098,0.27471983,0
0.2814993,0.468281,0.2502196,0
0.20059396,0.55580366,0.24360235,0
0.25742024,0.45485654,0.28772318,0
0.32845616,0.41822833,0.25331554,0
0.32013652,0.352722,0.32714146,0
0.3624017,0.28706774,0.3505305,0
0.41336164,0.3040262,0.2826122,1
0.35868642,0.29034737,0.3509662,0
0.24565825,0.5280119,0.22632982,0
0.2465168,0.46778077,0.2857025,0
0.30974826,0.38158718,0.30866453,0
0.32235166,0.35036972,0.32727855,0
0.31269097,0.36506984,0.3222392,0
0.30129725,0.39048922,0.30821356,0
0.23515478,0.4936383,0.27120697,0
0.32095486,0.34552556,0.33351958,0
0.34366852,0.36328915,0.29304227,0
0.32435724,0.33287787,0.34276488,0
0.3232654,0.38356647,0.2931681,0
0.22859108,0.5051742,0.26623467,0
0.3104089,0.36881286,0.32077828,0
0.25364816,0.45213452,0.29421735,0
0.29495114,0.43542603,0.26962277,0
0.32901376,0.34079087,0.33019543,0
0.31182492,0.39604643,0.29212862,0
0.29563245,0.3953297,0.30903783,0
0.3308706,0.3505428,0.3185866,0
0.28268966,0.40937507,0.30793524,0
0.28177226,0.4143885,0.3038393,0
0.2425553,0.47100502,0.28643972,0
0.33258918,0.3695941,0.2978167,0
0.357865,0.29549137,0.3466436,0
0.29225817,0.43282732,0.2749145,0
0.32999608,0.3363849,0.33361903,0
0.3078568,0.37770253,0.31444064,0
0.34003043,0.36213136,0.29783815,0
0.3435292,0.3073507,0.34912005,0
0.20734482,0.5279579,0.26469737,0
0.28669682,0.44404605,0.26925713,0
0.29637757,0.382727,0.32089546,0
0.35778832,0.3067074,0.33550423,0
0.261067,0.44885677,0.29007623,0
0.35218737,0.35566065,0.29215196,0
0.33111256,0.35238698,0.31650048,0
0.30667394,0.36577407,0.32755208,0
0.37701786,0.3280038,0.2949784,1
0.3727853,0.294597,0.33261773,0
0.28232127,0.40182927,0.31584948,0
0.33865374,0.32499325,0.336353,0
0.37424022,0.26905528,0.3567045,0
0.30280277,0.38007534,0.3171219,0
0.34784725,0.30846906,0.34368366,0
0.37301373,0.28093213,0.34605414,0
0.25303808,0.46256903,0.28439295,0
0.3305423,0.33325744,0.33620027,0
0.3667041,0.3138455,0.3194504,0
0.377637,0.25285026,0.36951268,1
0.3142182,0.35769805,0.32808372,0
0.37191078,0.25654903,0.37154025,0
0.36225504,0.33981222,0.29793268,0
0.37180328,0.2629282,0.36526847,0
0.35839763,0.29466322,0.34693912,0
0.37474492,0.27271688,0.35253826,0
0.26624733,0.44609725,0.2876554,0
0.3435194,0.32053563,0.33594495,0
0.3762633,0.26542896,0.35830778,1
0.295379,0.39695677,0.30766422,0
0.339674,0.32128745,0.33903852,0
0.34782815,0.30758786,0.34458396,0
0.3055817,0.37038448,0.32403377,0
0.3114947,0.3960843,0.29242092,0
0.37253502,0.26368907,0.3637759,0
0.3358033,0.36036974,0.30382696,0
0.3165103,0.35775566,0.32573405,0
0.37341553,0.26671448,0.35987005,0
0.35837984,0.27676407,0.36485606,0
0.37135535,0.2692429,0.35940173,0
0.3738266,0.26668808,0.35948533,0
0.3552136,0.31984448,0.32494193,0
0.3187445,0.34346288,0.33779255,0
0.34035382,0.32733065,0.33231547,0
0.3773163,0.24320534,0.37947834,0
0.3684568,0.31541383,0.3161294,0
0.33443576,0.32965377,0.3359105,0
0.31116986,0.4085646,0.28026557,0
0.3832559,0.28567043,0.33107364,1
0.21908477,0.5209406,0.25997463,0
0.37057826,0.2758091,0.3536127,0
0.3558806,0.32056952,0.32354996,0
0.32469675,0.3623209,0.31298232,0
0.28608394,0.40756813,0.3063479,0
0.35075402,0.3094609,0.33978507,0
0.3804388,0.2708901,0.34867108,1
0.23926924,0.490135,0.27059567,0
0.282876,0.4036559,0.3134681,0
0.33666077,0.32309046,0.34024873,0
0.29951903,0.42519417,0.27528688,0
0.24044889,0.48390722,0.27564391,0
0.3227022,0.3562583,0.32103956,0
0.3447472,0.32279208,0.3324607,0
0.33667982,0.34485838,0.31846187,0
0.37343636,0.2693335,0.35723013,0
0.4063101,0.28717655,0.30651337,1
0.37538376,0.2702019,0.35441434,1
0.45319673,0.2537999,0.29300338,1
0.36937618,0.2524336,0.37819028,-1
0.34617418,0.3482527,0.30557317,0
0.36541262,0.3016623,0.3329251,0
0.28896645,0.41286296,0.29817063,0
0.38710183,0.23183255,0.38106558,0
0.34774643,0.31246227,0.33979124,0
0.37613666,0.26266664,0.36119664,1
0.3101873,0.38009354,0.3097192,0
0.32720047,0.34177753,0.33102202,0
0.26415908,0.4435738,0.29226705,0
0.2676398,0.42783147,0.3045287,0
0.36858252,0.27723598,0.3541815,0
0.31781295,0.3554232,0.32676378,0
0.31295016,0.38509735,0.30195248,0
0.36356372,0.3213944,0.31504187,0
0.3299248,0.3304777,0.33959755,0
0.32662067,0.36988533,0.303494,0
0.24343197,0.48315987,0.27340814,0
0.28644866,0.39647406,0.31707725,0
0.29778814,0.4218813,0.2803306,0
0.33857659,0.34338418,0.3180393,0
0.37472478,0.26841286,0.35686246,0
0.37444976,0.2691,0.35645026,0
0.38194832,0.26791993,0.35013175,1
0.3695563,0.27716124,0.35328248,0
0.3693226,0.25361714,0.3770602,-1
0.375142,0.2676776,0.3571804,1
0.28639394,0.4082111,0.30539498,0
0.2986745,0.38341138,0.31791413,0
0.3361514,0.33399925,0.32984936,0
0.30832788,0.36311004,0.3285621,0
0.34373575,0.35608485,0.3001794,0
0.3405109,0.34869757,0.31079146,0
0.30272594,0.38111773,0.3161563,0
0.33446723,0.3436268,0.3219059,0
0.37295362,0.28954807,0.3374983,0
0.30317137,0.3804842,0.3163444,0
0.3264146,0.34219745,0.33138794,0
0.3477307,0.332724,0.31954536,0
0.2828456,0.4121617,0.3049927,0
0.35176826,0.3105859,0.33764586,0
0.37510473,0.27122137,0.35367385,1
0.42667082,0.26803762,0.30529153,1
0.3664824,0.28479618,0.34872144,0
0.37622547,0.26574826,0.35802636,1
0.3753354,0.26867244,0.3559922,1
0.38604745,0.26674774,0.3472048,1
0.37233955,0.2560797,0.37158075,0
0.37565926,0.26775533,0.35658544,1
0.38607505,0.23288384,0.38104105,0
0.3386519,0.3211511,0.3401971,0
0.3844933,0.23600557,0.37950113,0
0.38039374,0.24302705,0.37657923,0
0.20214386,0.5170344,0.28082177,0
0.37563044,0.24204265,0.3823269,0
0.39071575,0.26003128,0.34925294,1
0.29416996,0.38788018,0.31794983,0
0.37970245,0.28003797,0.34025967,1
0.37776434,0.23804563,0.38419002,0
0.24146248,0.48103434,0.2775031,0
0.29916388,0.37175745,0.3290786,0
0.26703545,0.43875867,0.29420584,0
0.338856,0.3252552,0.33588886,0
0.37558508,0.2687773,0.35563764,1
0.32343066,0.362764,0.3138053,0
0.3450072,0.34559178,0.30940104,0
0.37406301,0.26859596,0.35734102,0
0.42597482,0.2637557,0.31026945,1
0.37212047,0.26567978,0.3621998,0
0.33118916,0.35915285,0.30965796,0
0.25818738,0.45249176,0.28932083,0
0.31537682,0.36025825,0.32436502,0
0.32417554,0.407186,0.26863843,0
0.38152212,0.26995003,0.3485278,1
0.37452662,0.27653125,0.3489422,0
0.3489412,0.30439883,0.34665993,0
0.31869894,0.35526198,0.32603908,0
0.28647345,0.40517598,0.3083506,0
0.37010917,0.2539727,0.37591815,-1
0.027439104,0.8980139,0.07454695,0
0.4936214,0.047126077,0.4592526,0
0.38685325,0.28401825,0.32912853,1
0.33057693,0.35854852,0.3108745,0
0.3213,0.32897985,0.34972018,0
0.28957024,0.43249005,0.27793968,0
0.3016118,0.38902795,0.3093603,0
0.28740826,0.40373534,0.30885637,0
0.3639047,0.33262306,0.30347222,0
0.3196474,0.33136362,0.348989,0
0.3502002,0.32397908,0.32582074,0
0.2708376,0.42978522,0.29937717,0
0.30222628,0.37356305,0.32421064,0
0.30502033,0.38209608,0.3128835,0
0.26783103,0.43284303,0.29932588,0
0.30781886,0.3661765,0.32600465,0
0.36790586,0.29029888,0.34179524,0
0.3569837,0.3152849,0.32773134,0
0.27551985,0.4366707,0.28780943,0
0.3166341,0.35852945,0.32483646,0
0.3529918,0.32318982,0.32381833,0
0.3103673,0.3688958,0.32073697,0
0.32356068,0.37266046,0.3037788,0
0.37495518,0.27192566,0.35311916,0
0.3177665,0.35166365,0.33056983,0
0.34744167,0.34633917,0.30621916,0
0.35444322,0.32605994,0.3194968,0
0.30943888,0.3611983,0.32936278,0
0.33990893,0.3465428,0.31354824,0
0.2980784,0.38707152,0.3148501,0
0.37237018,0.26918194,0.35844794,0
0.32697925,0.33746913,0.33555168,0
0.30210102,0.3752986,0.32260042,0
0.37343636,0.26933348,0.35723013,0
0.36586857,0.3350052,0.2991263,0
0.37204424,0.29830015,0.32965565,0
0.33855683,0.32252896,0.33891428,0
0.3778771,0.25941318,0.36270976,1
0.37628826,0.27178285,0.3519289,1
0.37345988,0.26932538,0.35721478,0
0.4113711,0.2844748,0.3041541,1
0.38227618,0.24126542,0.37645844,0
0.35894495,0.30886897,0.3321861,0
0.37805048,0.27309114,0.34885842,1
0.3003523,0.39008006,0.30956763,0
0.34659842,0.3142352,0.33916634,0
0.3321615,0.319538,0.34830055,0
0.37840497,0.27339554,0.34819943,1
0.3653373,0.30020118,0.3344615,0
0.31507385,0.36169672,0.32322943,0
0.3165044,0.3522376,0.33125794,0
0.3311527,0.33737636,0.33147097,0
0.33271176,0.333629,0.33365917,0
0.15638168,0.59907836,0.24453995,0
0.3126087,0.36905116,0.3183402,0
0.35098085,0.3423529,0.30666625,0
0.37332737,0.28840157,0.33827102,0
0.2883693,0.40060714,0.3110235,0
0.36392966,0.30348444,0.33258587,0
0.3500201,0.30310678,0.3468731,0
0.33067983,0.3493496,0.3199706,0
0.32544202,0.35054684,0.3240112,0
0.34291312,0.32115528,0.33593157,0
0.37603343,0.2682175,0.35574907,1
0.37387893,0.2687385,0.3573825,0
0.3575145,0.2935495,0.34893596,0
0.2808836,0.40438935,0.31472707,0
0.38322857,0.23290525,0.38386616,0
0.27399918,0.4084429,0.3175579,0
0.3182628,0.3409661,0.3407711,0
0.3485076,0.3115626,0.33992985,0
0.24846525,0.45241463,0.29912007,0
0.36236605,0.3150628,0.32257116,0
0.23927733,0.5106545,0.25006822,0
0.3119078,0.3688806,0.31921163,0
0.21701731,0.5116667,0.27131602,0
0.2984965,0.38200596,0.31949753,0
0.2908375,0.35657254,0.35258994,0
0.33663186,0.36594582,0.2974223,0
0.34735855,0.326474,0.32616752,0
0.42168993,0.2754795,0.30283055,1
0.40313342,0.24460721,0.35225934,1
0.36265737,0.30452824,0.33281443,0
0.32675746,0.3387272,0.33451527,0
0.37416357,0.26905593,0.35678047,0
0.35783523,0.30786163,0.33430314,0
0.35506094,0.3013763,0.34356275,0
0.38336155,0.32880914,0.2878293,1
0.37864044,0.2509654,0.37039417,1
0.4177085,0.27202713,0.31026444,1
0.35713822,0.2960883,0.34677348,0
0.37359592,0.2693188,0.3570853,0
0.37828463,0.3488177,0.2728976,1
0.31893933,0.35226405,0.32879665,0
0.29878625,0.38019964,0.3210141,0
0.3746702,0.26890635,0.3564234,0
0.3380634,0.30856657,0.35337007,0
0.37745968,0.27106214,0.35147816,1
0.28959283,0.40572673,0.30468044,0
0.286562,0.40387398,0.30956396,0
0.2751718,0.42518622,0.29964197,0
0.3393181,0.34329453,0.3173873,0
0.28157035,0.41374412,0.3046856,0
0.3561213,0.29881287,0.34506586,0
0.33746836,0.35164964,0.310882,0
0.3190404,0.3547559,0.32620373,0
0.37276497,0.28498772,0.3422473,0
0.34564373,0.33330217,0.32105413,0
0.34802064,0.29775783,0.35422158,0
0.37387067,0.3160907,0.31003866,0
0.35764194,0.34225968,0.30009842,0
0.3723185,0.2694202,0.35826126,0
0.2843692,0.40837353,0.30725724,0
0.3543811,0.30219293,0.34342587,0
0.29986966,0.3830444,0.31708586,0
0.29361966,0.3830753,0.3233051,0
0.31433243,0.36233735,0.32333022,0
0.35118487,0.3398166,0.30899853,0
0.34898674,0.31189626,0.33911696,0
0.3434107,0.3510449,0.3055444,0
0.3724334,0.29348588,0.3340807,0
0.24059999,0.4572533,0.30214676,0
0.38599563,0.19787948,0.41612488,0
0.3043969,0.37852025,0.3170829,0
0.3634606,0.32699078,0.30954862,0
0.32546207,0.35278222,0.32175565,0
0.29589647,0.39086154,0.31324193,0
0.3300306,0.3445296,0.3254398,0
0.35893285,0.32989198,0.31117523,0
0.3260453,0.3593321,0.31462255,0
0.2934036,0.39998737,0.306609,0
0.30718955,0.36760965,0.32520083,0
0.34549826,0.3117033,0.34279844,0
0.3704456,0.2750624,0.35449198,0
0.37343636,0.2693335,0.35723013,0
0.37491715,0.26787928,0.35720354,0
0.35952154,0.33169794,0.3087806,0
0.3666757,0.31335983,0.31996447,0
0.25381276,0.44024986,0.30593738,0
0.34076834,0.32340458,0.33582708,0
0.3623345,0.29380107,0.34386447,0
0.29103443,0.43003887,0.27892673,0
0.3749665,0.26881018,0.35622337,0
0.28501505,0.40845007,0.30653486,0
0.35698795,0.2964088,0.34660318,0
0.328401,0.36505723,0.30654168,0
0.33494493,0.36378214,0.30127293,0
0.3214241,0.37951347,0.29906243,0
0.32894138,0.32161093,0.34944776,0
0.3521258,0.30382493,0.34404927,0
0.3194347,0.39216185,0.28840342,0
0.31386843,0.39904338,0.28708813,0
0.35492593,0.31900015,0.32607394,0
0.3298959,0.33759105,0.33251303,0
0.3422369,0.35333034,0.3044328,0
0.37154552,0.2699365,0.35851792,0
0.26925242,0.42046794,0.3102796,0
0.3702914,0.27566057,0.354048,0
0.37181905,0.28588575,0.3422952,0
0.3545816,0.33088055,0.3145378,0
0.3750754,0.27141592,0.35350868,1
0.3810696,0.270089,0.3488414,1
0.3614409,0.29870635,0.33985275,0
0.36796793,0.34778765,0.28424436,0
0.3741053,0.26863554,0.3572592,0
0.29816377,0.38275975,0.31907645,0
0.32185486,0.33259597,0.34554923,0
0.29069626,0.39878294,0.31052083,0
0.30295882,0.36980188,0.32723927,0
0.25223163,0.46308613,0.28468227,0
0.3499678,0.3720246,0.2780076,0
0.17446151,0.5756523,0.24988624,0
0.38569474,0.20865853,0.40564668,0
0.24625039,0.47427586,0.2794738,0
0.3342328,0.4046829,0.2610843,0
0.25835693,0.45094836,0.29069477,0
0.337123,0.35265478,0.31022215,0
0.28151664,0.41164723,0.30683616,0
0.2545514,0.44837153,0.29707706,0
0.2635754,0.44460294,0.29182172,0
0.31261644,0.39305532,0.2943282,0
0.31499013,0.39353088,0.29147902,0
0.28104436,0.42002395,0.29893172,0
0.28244334,0.42575392,0.29180276,0
0.3232279,0.34345445,0.33331764,0
0.30670214,0.38232374,0.31097406,0
0.35540384,0.29736888,0.34722728,0
0.33766657,0.32231274,0.34002066,0
0.37465253,0.26891246,0.35643497,0
0.37343636,0.26933348,0.35723013,0
0.3157023,0.3411499,0.34314784,0
0.37489533,0.2654101,0.35969454,0
0.3071182,0.3723961,0.32048568,0
0.31750283,0.38900644,0.2934907,0
0.27952653,0.43831813,0.2821553,0
0.3806851,0.23509046,0.3842244,0
0.3352522,0.3545619,0.31018594,0
0.38968867,0.264684,0.34562737,1
0.33057165,0.3303151,0.33911324,0
0.3025617,0.37047496,0.32696337,0
0.35837847,0.31481183,0.32680973,0
0.3405403,0.33313453,0.32632515,0
0.2887432,0.38957146,0.3216853,0
0.33366162,0.32902053,0.33731785,0
0.30891055,0.37094024,0.32014918,0
0.37435645,0.2688571,0.3567864,0
0.37531385,0.27241132,0.35227484,1
0.26116958,0.4351304,0.30370003,0
0.36486563,0.28646958,0.3486648,0
0.27980256,0.40389985,0.31629762,0
0.33560482,0.32946527,0.33492994,0
0.36186093,0.31066814,0.3274709,0
0.31146306,0.35860762,0.3299293,0
0.37535408,0.27137136,0.35327464,1
0.33870474,0.32338837,0.3379069,0
0.32990572,0.3577992,0.31229517,0
0.33491975,0.33061764,0.33446258,0
0.29694718,0.38180003,0.32125273,0
0.34005788,0.32156542,0.3383768,0
0.37562624,0.30547512,0.31889865,1
0.35832867,0.32815832,0.313513,0
0.2855274,0.39744207,0.3170305,0
0.2939986,0.39098233,0.31501904,0
0.351234,0.30996856,0.3387974,0
0.3279539,0.35168839,0.32035768,0
0.34973076,0.31742403,0.33284515,0
0.31019077,0.36181894,0.3279903,0
0.28279456,0.41263682,0.30456862,0
0.32563055,0.3754162,0.29895326,0
0.29899326,0.38690633,0.3141004,0
0.33941576,0.35772157,0.30286267,0
0.34556663,0.32212615,0.3323072,0
0.3795279,0.2382721,0.3822,0
0.3462888,0.3158383,0.3378729,0
0.37178245,0.30198964,0.32622787,0
0.30628058,0.39204416,0.30167526,0
0.3638094,0.28864884,0.34754175,0
0.37643203,0.2645212,0.35904676,1
0.37444958,0.2689828,0.35656768,0
0.30016622,0.41438875,0.28544503,0
0.34925723,0.29418495,0.35655785,0
0.1640519,0.60347724,0.2324709,0
0.38039613,0.26012567,0.35947827,1
0.2921812,0.39507627,0.3127425,0
0.3383648,0.3380756,0.32355952,0
0.31260026,0.3927773,0.29462248,0
0.27069739,0.42422828,0.30507427,0
0.3393319,0.37581405,0.28485402,0
0.2640102,0.44384152,0.2921484,0
0.4062957,0.26433533,0.32936898,1
0.28291875,0.43787536,0.27920592,0
0.38933402,0.3024091,0.30825692,1
0.1593411,0.6160285,0.22463046,0
0.36121243,0.2875185,0.35126907,0
0.3730434,0.26923627,0.35772038,0
0.39228353,0.33561906,0.27209747,1
0.30306444,0.36856666,0.32836893,0
0.2480125,0.44791675,0.30407077,0
0.33437634,0.33002347,0.33560023,0
0.33326983,0.33029634,0.33643383,0
0.37322074,0.3194387,0.30734062,0
0.3713628,0.2818188,0.3468184,0
0.4517918,0.28626093,0.26194733,1
0.2842331,0.41051063,0.3052563,0
0.32749465,0.3568351,0.31567028,0
0.3607713,0.31604987,0.3231789,0
0.34660122,0.34118512,0.31221363,0
0.23459598,0.508072,0.257332,0
0.33548635,0.3457531,0.31876048,0
0.35475978,0.34482476,0.30041543,0
0.26916206,0.4255648,0.30527312,0
0.31083935,0.36812514,0.32103553,0
0.36637145,0.3030598,0.3305687,0
0.28445596,0.40981114,0.30573285,0
0.3112199,0.36170575,0.32707438,0
0.3532008,0.33908454,0.30771458,0
0.3222178,0.34372744,0.33405483,0
0.37824145,0.27609783,0.34566072,1
0.37474155,0.268406,0.3568524,0
0.29283738,0.39534983,0.31181276,0
0.3725423,0.29803905,0.3294186,0
0.34601837,0.3026223,0.35135937,0
0.37366542,0.26262134,0.36371318,0
0.37260088,0.29203492,0.33536416,0
0.3411044,0.34251294,0.31638277,0
0.29542065,0.38308173,0.32149765,0
0.3185512,0.35755774,0.323891,0
0.3582155,0.2945152,0.34726933,0
0.27622017,0.41769212,0.30608767,0
0.28485218,0.40315542,0.3119924,0
0.2958428,0.39162245,0.31253475,0
0.3395554,0.3545439,0.30590063,0
0.30659512,0.42066762,0.27273723,0
0.3452367,0.3385114,0.3162519,0
0.25311273,0.45814264,0.28874472,0
0.36822093,0.28368053,0.34809858,0
0.37183133,0.26874185,0.3594268,0
0.3103387,0.38630372,0.30335754,0
0.34973744,0.31291306,0.3373494,0
0.290616,0.40282258,0.30656144,0
0.38078484,0.26963603,0.34957904,1
0.37013587,0.26618847,0.36367562,0
0.32322472,0.33793485,0.3388404,0
0.34044337,0.32123917,0.33831745,0
0.35796538,0.31616616,0.32586846,0
0.3021261,0.37523764,0.32263625,0
0.29802826,0.38072824,0.32124355,0
0.37344924,0.26896226,0.35758844,0
0.2836516,0.40476784,0.31158054,0
0.32385737,0.34614208,0.33000055,0
0.351191,0.29995343,0.34885558,0
0.35701194,0.29831246,0.34467563,0
0.28017914,0.4116484,0.30817246,0
0.27268788,0.4517622,0.27554995,0
0.3127491,0.39483926,0.29241168,0
0.31298417,0.3568785,0.3301373,0
0.3475124,0.3265181,0.32596955,0
0.16054574,0.630827,0.20862724,0
0.32714915,0.34236056,0.3304903,0
0.25846085,0.50825536,0.2332838,0
0.2856149,0.47737166,0.23701338,0
0.24296644,0.47994098,0.27709267,0
0.3294842,0.3431985,0.32731733,0
0.33815286,0.31464306,0.34720406,0
0.3246389,0.38648683,0.28887427,0
0.27783832,0.4174328,0.3047289,0
0.26598096,0.44053692,0.29348212,0
0.3368263,0.36220062,0.30097312,0
0.37892723,0.288455,0.3326177,1
0.30767334,0.36323634,0.32909033,0
0.37546515,0.26913413,0.35540068,1
0.3042207,0.3652069,0.3305724,0
0.36406076,0.29666916,0.33927003,0
0.372776,0.29060617,0.3366179,0
0.34736678,0.34196824,0.31066498,0
0.2446856,0.48919237,0.26612204,0
0.37499142,0.25683746,0.36817113,0
0.34935373,0.31116968,0.3394765,0
0.3455257,0.31438556,0.34008875,0
0.289059,0.40285915,0.30808184,0
0.3585029,0.31576067,0.32573637,0
0.32905927,0.33732167,0.3336191,0
0.26841372,0.43598497,0.29560134,0
0.26474845,0.43125153,0.30400002,0
0.29542518,0.38980818,0.31476668,0
0.3090437,0.36906686,0.3218894,0
0.34620583,0.32716304,0.32663113,0
0.32111803,0.35496157,0.32392043,0
0.3281355,0.33965287,0.33221164,0
0.35485405,0.33949602,0.30564997,0
0.3133532,0.40605786,0.2805889,0
0.34659934,0.30016315,0.3532375,0
0.37314767,0.29240495,0.33444735,0
0.3449278,0.3333333,0.32173887,0
0.3354296,0.35443923,0.3101312,0
0.37960392,0.26200214,0.35839397,1
0.3735626,0.26466715,0.36177024,0
0.36988494,0.26748434,0.3626307,0
0.34510908,0.3473737,0.30751723,0
0.37918118,0.25308716,0.36773163,1
0.2923046,0.4041186,0.30357677,0
0.34533536,0.3306976,0.32396698,0
0.32087398,0.41229504,0.26683095,0
0.2843127,0.39859807,0.3170893,0
0.411557,0.3161992,0.27224377,1
0.3146786,0.35418653,0.33113483,0
0.23594607,0.49193606,0.27211785,0
0.31062058,0.36010078,0.32927868,0
0.3313666,0.34165254,0.3269809,0
0.312464,0.40041837,0.28711766,0
0.26723966,0.43805358,0.2947067,0
0.2597956,0.44797033,0.29223412,0
0.37292042,0.26946223,0.3576173,0
0.35142782,0.30646917,0.34210303,0
0.37365907,0.2697543,0.3565867,0
0.46500117,0.2807437,0.25425518,1
0.3766264,0.2522045,0.37116912,1
0.48907587,0.2536228,0.25730133,1
0.37180248,0.25458354,0.37361404,0
0.37783718,0.26578596,0.35637692,1
0.4055597,0.2836631,0.31077713,1
0.32673943,0.33799332,0.33526728,0
0.38692898,0.23199937,0.38107163,0
0.38494965,0.31326348,0.30178687,1
0.3730803,0.3045152,0.3224045,0
0.34998727,0.3141125,0.33590025,0
0.38710186,0.23183256,0.3810656,0
0.36680874,0.28083575,0.35235548,0
0.37274438,0.3025022,0.32475346,0
0.3566421,0.31289607,0.33046183,0
0.28137717,0.41353008,0.30509284,0
0.36136281,0.32830796,0.31032926,0
0.35739323,0.29666921,0.34593758,0
0.3039595,0.3789309,0.31710958,0
0.29854685,0.37786195,0.32359114,0
0.36305642,0.29591325,0.34103036,0
0.3766995,0.26583472,0.35746583,1
0.3744368,0.268735,0.35682824,0
0.40202856,0.28737438,0.3105971,1
0.36596847,0.28538468,0.34864688,0
0.26014364,0.43166938,0.30818695,0
0.33142015,0.3354232,0.33315665,0
0.2711904,0.42598245,0.30282715,0
0.37781805,0.25268096,0.36950102,1
0.37358853,0.26697218,0.3594392,0
0.350252,0.33234584,0.3174022,0
0.35940263,0.2838923,0.35670507,0
0.36196667,0.28467995,0.3533534,0
0.2396988,0.46836206,0.29193917,0
0.3965942,0.20745401,0.39595184,0
0.39893478,0.24964216,0.35142305,1
0.34562337,0.31584358,0.33853304,0
0.22859788,0.5041444,0.26725784,0
0.32536295,0.34928396,0.3253531,0
0.38435057,0.23425786,0.38139158,0
0.3755915,0.26853204,0.3558765,1
0.37343633,0.2693335,0.3572301,0
0.37406987,0.26890382,0.3570263,0
0.37570646,0.28982368,0.33446985,1
0.36552364,0.33516318,0.29931328,0
0.36931947,0.2549171,0.37576354,-1
0.3752374,0.26815864,0.35660392,1
0.370188,0.31596184,0.31385016,0
0.36922505,0.41061425,0.22016063,0
0.3852218,0.23577808,0.37900013,0
0.37539494,0.43840167,0.1862034,1
0.37375653,0.2692227,0.35702074,0
0.12950976,0.68889517,0.18159509,0
0.38703194,0.23206851,0.38089946,0
0.34007803,0.24422176,0.41570023,-1
0.37531623,0.26712263,0.3575612,1
0.32198617,0.29006493,0.38794884,-1
0.3499917,0.3243839,0.32562438,0
0.24547628,0.49509797,0.2594258,0
0.37558514,0.23294161,0.39147326,0
0.5030448,0.1819523,0.31500298,1
0.37438595,0.2690048,0.35660923,0
0.35242566,0.24831438,0.39925998,-1
0.32948735,0.33567432,0.33483833,0
0.3673687,0.27968132,0.35294992,0
0.3505612,0.3231774,0.32626134,0
0.4309806,0.22155167,0.34746772,1
0.42067146,0.29336023,0.2859683,1
0.32001522,0.35014424,0.32984054,0
0.3154481,0.3556204,0.32893154,0
0.38633016,0.2337705,0.37989926,0
0.30572295,0.37658936,0.3176876,0
0.36092633,0.293722,0.3453517,0
0.37417683,0.26907724,0.35674596,0
0.38710186,0.23183256,0.3810656,0
0.36767745,0.29168648,0.3406361,0
0.314499,0.37873447,0.30676645,0
0.37534606,0.26846805,0.3561858,1
0.38211375,0.24498454,0.37290177,1
0.37460163,0.269864,0.35553434,0
0.34713587,0.3183346,0.33452943,0
0.2925099,0.38924715,0.31824294,0
0.34476092,0.32335922,0.33187982,0
0.38635463,0.2534136,0.36023182,1
0.37899104,0.289562,0.33144698,1
0.24222006,0.48127654,0.27650338,0
0.38714755,0.3190228,0.29382956,1
0.38170856,0.2421474,0.37614405,0
0.41201067,0.25621873,0.33177054,1
0.3659175,0.28373864,0.35034385,0
0.34336382,0.3170855,0.33955067,0
0.33364195,0.30988237,0.3564757,0
0.37498534,0.26926583,0.35574883,0
0.4155272,0.30888063,0.27559212,1
0.36115876,0.29078102,0.34806016,0
0.3583333,0.29556045,0.34610632,0
0.37771595,0.2911369,0.33114713,1
0.32857284,0.33936423,0.33206296,0
0.38036034,0.20690107,0.41273853,0
0.36256158,0.32229653,0.31514183,0
0.37601382,0.27340293,0.35058329,1
0.37209433,0.2731635,0.3547422,0
0.37103772,0.2993612,0.32960105,0
0.3729851,0.2692479,0.35776702,0
0.38017252,0.29989913,0.31992835,1
0.3341569,0.33202514,0.3338179,0
0.3080744,0.39816266,0.29376295,0
0.33770105,0.35831755,0.3039814,0
0.2861159,0.40653837,0.30734572,0
0.31599474,0.35401598,0.3299893,0
0.32868293,0.35626373,0.31505334,0
0.37530106,0.27125406,0.3534448,1
0.38427147,0.3210131,0.29471537,1
0.27259234,0.42454067,0.30286697,0
0.2723119,0.42173716,0.3059509,0
0.31313416,0.3631089,0.32375696,0
0.36868298,0.3168412,0.31447572,0
0.27730963,0.42387044,0.29881993,0
0.34005806,0.3237395,0.3362024,0
0.27093136,0.42434934,0.3047193,0
0.37368953,0.2692459,0.35706455,0
0.31080344,0.36782318,0.3213733,0
0.36871147,0.31387842,0.3174101,0
0.37329698,0.26937068,0.35733235,0
0.09750695,0.7224535,0.18003958,0
0.5250776,0.053745974,0.42117652,0
0.17467181,0.6023435,0.22298461,0
0.30426732,0.37978548,0.31594718,0
0.2990411,0.3579973,0.34296155,0
0.3808644,0.25283065,0.36630493,1
0.2768066,0.42311677,0.3000766,0
0.340035,0.31396905,0.34599596,0
0.36453277,0.30129492,0.33417222,0
0.34716994,0.30429146,0.34853858,0
0.28923392,0.3905869,0.32017916,0
0.28020677,0.4170075,0.30278575,0
0.37631482,0.2680327,0.35565248,1
0.3468712,0.33756587,0.31556293,0
0.32958296,0.3378235,0.33259353,0
0.27141953,0.46198636,0.2665941,0
0.3763598,0.2672607,0.35637954,1
0.34581113,0.33253235,0.32165658,0
0.28613564,0.40748608,0.30637822,0
0.3092106,0.3798131,0.31097627,0
0.29770494,0.3878199,0.31447524,0
0.29122236,0.39275715,0.3160205,0
0.3046466,0.37650633,0.318847,0
0.2942375,0.39127225,0.3144902,0
0.36677945,0.30231512,0.33090544,0
0.36168468,0.33272654,0.30558875,0
0.35578865,0.30407718,0.34013414,0
0.35485247,0.3082383,0.33690926,0
0.42221168,0.35665363,0.22113475,1
0.38966903,0.27494454,0.33538646,1
0.16909371,0.58354014,0.24736609,0
0.32219493,0.36731142,0.31049368,0
0.26326013,0.42177045,0.31496936,0
0.30446315,0.3830565,0.31248033,0
0.36075407,0.25385115,0.38539472,-1
0.3725987,0.29232186,0.3350795,0
0.38298893,0.2715206,0.34549052,1
0.37467924,0.26861334,0.35670745,0
0.38851315,0.28154814,0.3299387,1
0.31749162,0.3887538,0.2937546,0
0.35709658,0.30010504,0.34279835,0
0.39222354,0.29906002,0.30871648,1
0.37419966,0.25723556,0.3685648,0
0.3275325,0.3657695,0.306698,0
0.38100496,0.27942914,0.33956596,1
0.24208304,0.48337135,0.2745457,0
0.34912696,0.33431658,0.3165564,0
0.3648284,0.27968585,0.3554858,0
0.32281232,0.34384704,0.33334062,0
0.3314172,0.2741791,0.39440367,-1
0.3835063,0.27336198,0.3431317,1
0.3837351,0.26202422,0.35424072,1
0.37421283,0.26906472,0.3567224,0
0.40527397,0.25882152,0.3359045,1
0.30098847,0.37267336,0.32633826,0
0.37349194,0.2515969,0.3749112,0
0.36691603,0.27956495,0.35351908,0
0.37509042,0.26783496,0.3570746,1
0.37381938,0.26799676,0.35818386,0
0.31503502,0.3454624,0.33950257,0
0.36605018,0.27766377,0.3562861,0
0.36636788,0.27083123,0.3628009,0
0.36292708,0.3056999,0.33137298,0
0.3130628,0.37104425,0.31589293,0
0.37868553,0.27420828,0.3471062,1
0.3724863,0.28444526,0.3430685,0
0.37564546,0.26498893,0.35936567,1
0.3726084,0.27188936,0.35550222,0
0.37676102,0.25873104,0.36450797,1
0.37814406,0.2553985,0.3664574,1
0.28070718,0.40698096,0.3123119,0
0.37334877,0.25665733,0.36999387,0
0.35769978,0.28466755,0.35763264,0
0.38132966,0.244897,0.37377334,1
0.3502627,0.33342686,0.3163105,0
0.38626486,0.23324545,0.38048977,0
0.34889683,0.30656654,0.34453663,0
0.3861331,0.23412803,0.37973887,0
0.37866506,0.2663283,0.35500664,1
0.3826683,0.25684676,0.36048493,1
0.36726427,0.28464857,0.3480872,0
0.38664523,0.23289981,0.38045496,0
0.3373322,0.32705832,0.3356095,0
0.38055515,0.32903147,0.29041335,1
0.41979587,0.2656341,0.31457007,1
0.2793789,0.4101725,0.31044868,0
0.3202488,0.36012867,0.31962252,0
0.37445977,0.2683435,0.35719672,0
0.26664558,0.42379156,0.3095628,0
0.34426245,0.3184316,0.33730593,0
0.35219368,0.2925207,0.35528564,0
0.37199897,0.2751879,0.35281315,0
0.34935272,0.30971298,0.3409343,0
0.36446828,0.31629038,0.3192413,0
0.28766376,0.3917407,0.3205955,0
0.35864154,0.29434556,0.347013,0
0.33745676,0.32578743,0.33675584,0
0.31534222,0.35936868,0.32528913,0
0.33530825,0.32223693,0.34245485,0
0.37732676,0.25991204,0.3627611,1
0.4114885,0.29038686,0.2981246,1
0.37620488,0.27726576,0.34652936,1
0.33367872,0.33281854,0.33350283,0
0.38107303,0.2435334,0.37539354,0
0.35656404,0.30825734,0.33517858,0
0.3736657,0.25901118,0.36732313,0
0.3884602,0.2987698,0.31277,1
0.38587037,0.2779927,0.33613694,1
0.40102142,0.27156904,0.32740945,1
0.38362986,0.23575217,0.38061795,0
0.23865432,0.47502467,0.286321,0
0.37387013,0.22302386,0.403106,-1
0.2524516,0.44163468,0.30591366,0
0.3920328,0.25664735,0.35131982,1
0.35923833,0.25696272,0.38379896,-1
0.3751108,0.25516772,0.3697215,1
0.3696999,0.27138445,0.3589157,0
0.3800399,0.25039646,0.36956367,1
0.37251514,0.2913021,0.33618274,0
0.37918183,0.25198016,0.36883798,1
0.32699394,0.34145698,0.33154902,0
0.33813408,0.32267067,0.33919525,0
0.32302815,0.3461088,0.33086303,0
0.3027474,0.37107348,0.32617912,0
0.3236798,0.34711194,0.32920825,0
0.32971004,0.3377967,0.33249328,0
0.35046613,0.30851603,0.34101784,0
0.3325669,0.34362084,0.32381234,0
0.262692,0.4453551,0.29195288,0
0.2734734,0.42795873,0.29856792,0
0.34667623,0.36321318,0.29011065,0
0.2754078,0.42480156,0.29979068,0
0.350879,0.3073014,0.34181955,0
0.3528344,0.32290116,0.32426447,0
0.37227198,0.2955151,0.33221292,0
0.3363195,0.3319101,0.33177045,0
0.31207466,0.35763407,0.33029127,0
0.3793265,0.29643524,0.3242383,1
0.35836545,0.30591747,0.33571714,0
0.37714434,0.32251006,0.30034557,1
0.37478745,0.26840016,0.35681245,0
0.37574118,0.26373762,0.36052126,1
0.36813915,0.2782055,0.3536553,0
0.33602536,0.32914257,0.33483204,0
0.34134436,0.35492378,0.3037319,0
0.32997066,0.3246889,0.34534037,0
0.40402377,0.2796421,0.31633416,1
0.37590265,0.27105522,0.35304216,1
0.36643496,0.2738137,0.3597513,0
0.37466392,0.25978374,0.36555246,0
0.30337003,0.38272092,0.31390905,0
0.37691146,0.3193849,0.3037037,1
0.33458298,0.33092847,0.33448854,0
0.3617273,0.26444176,0.37383094,0
0.37474,0.26521486,0.36004514,0
0.25485888,0.45944643,0.28569466,0
0.27130863,0.43157896,0.29711246,0
0.32631814,0.3389164,0.33476546,0
0.26640147,0.43981043,0.29378816,0
0.37577167,0.3013005,0.3229278,1
0.36449826,0.2827476,0.35275415,0
0.35389686,0.30287325,0.34322992,0
0.20507872,0.5475492,0.24737208,0
0.3662551,0.28141254,0.35233238,0
0.348783,0.31104738,0.34016967,0
0.3499849,0.30925384,0.3407612,0
0.36285686,0.28947282,0.3476703,0
0.37468007,0.2597078,0.36561212,0
0.3160951,0.36872926,0.31517562,0
0.3765422,0.32153165,0.30192617,1
0.36854604,0.34581634,0.28563768,0
0.30196455,0.37800205,0.32003337,0
0.31953493,0.35361037,0.3268547,0
0.31161842,0.3622044,0.3261772,0
0.30730727,0.3635404,0.3291523,0
0.37490523,0.2685952,0.35649955,0
0.29836956,0.3801116,0.32151878,0
0.3287186,0.33402175,0.3372597,0
0.31170297,0.35849807,0.32979897,0
0.37482473,0.29092774,0.3342476,0
0.33776024,0.32768294,0.33455688,0
0.37620944,0.26837274,0.35541785,1
0.3360971,0.3290301,0.33487284,0
0.32490247,0.3401093,0.3349882,0
0.29055828,0.39160168,0.31784,0
0.28534004,0.40601933,0.30864066,0
0.37401363,0.26908922,0.35689718,0
0.37475863,0.28926772,0.3359736,0
0.38153392,0.26916632,0.3492997,1
0.36125156,0.2926022,0.3461463,0
0.29797807,0.3864396,0.3155823,0
0.33351475,0.33726686,0.32921842,0
0.34149975,0.33377293,0.32472736,0
0.3722386,0.2582588,0.3695026,0
0.34898382,0.3076551,0.34336108,0
0.3428997,0.32359627,0.33350396,0
0.34855795,0.30733046,0.34411162,0
0.3534837,0.3029043,0.343612,0
0.33341512,0.3115328,0.35505214,0
0.36777633,0.29080933,0.34141433,0
0.374754,0.26348925,0.36175674,0
0.35085297,0.31067267,0.33847442,0
0.36898452,0.32414037,0.30687508,0
0.34350258,0.31802216,0.3384752,0
0.42045173,0.27048922,0.30905905,1
0.36345857,0.33280522,0.30373618,0
0.30887014,0.37134317,0.31978673,0
0.3716926,0.29964504,0.32866243,0
0.3739472,0.28955257,0.33650026,0
0.37380373,0.26920637,0.35698992,0
0.37417722,0.2678022,0.35802057,0
0.3344808,0.34890324,0.31661603,0
0.37404358,0.26912335,0.35683304,0
0.29875565,0.3797193,0.32152513,0
0.3669763,0.2595484,0.3734753,0
0.3738084,0.26795566,0.3582359,0
0.34224665,0.32937977,0.32837358,0
0.37467763,0.27871093,0.3466114,0
0.037208047,0.8547471,0.108044766,0
0.45965457,0.049563933,0.4907815,0
0.37410367,0.26709697,0.35879934,0
0.386748,0.30852208,0.30472994,1
0.26122162,0.3928022,0.34597617,0
0.34737542,0.2746518,0.37797284,-1
0.3227015,0.3517314,0.32556707,0
0.37496474,0.2802495,0.3447858,0
0.40792045,0.27366555,0.3184141,1
0.3016498,0.3599418,0.33840838,0
0.35206684,0.30552197,0.3424112,0
0.3664553,0.28282514,0.35071957,0
0.37343636,0.26933348,0.35723013,0
0.418829,0.28140658,0.29976442,1
0.37461045,0.26892707,0.35646248,0
0.34570062,0.31572917,0.3385702,0
0.31717116,0.35465324,0.32817566,0
0.37764508,0.23782657,0.38452837,0
0.33454108,0.33568403,0.32977486,0
0.3523413,0.30534232,0.34231633,0
0.35385704,0.30283934,0.3433036,0
0.36923617,0.2704956,0.36026824,0
0.33837688,0.3238868,0.33773637,0
0.37509468,0.26875925,0.356146,1
0.38252288,0.30406356,0.31341356,1
0.35164315,0.30705947,0.34129742,0
0.34460545,0.31732857,0.338066,0
0.36834875,0.30477235,0.32687894,0
0.3265993,0.3376317,0.335769,0
0.34719223,0.31363052,0.33917725,0
0.35986435,0.3046518,0.33548385,0
0.26690376,0.4386641,0.29443213,0
0.38774517,0.2971566,0.3150982,1
0.49512297,0.28592432,0.21895263,1
0.36956164,0.27844864,0.3519897,0
0.31498262,0.36158967,0.32342765,0
0.37175062,0.288363,0.33988634,0
0.32745662,0.33920196,0.33334142,0
0.3325,0.3424216,0.3250784,0
0.32631683,0.3318531,0.34183004,0
0.37705055,0.26461357,0.35833588,1
0.41903767,0.34804744,0.23291494,1
0.37317416,0.26921618,0.35760966,0
0.3309894,0.34106454,0.3279461,0
0.37935677,0.25285608,0.36778715,1
0.37493557,0.39579028,0.22927408,0
0.3754987,0.26611832,0.35838294,1
0.27693558,0.42281413,0.30025026,0
0.30842152,0.36503032,0.32654816,0
0.35235623,0.30279213,0.34485164,0
0.340372,0.31441498,0.3452131,0
0.34240294,0.30457366,0.3530234,0
0.36663684,0.2938714,0.33949175,0
0.40406692,0.2598319,0.33610117,1
0.35250401,0.35284656,0.2946494,0
0.3959737,0.2602711,0.34375522,1
0.28756452,0.40351328,0.30892214,0
0.33460313,0.32329482,0.34210202,0
0.36840603,0.2790841,0.35250986,0
0.3719413,0.30515176,0.3229069,0
0.28292158,0.40019274,0.31688568,0
0.3743505,0.25557724,0.3700723,0
0.31234607,0.3620381,0.3256159,0
0.32138515,0.34896463,0.32965025,0
0.3754128,0.268649,0.35593814,1
0.36393246,0.33115634,0.30491123,0
0.38742602,0.27353233,0.33904162,1
0.230592,0.48587435,0.28353366,0
0.2934051,0.38736904,0.31922588,0
0.37219688,0.26636422,0.36143893,0
0.37511322,0.26836422,0.35652256,1
0.3677712,0.26071885,0.37150994,0
0.3715155,0.40848684,0.21999769,0
0.37941226,0.2647012,0.3558865,1
0.2848883,0.42230976,0.29280195,0
0.40549272,0.24141566,0.35309157,1
0.31920034,0.34287202,0.33792764,0
0.37723902,0.26133773,0.3614233,1
0.3252258,0.35781702,0.31695715,0
0.35787785,0.2947248,0.34739733,0
0.3605712,0.3059202,0.33350864,0
0.36431667,0.3214348,0.31424844,0
0.34904078,0.3132462,0.337713,0
0.37923983,0.30354434,0.31721586,1
0.34638074,0.31104937,0.3425699,0
0.3723253,0.26919344,0.35848126,0
0.3692496,0.30599108,0.3247593,0
0.38818988,0.32189962,0.28991047,1
0.33281398,0.39020434,0.2769818,0
0.3757956,0.25302282,0.37118152,1
0.36608917,0.28213763,0.3517732,0
0.3452885,0.3163345,0.33837694,0
0.37391314,0.26741025,0.35867664,0
0.38710186,0.23183256,0.3810656,0
0.38243327,0.30737036,0.31019634,1
0.34819368,0.30901766,0.34278873,0
0.36519682,0.32892594,0.30587727,0
0.38705602,0.23387866,0.37906525,0
0.3916528,0.33441156,0.27393568,1
0.37393373,0.26254106,0.36352518,0
0.33027783,0.33290276,0.33681938,0
0.3794032,0.2980696,0.32252723,1
0.33215714,0.34524152,0.32260135,0
0.30254254,0.36902478,0.3284327,0
0.28266308,0.41560876,0.3017282,0
0.26183787,0.47843754,0.25972456,0
0.2453986,0.4757523,0.2788491,0
0.34282207,0.31569514,0.34148282,0
0.29946256,0.38601637,0.31452107,0
0.3547036,0.3014881,0.34380832,0
0.29216102,0.39216915,0.31566983,0
0.3242581,0.3549939,0.32074797,0
0.37375435,0.28553903,0.34070656,0
0.380935,0.28397635,0.3350886,1
0.3340831,0.3548593,0.31105766,0
0.37220094,0.26945174,0.3583473,0
0.33783975,0.325111,0.33704928,0
0.3442826,0.31231678,0.34340063,0
0.37423262,0.26814172,0.35762566,0
0.36807585,0.27601823,0.35590598,0
0.36270416,0.28996658,0.34732926,0
0.31864974,0.38096836,0.30038184,0
0.3752218,0.24908254,0.3756957,0
0.25350466,0.44085446,0.30564085,0
0.3754728,0.26600826,0.35851887,1
0.18996508,0.5479349,0.2621,0
0.30982324,0.3561605,0.33401623,0
0.2987765,0.38709956,0.3141239,0
0.24982552,0.45001182,0.30016267,0
0.3754448,0.26994377,0.3546115,1
0.39046672,0.26955694,0.33997634,1
0.33452743,0.3591555,0.30631703,0
0.32136837,0.34898716,0.32964444,0
0.38728297,0.25696534,0.3557517,1
0.33654276,0.35671297,0.30674425,0
0.37299144,0.2674421,0.3595665,0
0.21265592,0.5015529,0.2857912,0
0.43054828,0.17375873,0.39569303,0
0.37081406,0.26965785,0.35952815,0
0.39050755,0.26360622,0.3458863,1
0.33054572,0.34764475,0.32180947,0
0.278928,0.41794664,0.3031253,0
0.36618182,0.28147238,0.35234582,0
0.28721437,0.4050283,0.30775726,0
0.3672653,0.29806495,0.33466974,0
0.36182535,0.27645296,0.36172172,0
0.28321868,0.40846938,0.30831194,0
0.36612067,0.29509234,0.33878696,0
0.35592577,0.31907472,0.32499954,0
0.29812217,0.43769544,0.26418245,0
0.37812927,0.26923454,0.3526362,1
0.2554653,0.49764207,0.24689266,0
0.30987015,0.3941512,0.2959787,0
0.32595852,0.33536252,0.33867893,0
0.3569885,0.308999,0.33401254,0
0.3020181,0.36038622,0.33759567,0
0.3701037,0.26479042,0.36510587,0
0.34102204,0.35520807,0.30376986,0
0.36240685,0.29714486,0.34044826,0
0.38396117,0.31671086,0.29932794,1
0.37215108,0.26486823,0.3629807,0
0.35606566,0.3225477,0.32138664,0
0.2841366,0.45642367,0.25943974,0
0.37210965,0.26991662,0.35797375,0
0.2472812,0.45021552,0.30250338,0
0.36859867,0.31457022,0.31683108,0
0.3334289,0.33254614,0.33402497,0
0.25806764,0.44716215,0.29477027,0
0.34932986,0.30021122,0.3504589,0
0.3741348,0.26909176,0.3567734,0
0.3892936,0.2572178,0.35348853,1
0.3928083,0.27842668,0.328765,1
0.3600678,0.30520517,0.33472705,0
0.30881265,0.36249742,0.32868993,0
0.29669598,0.38906106,0.31424296,0
0.36541265,0.29169178,0.3428956,0
0.37014592,0.2865317,0.3433225,0
0.3422074,0.31646138,0.3413312,0
0.37373817,0.2702584,0.35600343,0
0.36270112,0.3519529,0.28534597,0
0.3764289,0.25896233,0.36460882,1
0.37433037,0.2684661,0.35720354,0
0.37413535,0.25471216,0.37115252,0
0.37349296,0.26931393,0.3571931,0
0.41089052,0.25204578,0.3370637,1
0.37589812,0.24622752,0.37787434,0
0.3869031,0.23213693,0.38096,0
0.37509245,0.26872703,0.35618055,1
0.3812802,0.25158405,0.36713567,1
0.3862456,0.23334575,0.3804086,0
0.38710186,0.23183256,0.3810656,0
0.38363042,0.30754864,0.3088209,1
0.38498354,0.23924607,0.37577036,0
0.3306237,0.34360367,0.32577264,0
0.38206902,0.24514319,0.37278774,1
0.3737803,0.26921448,0.3570052,0
0.4028344,0.25219437,0.34497127,1
0.37335324,0.2681308,0.35851592,0
0.38006982,0.24338314,0.376547,0
0.41433865,0.3198526,0.26580882,1
0.37486863,0.25557587,0.3695555,0
0.39110148,0.29688203,0.3120165,1
0.39002827,0.26038083,0.3495909,1
0.3747813,0.27739662,0.34782207,0
0.33444306,0.33452296,0.331034,0
0.35621455,0.29838467,0.3454007,0
0.38089687,0.24554145,0.3735617,1
0.36443955,0.35109356,0.28446695,0
0.36186397,0.3247219,0.31341416,0
0.19361857,0.53188217,0.2744993,0
0.38439563,0.24983048,0.36577395,1
0.3213781,0.34952497,0.32909694,0
0.3841757,0.33606744,0.2797569,1
0.3519689,0.25152352,0.39650753,-1
0.3888913,0.2566382,0.35447043,1
0.37629703,0.26834235,0.35536066,1
0.37352842,0.26930165,0.3571699,0
0.4240537,0.22733378,0.34861255,1
0.4050118,0.255763,0.33922517,1
0.3801707,0.26500696,0.35482234,1
0.32170373,0.35020682,0.3280894,0
0.38302645,0.23745047,0.3795231,0
0.36450195,0.3069099,0.32858816,0
0.39864764,0.23908995,0.36226243,1
0.24332929,0.49726567,0.2594051,0
0.38832185,0.30176285,0.30991536,1
0.21829623,0.50834274,0.273361,0
0.3513482,0.32062256,0.3280293,0
0.31015986,0.3656386,0.32420158,0
0.29938462,0.38132372,0.31929168,0
0.28868648,0.38902402,0.32228956,0
0.37238863,0.26250938,0.36510205,0
0.37347868,0.3111756,0.3153457,0
0.33561504,0.3269651,0.33741984,0
0.40178698,0.31270555,0.2855075,1
0.30965105,0.35860598,0.33174297,0
0.34359142,0.316028,0.3403806,0
0.36254185,0.3111749,0.32628328,0
0.37343636,0.2693335,0.35723013,0
0.3145019,0.36066902,0.3248291,0
0.33306977,0.3213864,0.34554386,0
0.33636054,0.32621366,0.33742574,0
0.37541783,0.26864725,0.3559349,1
0.26924208,0.42849004,0.3022679,0
0.29925576,0.41514158,0.28560275,0
0.2790005,0.44299984,0.27799958,0
0.35913137,0.2850547,0.35581392,0
0.32889882,0.34234574,0.32875544,0
0.29964894,0.38305187,0.31729913,0
0.23642057,0.49023184,0.27334762,0
0.31538373,0.354599,0.33001733,0
0.325595,0.33626398,0.338141,0
0.32365274,0.34693247,0.32941473,0
0.305354,0.38432106,0.31032503,0
0.37628257,0.27299514,0.3507223,1
0.2991046,0.3821145,0.3187809,0
0.37264496,0.26318637,0.3641686,0
0.37338305,0.26796806,0.35864893,0
0.37505355,0.26139605,0.36355045,1
0.3737887,0.26921156,0.3569997,0
0.3552691,0.30135772,0.34337312,0
0.3722829,0.25206104,0.37565604,-1
0.30933285,0.35749832,0.33316883,0
0.30403686,0.3652202,0.33074299,0
0.35637268,0.339369,0.30425832,0
0.37917265,0.25564653,0.36518076,1
0.23931862,0.506636,0.2540453,0
0.32898304,0.34375802,0.3272589,0
0.33648425,0.35641363,0.3071021,0
0.25181428,0.44817907,0.3000067,0
0.27648208,0.47676772,0.24675016,0
0.35536867,0.29657745,0.34805384,0
0.37272364,0.2698547,0.3574216,0
0.3910672,0.30536845,0.3035644,1
0.29252812,0.39739537,0.31007653,0
0.28080255,0.4025326,0.31666481,0
0.30346197,0.37450635,0.3220317,0
0.33263975,0.3515364,0.31582388,0
0.35002458,0.31087947,0.33909598,0
0.3729496,0.270257,0.35679334,0
0.3756207,0.26856312,0.3558162,1
0.3577722,0.2958886,0.34633926,0
0.31761128,0.38541463,0.29697412,0
0.3742233,0.26854652,0.3572302,0
0.31468737,0.34499454,0.3403181,0
0.3762903,0.2636206,0.36008906,1
0.37543666,0.3189711,0.30559227,1
0.37467575,0.2860804,0.33924386,0
0.3826251,0.26985216,0.34752268,1
0.24941875,0.46694744,0.28363386,0
0.36409175,0.29747528,0.33843297,0
0.36694637,0.2999235,0.33313018,0
0.29177022,0.38950545,0.3187244,0
0.33805677,0.33324176,0.32870144,0
0.3534721,0.32353324,0.32299465,0
0.34258977,0.33465216,0.32275808,0
0.32544976,0.3443779,0.33017233,0
0.3115568,0.412852,0.27559125,0
0.36692205,0.29777968,0.3352983,0
0.30127534,0.42348638,0.27523822,0
0.35687068,0.3188721,0.3242572,0
0.37284794,0.28383508,0.34331703,0
0.39128914,0.2615148,0.347196,1
0.31204674,0.36614388,0.3218094,0
0.3735575,0.26751596,0.3589265,0
0.37719867,0.26550964,0.35729167,1
0.29711214,0.38314798,0.31974,0
0.35323742,0.28839487,0.35836762,0
0.37058923,0.29880023,0.33061054,0
0.38280904,0.23701254,0.3801784,0
0.37642157,0.2781783,0.34540015,1
0.34433454,0.34626704,0.30939838,0
0.37050322,0.29370672,0.33579004,0
0.4453038,0.24953718,0.30515897,1
0.30993715,0.36010674,0.32995614,0
0.35332915,0.33176407,0.31490675,0
0.32222593,0.38192526,0.29584882,0
0.3543707,0.3024778,0.34315154,0
0.33937627,0.3198771,0.34074655,0
0.35634857,0.33088556,0.31276584,0
0.3519295,0.33411735,0.31395322,0
0.28159288,0.41476646,0.3036406,0
0.2794809,0.41580012,0.3047189,0
0.32898596,0.33880398,0.3322101,0
0.37290922,0.26875955,0.35833123,0
0.32160315,0.34823856,0.3301583,0
0.37061802,0.32510868,0.3042733,0
0.3228388,0.39705762,0.28010356,0
0.36141688,0.291432,0.3471511,0
0.36737853,0.30850452,0.324117,0
0.38693225,0.29813164,0.31493604,1
0.3978075,0.31248295,0.28970954,1
0.345928,0.31653735,0.3375346,0
0.3396275,0.32552052,0.334852,0
0.3531521,0.30629718,0.34055078,0
0.33370927,0.33099067,0.33530006,0
0.37418973,0.2667992,0.35901105,0
0.3754993,0.268619,0.35588166,1
0.37483343,0.26893783,0.35622877,0
0.33481726,0.34105965,0.32412305,0
0.37869367,0.27002314,0.35128316,1
0.29379368,0.4250202,0.28118613,0
0.32163593,0.34550613,0.33285803,0
0.25049806,0.46574786,0.28375408,0
0.3144633,0.36612022,0.31941652,0
0.3345091,0.32926896,0.336222,0
0.35685286,0.32592103,0.3172261,0
0.33993232,0.33570814,0.32435954,0
0.25718686,0.45546523,0.287348,0
0.2742401,0.5289466,0.19681333,0
0.3729369,0.26946667,0.3575964,0
0.0530914,0.86112,0.08578869,0
0.36201736,0.29139972,0.34658286,0
0.3092899,0.31141686,0.3792933,-1
0.36356965,0.28810322,0.3483272,0
0.30220765,0.2156752,0.4821171,-1
0.34603107,0.34068805,0.31328088,0
0.43909058,0.21852437,0.34238502,1
0.36331874,0.30827454,0.32840672,0
0.5981039,0.1248565,0.27703965,1
0.35584882,0.34819368,0.29595748,0
0.33013412,0.336581,0.33328488,0
0.22845729,0.48625585,0.28528684,0
0.32141382,0.35022348,0.32836273,0
0.32740802,0.3876871,0.28490493,0
0.3156446,0.38666782,0.29768762,0
0.27893788,0.3826637,0.3383984,0
0.34776703,0.33357736,0.31865567,0
0.31539047,0.3529305,0.33167905,0
0.30294523,0.37623128,0.3208235,0
0.31050935,0.37125492,0.31823573,0
0.3619898,0.30355695,0.33445328,0
0.32637486,0.3427321,0.33089304,0
0.30305353,0.37401015,0.32293633,0
0.28450513,0.39745194,0.31804296,0
0.36027062,0.37065232,0.2690771,0
0.37171715,0.27271697,0.35556588,0
0.35020116,0.3627365,0.28706238,0
0.3823604,0.31154594,0.3060937,1
0.2607917,0.4348509,0.30435738,0
0.3531767,0.29193208,0.35489127,0
0.37343633,0.26933348,0.3572301,0
0.37343636,0.26933348,0.35723013,0
0.33981904,0.33168086,0.32850012,0
0.37851843,0.25321096,0.3682707,1
0.37515244,0.26863343,0.35621414,1
0.3751027,0.26832047,0.35657683,1
0.33250546,0.33233514,0.3351594,0
0.30776972,0.36271164,0.32951868,0
0.2928662,0.4186004,0.2885334,0
0.35053772,0.3164236,0.3330387,0
0.3185655,0.3408879,0.34054658,0
0.3744328,0.29417408,0.33139312,0
0.40359238,0.2979843,0.29842335,1
0.3764144,0.26197186,0.36161366,1
0.3232976,0.3349934,0.34170896,0
0.3514232,0.31530848,0.33326834,0
0.3259232,0.3439932,0.33008358,0
0.36417538,0.2845176,0.35130703,0
0.37405702,0.260261,0.365682,0
0.38088167,0.2583043,0.36081395,1
0.31881192,0.34360105,0.33758703,0
0.32628432,0.32931897,0.34439668,0
0.3781206,0.24138425,0.38049513,0
0.32518068,0.32972553,0.34509376,0
0.36348468,0.2875201,0.34899515,0
0.3344351,0.33452833,0.33103666,0
0.29014352,0.43939397,0.27046257,0
0.3209514,0.3587032,0.3203453,0
0.35985377,0.2761099,0.36403638,0
0.34817,0.31204075,0.33978924,0
0.37498537,0.2685093,0.35650533,0
0.29269743,0.39712945,0.31017312,0
0.28093377,0.4106733,0.30839288,0
0.33200213,0.37523675,0.2927611,0
0.32348728,0.34720427,0.32930836,0
0.29995644,0.38502648,0.31501707,0
0.3398173,0.3218734,0.33830932,0
0.30760434,0.38108927,0.31130636,0
0.22977848,0.50294214,0.26727936,0
0.31315735,0.36171874,0.3251239,0
0.35044232,0.30145693,0.3481007,0
0.32742658,0.35787535,0.31469813,0
0.34517494,0.34755474,0.30727032,0
0.20347877,0.550307,0.24621421,0
0.30753645,0.36690226,0.32556134,0
0.37465784,0.26890856,0.35643357,0
0.37403527,0.2840339,0.34193084,0
0.33731508,0.33681965,0.3258652,0
0.3725756,0.29571012,0.33171424,0
0.2802002,0.41701812,0.3027817,0
0.33478102,0.32832065,0.33689827,0
0.35619876,0.3381181,0.3056832,0
0.32763433,0.33967343,0.33269224,0
0.341748,0.31986138,0.33839056,0
0.37308663,0.25888553,0.3680278,0
0.3490393,0.3066065,0.34435418,0
0.30614343,0.3739474,0.31990913,0
0.37556306,0.321062,0.3033749,1
0.33855292,0.2994014,0.36204562,0
0.3755558,0.25367188,0.37077224,1
0.2646983,0.4427033,0.29259846,0
0.3040585,0.3721671,0.32377434,0
0.37244934,0.2610646,0.36648607,0
0.38287526,0.2338191,0.38330564,0
0.32069978,0.37406555,0.30523464,0
0.36700454,0.33613545,0.29686,0
0.25365788,0.4576858,0.28865638,0
0.2609319,0.4464535,0.29261455,0
0.29025015,0.39896327,0.3107866,0
0.30027115,0.43872347,0.2610053,0
0.30344754,0.38004133,0.31651115,0
0.30054623,0.38468063,0.31477314,0
0.31891963,0.35340407,0.32767633,0
0.33640012,0.3483874,0.31521255,0
0.26985613,0.4378611,0.29228276,0
0.3478706,0.33279318,0.31933624,0
0.2983883,0.39394855,0.3076632,0
0.32729462,0.37282935,0.2998761,0
0.351464,0.3013882,0.34714773,0
0.3489418,0.31085464,0.34020346,0
0.24024768,0.48252064,0.2772316,0
0.30939412,0.3973788,0.2932271,0
0.3879298,0.2724228,0.3396474,1
0.2721404,0.4292374,0.29862213,0
0.34470645,0.32860747,0.3266861,0
0.32080212,0.35386387,0.32533407,0
0.22352016,0.5123735,0.2641063,0
0.2552738,0.45038286,0.29434338,0
0.28253138,0.46608546,0.2513831,0
0.2825016,0.4366784,0.28081992,0
0.29959655,0.4011755,0.29922795,0
0.22324356,0.5147155,0.26204097,0
0.2617352,0.4459497,0.29231516,0
0.3165321,0.36193472,0.32153317,0
0.2916577,0.43176514,0.27657712,0
0.2845316,0.45470408,0.26076433,0
0.37335443,0.26908973,0.3575559,0
0.38542086,0.3257108,0.2888684,1
0.29655808,0.43477905,0.2686629,0
0.2982207,0.400883,0.30089632,0
0.268012,0.45514312,0.2768449,0
0.24063268,0.49387568,0.26549163,0
0.26799548,0.42515546,0.30684912,0
0.26671845,0.42100766,0.31227395,0
0.27498013,0.43795255,0.28706735,0
0.34623146,0.3125073,0.3412613,0
0.28020516,0.41835523,0.3014396,0
0.33635044,0.33558765,0.32806194,0
0.2181261,0.4921166,0.28975734,0
0.33180904,0.35389122,0.31429967,0
0.30447564,0.371922,0.32360247,0
0.388754,0.25732142,0.35392457,1
0.34617528,0.3192428,0.33458188,0
0.3720177,0.29716653,0.33081582,0
0.3276901,0.3417967,0.33051324,0
0.30912372,0.40387484,0.28700137,0
0.3293149,0.338951,0.33173415,0
0.37339592,0.26062152,0.36598253,0
0.30782342,0.3742424,0.3179342,0
0.33962086,0.33517727,0.3252019,0
0.37518007,0.26852024,0.35629973,1
0.43722558,0.25125992,0.3115145,1
0.36929727,0.2680407,0.3626621,0
0.30825746,0.36627084,0.32547173,0
0.3252691,0.34467137,0.33005956,0
0.32009032,0.3628232,0.31708646,0
0.3600358,0.3194441,0.3205202,0
0.2900371,0.40115997,0.308803,0
0.3739374,0.27035305,0.35570958,0
0.37187657,0.26965767,0.35846576,0
0.4084573,0.2633112,0.32823145,1
0.34530124,0.3189208,0.335778,0
0.25564143,0.45481166,0.28954694,0
0.31831667,0.35139957,0.33028376,0
0.34235758,0.32644266,0.3311998,0
0.32710472,0.3319044,0.34099084,0
0.31488347,0.3550429,0.33007362,0
0.32835373,0.33621848,0.33542782,0
0.3391603,0.32409978,0.33673996,0
0.38981766,0.3072732,0.30290917,1
0.34380147,0.3372427,0.31895584,0
0.31321192,0.3630265,0.32376152,0
0.37493452,0.26881477,0.35625067,0
0.3763645,0.2675139,0.3561216,1
0.37329236,0.2690794,0.3576282,0
0.31747684,0.3533281,0.32919502,0
0.330777,0.33163536,0.33758762,0
0.3572774,0.32557228,0.31715032,0
0.29390442,0.3942465,0.31184912,0
0.37601253,0.26844102,0.3555464,1
0.3548985,0.30090144,0.34420004,0
0.3760478,0.25886053,0.36509165,1
0.36026576,0.3329176,0.30681664,0
0.36907533,0.35637277,0.274552,0
0.2374562,0.4895991,0.2729447,0
0.21547815,0.5589669,0.22555497,0
0.3074678,0.37397927,0.318553,0
0.3729862,0.26903272,0.35798106,0
0.2985291,0.4057985,0.29567248,0
0.32408422,0.33199757,0.34391817,0
0.3448152,0.3136003,0.3415845,0
0.3738826,0.26917908,0.35693827,0
0.35586342,0.30958796,0.33454862,0
0.44643623,0.21650594,0.3370579,1
0.33204204,0.31489557,0.35306233,0
0.37798652,0.26017106,0.36184245,1
0.32114136,0.35083237,0.3280263,0
0.3445932,0.30902606,0.34638077,0
0.31810713,0.34281063,0.33908224,0
0.38278326,0.24281736,0.37439942,1
0.34776482,0.3302476,0.3219875,0
0.35107464,0.30748963,0.34143573,0
0.24089731,0.48029563,0.2788071,0
0.36375114,0.30588233,0.33036643,0
0.3451676,0.3140319,0.34080043,0
0.3246185,0.3412974,0.33408412,0
0.37512937,0.28000167,0.34486896,1
0.3069873,0.37350288,0.3195098,0
0.37480864,0.26806033,0.35713097,0
0.32187936,0.4090144,0.26910624,0
0.35967693,0.27334002,0.36698306,0
0.33611408,0.35306457,0.31082138,0
0.32449338,0.3311968,0.34430978,0
0.34295657,0.3304641,0.3265793,0
0.32571456,0.35113463,0.32315075,0
0.36532474,0.30696282,0.32771242,0
0.37297308,0.2656177,0.36140916,0
0.41877517,0.2922768,0.288948,1
0.34999624,0.3436414,0.30636236,0
0.3231443,0.3495509,0.32730472,0
0.37422398,0.31236336,0.3134126,0
0.4424765,0.26017815,0.29734528,1
0.37228975,0.26963896,0.3580713,0
0.36301988,0.31788966,0.31909052,0
0.37579396,0.27231267,0.35189334,1
0.41833216,0.30805448,0.2736134,1
0.3751699,0.28128117,0.34354886,1
0.4052584,0.39671808,0.19802354,1
0.36885917,0.2650258,0.36611503,0
0.12769125,0.6567138,0.21559489,0
0.38390055,0.25943467,0.35666478,1
0.36883962,0.26377463,0.36738577,0
0.37811357,0.30876783,0.31311858,1
0.3189214,0.3357853,0.34529337,0
0.27523825,0.4225316,0.30223015,0
0.362585,0.30916116,0.32825387,0
0.35011762,0.317912,0.33197042,0
0.43898526,0.21539201,0.34562266,1
0.3307687,0.33574584,0.33348545,0
0.37555823,0.26586688,0.35857493,1
0.37301156,0.26653743,0.36045104,0
0.38297838,0.26927084,0.3477508,1
0.37021512,0.25787234,0.3719125,0
0.37751636,0.25719684,0.36528686,1
0.3148767,0.3538268,0.3312965,0
0.38404703,0.24073164,0.3752213,0
0.36552757,0.34604117,0.28843126,0
0.355582,0.30017263,0.3442454,0
0.23702908,0.46396065,0.29901025,0
0.37161782,0.31280366,0.3155785,0
0.32545048,0.34631953,0.32822996,0
0.37724698,0.25937587,0.36337712,1
0.37352797,0.26752082,0.35895127,0
0.3563625,0.31863362,0.3250039,0
0.36166432,0.29895508,0.33938062,0
0.28673396,0.39965454,0.31361148,0
0.33617184,0.35169676,0.31213138,0
0.315367,0.40228647,0.28234646,0
0.24474983,0.47623926,0.27901086,0
0.2912281,0.39902297,0.30974898,0
0.28467667,0.40935096,0.30597246,0
0.29544854,0.40683696,0.2977145,0
0.27169237,0.43093613,0.29737145,0
0.32381627,0.34574953,0.33043423,0
0.3527549,0.29977706,0.34746808,0
0.30480155,0.42644438,0.26875407,0
0.30298936,0.40514678,0.29186383,0
0.37242344,0.26378605,0.36379045,0
0.3716063,0.2843092,0.34408453,0
0.30533764,0.37701494,0.3176474,0
0.3730885,0.26942626,0.3574852,0
0.3574098,0.29388043,0.3487098,0
0.37498915,0.26615015,0.35886073,0
0.3723288,0.29515883,0.3325124,0
0.3735068,0.26930913,0.35718408,0
0.32006437,0.3574376,0.322498,0
0.3384887,0.34057188,0.3209394,0
0.28704304,0.39558545,0.3173715,0
0.3292147,0.354232,0.3165533,0
0.34366903,0.31400296,0.34232795,0
0.35221726,0.31720966,0.33057302,0
0.25876045,0.45278108,0.28845853,0
0.33972624,0.3333201,0.32695362,0
0.34658834,0.35169706,0.30171457,0
0.26977354,0.43350062,0.29672578,0
0.32231748,0.34912494,0.32855752,0
0.3571768,0.29205206,0.3507712,0
0.33109033,0.33461815,0.33429155,0
0.32348132,0.3767059,0.29981267,0
0.31229192,0.39931038,0.28839767,0
0.3464253,0.34788588,0.30568886,0
0.37623286,0.2665143,0.35725293,1
0.36866197,0.26102847,0.37030965,0
0.32276845,0.3434966,0.33373493,0
0.28992444,0.39994082,0.31013474,0
0.35198936,0.35475674,0.2932539,0
0.3546558,0.28210968,0.3632345,0
0.3417678,0.31042916,0.34780306,0
0.3575701,0.29276025,0.34966967,0
0.2962693,0.3915111,0.31221965,0
0.33840773,0.3414957,0.32009655,0
0.3232675,0.34293577,0.3337967,0
0.28659254,0.45981255,0.25359488,0
0.23503168,0.4938547,0.27111366,0
0.310422,0.3647555,0.32482243,0
0.32295692,0.3438961,0.333147,0
0.37343636,0.2693335,0.35723013,0
0.37346306,0.26932424,0.35721263,0
0.37423778,0.26901704,0.35674518,0
0.37385896,0.26475936,0.36138168,0
0.41114363,0.2523751,0.33648124,1
0.3689432,0.25259018,0.3784666,-1
0.34636733,0.30004108,0.35359162,0
0.37842202,0.24111505,0.38046286,0
0.40046838,0.25574765,0.34378394,1
0.3669272,0.27341157,0.3596613,0
0.35249788,0.3306186,0.31688347,0
0.3554479,0.32417005,0.32038206,0
0.35679257,0.29921338,0.34399408,0
0.3014765,0.3822395,0.31628397,0
0.38167948,0.30983192,0.30848864,1
0.36096802,0.30452928,0.3345027,0
0.33715943,0.34473446,0.31810609,0
0.3290643,0.35474178,0.3161939,0
0.31976265,0.35319674,0.32704058,0
0.3516691,0.36170337,0.2866275,0
0.293076,0.3955263,0.31139764,0
0.3261882,0.34473264,0.32907915,0
0.37468383,0.2685743,0.3567419,0
0.36830884,0.2775665,0.35412472,0
0.31147882,0.36166406,0.3268571,0
0.3564307,0.3193651,0.32420415,0
0.34150434,0.34164223,0.31685343,0
0.37852615,0.26223394,0.35923997,1
0.37992403,0.2947244,0.32535157,1
0.34411037,0.315418,0.34047157,0
0.33475685,0.32666755,0.33857557,0
0.37100282,0.2549947,0.37400246,0
0.3675642,0.26825038,0.36418545,0
0.37301546,0.2687597,0.35822487,0
0.3725544,0.26109743,0.36634824,0
0.3828881,0.30193442,0.31517756,1
0.3784623,0.24107799,0.3804597,0
0.37558794,0.24735121,0.37706083,0
0.37250325,0.2990148,0.3284819,0
0.3721649,0.26836646,0.35946864,0
0.27114734,0.4287619,0.30009073,0
0.30144936,0.3720583,0.32649237,0
0.37655845,0.28556776,0.33787382,1
0.36359712,0.28832576,0.34807718,0
0.30975518,0.40148044,0.28876436,0
0.23092677,0.5010903,0.26798302,0
0.30761003,0.36648557,0.32590446,0
0.35361525,0.31336245,0.33302233,0
0.2702603,0.42924574,0.30049393,0
0.3167225,0.35878333,0.3244941,0
0.3487528,0.31052428,0.34072292,0
0.30806428,0.37239704,0.31953865,0
0.34696645,0.31514126,0.33789232,0
0.35761774,0.2798732,0.36250904,0
0.36326528,0.2721254,0.36460933,0
0.36505565,0.28648666,0.3484577,0
0.32455856,0.3285827,0.3468587,0
0.37775853,0.2551969,0.36704454,1
0.3797562,0.24885371,0.37139013,1
0.37469855,0.25230342,0.37299806,0
0.33988258,0.34007305,0.3200443,0
0.3183675,0.36529717,0.31633538,0
0.36009935,0.290467,0.34943363,0
0.38431972,0.23636566,0.37931466,0
0.34102386,0.33889633,0.32007983,0
0.30836618,0.4011784,0.29045543,0
0.36898637,0.27308637,0.3579273,0
0.4020981,0.24568278,0.35221916,1
0.26898053,0.4344981,0.2965214,0
0.26863036,0.436074,0.2952956,0
0.2898424,0.3971189,0.31303868,0
0.36166555,0.32962894,0.30870557,0
0.37450528,0.26877275,0.35672197,0
0.37811893,0.27570203,0.34617907,1
0.33760032,0.35120493,0.31119475,0
0.33645144,0.34000215,0.32354644,0
0.31149822,0.3504008,0.338101,0
0.29576877,0.4083853,0.29584596,0
0.35446015,0.32521504,0.3203248,0
0.31719634,0.35354805,0.32925555,0
0.3326669,0.3478059,0.31952724,0
0.37783307,0.32485268,0.29731426,1
0.36092833,0.300857,0.33821473,0
0.28084126,0.409947,0.3092118,0
0.37420353,0.2690408,0.3567557,0
0.3019364,0.38707545,0.31098816,0
0.26317245,0.44496366,0.29186392,0
0.2767609,0.40315512,0.320084,0
0.32438716,0.34924266,0.32637018,0
0.2599239,0.47116762,0.26890853,0
0.3160119,0.36057374,0.32341436,0
0.32912463,0.36325532,0.30762005,0
0.32277992,0.37038285,0.3068372,0
0.37356168,0.26929015,0.35714817,0
0.26313236,0.43633357,0.30053404,0
0.3094383,0.3739525,0.3166092,0
0.35377863,0.34251776,0.30370364,0
0.28461507,0.45067245,0.26471242,0
0.33880115,0.32239008,0.3388088,0
0.28361633,0.4584041,0.2579795,0
0.30100426,0.42484286,0.27415287,0
0.22332256,0.5199489,0.25672853,0
0.2659636,0.4336948,0.30034167,0
0.3107771,0.36757112,0.32165182,0
0.34636477,0.34249508,0.31114015,0
0.373619,0.26927033,0.35711065,0
0.37343633,0.2693335,0.3572301,0
0.37405092,0.26879358,0.35715553,0
0.37460676,0.26821658,0.3571767,0
0.3955767,0.3013001,0.30312324,1
0.32848313,0.33553383,0.3359831,0
0.30583587,0.36687973,0.32728443,0
0.33220994,0.3329535,0.33483654,0
0.32338104,0.34695923,0.3296598,0
0.3037192,0.36974514,0.32653567,0
0.3135451,0.3652581,0.32119676,0
0.3555534,0.3070029,0.3374437,0
0.37407324,0.2689038,0.357023,0
0.29656565,0.38101277,0.32242158,0
0.34144887,0.32709342,0.33145773,0
0.30033085,0.38487,0.3147991,0
0.30445215,0.37350696,0.32204083,0
0.32751757,0.3770212,0.29546124,0
0.3220833,0.3586328,0.31928384,0
0.32931924,0.33768702,0.33299375,0
0.34154725,0.31882426,0.33962846,0
0.33803645,0.34950173,0.31246176,0
0.31433642,0.35423967,0.33142394,0
0.3595887,0.30389246,0.33651882,0
0.3257028,0.34654757,0.3277497,0
0.34190416,0.30882943,0.34926635,0
0.35917777,0.31766543,0.3231569,0
0.3766522,0.2489131,0.37443468,1
0.37348503,0.2660063,0.3605087,0
0.38294193,0.26119888,0.3558592,1
0.4508435,0.28118268,0.2679738,1
0.3864208,0.23461944,0.37895975,0
0.26415285,0.4509837,0.2848634,0
0.3786334,0.24469613,0.37667048,0
0.22814003,0.48228496,0.28957498,0
0.34977233,0.32270923,0.32751846,0
0.33381596,0.31503746,0.35114655,0
0.3308164,0.31523588,0.35394773,0
0.37338746,0.2667473,0.35986516,0
0.31179762,0.36950713,0.31869522,0
0.37161937,0.30076358,0.32761702,0
0.31889862,0.35840875,0.32269257,0
0.3123131,0.3953675,0.2923194,0
0.31535855,0.35205042,0.33259103,0
0.37554222,0.26645255,0.35800526,1
0.40913257,0.2990665,0.2918009,1
0.34522086,0.31226784,0.3425113,0
0.3216881,0.35256064,0.32575122,0
0.38249305,0.25491807,0.36258885,1
0.39538863,0.32103777,0.28357357,1
0.37785047,0.27887902,0.34327048,1
0.37325636,0.30781832,0.31892532,0
0.38348997,0.31884757,0.29766253,1
0.30609816,0.36927956,0.3246222,0
0.3335573,0.3300616,0.3363811,0
0.33757323,0.35568243,0.30674434,0
0.2969075,0.38979957,0.31329295,0
0.31230646,0.36535808,0.32233542,0
0.3285033,0.33877015,0.3327266,0
0.29955763,0.39397365,0.30646873,0
0.30748895,0.36193198,0.33057904,0
0.3030437,0.41944936,0.27750695,0
0.36641365,0.28549805,0.34808832,0
0.20059597,0.5518341,0.24756992,0
0.37170142,0.26377672,0.36452183,0
0.3711648,0.32069612,0.30813915,0
0.2964179,0.39838508,0.3051971,0
0.28368536,0.41139212,0.30492246,0
0.30974633,0.37286574,0.31738803,0
0.2656489,0.43189025,0.30246076,0
0.31188732,0.3664057,0.32170695,0
0.36588526,0.28150758,0.35260716,0
0.37381586,0.2692022,0.356982,0
0.3632405,0.31671613,0.32004336,0
0.36409009,0.2755311,0.3603788,0
0.36132595,0.3591493,0.27952477,0
0.30886143,0.40036786,0.29077074,0
0.3675517,0.2791205,0.3533278,0
0.30724105,0.36713278,0.3256262,0
0.34645987,0.34499267,0.3085475,0
0.33104825,0.36131322,0.3076385,0
0.3294411,0.33898696,0.3315719,0
0.2651299,0.43077087,0.30409926,0
0.32180497,0.34734794,0.33084708,0
0.33392727,0.37664956,0.2894231,0
0.37590122,0.25969568,0.36440313,1
0.35641602,0.31976977,0.32381418,0
0.34978014,0.31822518,0.33199465,0
0.32290158,0.37377882,0.30331963,0
0.3472785,0.29548383,0.35723764,0
0.32994348,0.3362674,0.33378914,0
0.3375971,0.34928313,0.31311974,0
0.3154509,0.35950908,0.32504007,0
0.34641486,0.33456904,0.3190161,0
0.34600714,0.3225433,0.33144957,0
0.35951507,0.29403982,0.34644514,0
0.37723184,0.27272055,0.35004756,1
0.37230608,0.26936984,0.35832402,0
0.3769005,0.26747894,0.35562056,1
0.3154113,0.3519509,0.33263776,0
0.37625033,0.26274332,0.36100635,1
0.37235776,0.29727742,0.33036485,0
0.39896303,0.33623162,0.26480526,1
0.37522396,0.26741403,0.35736206,1
0.35181496,0.35067004,0.29751498,0
0.37539452,0.26551425,0.3590912,1
0.27878293,0.4064725,0.31474462,0
0.3255395,0.34586212,0.32859844,0
0.36972123,0.27674446,0.35353428,0
0.38068497,0.28189126,0.33742374,1
0.30658972,0.38008475,0.31332555,0
0.300191,0.38474593,0.31506312,0
0.32827052,0.3431086,0.32862088,0
0.3305051,0.3626649,0.30683005,0
0.28675783,0.42252922,0.2907129,0
0.29631796,0.38222778,0.32145423,0
0.25502202,0.44424376,0.30073416,0
0.3457752,0.31649524,0.33772954,0
0.3371705,0.32357895,0.3392505,0
0.3600507,0.3195367,0.32041258,0
0.3676286,0.3187801,0.31359136,0
0.3646341,0.28188384,0.35348204,0
0.37927285,0.26763618,0.35309097,1
0.37378436,0.26921308,0.35700256,0
0.35011455,0.30699724,0.34288824,0
0.35826662,0.31205243,0.32968095,0
0.36891904,0.33183777,0.29924315,0
0.24427712,0.47887367,0.2768492,0
0.29506844,0.389872,0.31505948,0
0.31877792,0.3555731,0.3256489,0
0.28630027,0.40199196,0.31170782,0
0.34445632,0.3183883,0.3371553,0
0.28749877,0.4075732,0.304928,0
0.33635366,0.32441846,0.3392279,0
0.35438076,0.33804566,0.30757356,0
0.34226635,0.36645216,0.29128155,0
0.37454078,0.2689512,0.35650805,0
0.26860273,0.45541298,0.27598423,0
0.34112233,0.3429245,0.3159532,0
0.37382475,0.27008095,0.35609424,0
0.33009753,0.3733161,0.29658633,0
0.3715354,0.2672166,0.36124802,0
0.3750799,0.2687448,0.35617533,1
0.37713236,0.26727176,0.3555959,1
0.38022467,0.2705198,0.34925562,1
0.3201777,0.37261438,0.30720785,0
0.3574512,0.32842386,0.314125,0
0.31812415,0.35028633,0.33158955,0
0.30313095,0.3733089,0.32356018,0
0.36708307,0.30761388,0.32530305,0
0.31670478,0.36491838,0.3183768,0
0.2836406,0.411219,0.30514032,0
0.3072548,0.37281418,0.3199311,0
0.35442778,0.3216754,0.32389683,0
0.3739091,0.2680589,0.35803196,0
0.37928182,0.26931998,0.3513982,1
0.3741672,0.2682395,0.35759324,0
0.35574338,0.33222485,0.3120318,0
0.3832904,0.27585858,0.34085107,1
0.31072617,0.37400812,0.31526572,0
0.37076113,0.25701556,0.37222326,0
0.33686808,0.33739772,0.32573423,0
0.33610582,0.34809324,0.31580094,0
0.35625777,0.3265102,0.317232,0
0.26156282,0.43021238,0.30822483,0
0.36711678,0.28163052,0.35125276,0
0.35521758,0.32966903,0.31511337,0
0.3733485,0.26847896,0.3581725,0
0.3661916,0.31470582,0.3191026,0
0.3739686,0.2894532,0.33657816,0
0.3923531,0.30386814,0.30377868,1
0.35917577,0.27922863,0.3615956,0
0.35757247,0.2942266,0.34820095,0
0.3770075,0.2748137,0.34817874,1
0.28719968,0.41139498,0.3014053,0
0.367477,0.26054737,0.3719757,0
0.3237177,0.34603173,0.33025053,0
0.31863788,0.3861523,0.2952098,0
0.3040466,0.4040324,0.29192102,0
0.32971638,0.3374346,0.332849,0
0.31359285,0.36298716,0.32341996,0
0.30853966,0.36894843,0.32251188,0
0.28045306,0.40814742,0.31139955,0
0.29396665,0.3884488,0.31758448,0
0.32863772,0.34223565,0.32912666,0
0.3271507,0.3410419,0.33180743,0
0.33475786,0.32954758,0.33569458,0
0.30110025,0.38317508,0.31572476,0
0.32495072,0.3427765,0.3322727,0
0.30669275,0.3908161,0.30249116,0
0.31752688,0.34973273,0.33274037,0
0.30271798,0.42082638,0.27645564,0
0.28585416,0.40157777,0.312568,0
0.29206556,0.39993784,0.30799663,0
0.29710478,0.3855087,0.31738657,0
0.32520807,0.34436443,0.3304275,0
0.34671986,0.34602767,0.30725256,0
0.30798542,0.38449812,0.3075165,0
0.27146977,0.46868,0.25985026,0
0.3184471,0.3776166,0.30393624,0
0.2994663,0.38629648,0.31423724,0
0.30818695,0.3685207,0.32329232,0
0.33318043,0.35395515,0.31286448,0
0.3215867,0.33886614,0.3395472,0
0.32395756,0.35124296,0.3247995,0
0.30865955,0.3709931,0.32034734,0
0.32502565,0.34489375,0.33008057,0
0.34939066,0.32705867,0.32355073,0
0.3094365,0.3577836,0.33277997,0
0.3240869,0.3678028,0.3081103,0
0.33812138,0.3585544,0.30332425,0
0.31505916,0.39596623,0.28897458,0
0.25857708,0.4507049,0.29071793,0
0.34945497,0.33046022,0.32008484,0
0.3585697,0.3017105,0.3397198,0
0.33624986,0.34200445,0.3217457,0
0.30434182,0.37860847,0.31704977,0
0.293045,0.43059945,0.2763555,0
0.22899292,0.5024337,0.26857337,0
0.22590187,0.50824815,0.26584998,0
0.31232643,0.37910423,0.30856937,0
0.36447856,0.3062013,0.3293201,0
0.27591082,0.4309247,0.29316446,0
0.23245683,0.49838874,0.26915443,0
0.33445254,0.32918498,0.3363625,0
0.3811489,0.31160396,0.3072471,1
0.3643692,0.28260836,0.3530224,0
0.30149463,0.39897138,0.29953393,0
0.3236125,0.3473383,0.32904917,0
0.3199672,0.38210553,0.29792723,0
0.25441772,0.4602023,0.28537998,0
0.2481131,0.4536019,0.298285,0
0.30299777,0.37599722,0.32100502,0
0.3039696,0.3788136,0.3172168,0
0.29896218,0.43255517,0.26848263,0
0.2757761,0.4242015,0.30002248,0
0.29926947,0.382719,0.31801152,0
0.36708292,0.27973425,0.3531829,0
0.31081197,0.36730868,0.32187936,0
0.32720283,0.346362,0.32643515,0
0.36333647,0.29632622,0.3403373,0
0.3568042,0.30829856,0.3348972,0
0.37380794,0.26905394,0.35713813,0
0.38556936,0.28176197,0.33266872,1
0.32582432,0.3410661,0.33310953,0
0.3326214,0.37018567,0.29719293,0
0.32878685,0.37688056,0.2943326,0
0.30525714,0.37148532,0.32325757,0
0.35087574,0.3138952,0.33522907,0
0.31958172,0.3534119,0.3270063,0
0.2752424,0.42507115,0.2996865,0
0.320445,0.34879708,0.33075798,0
0.3208781,0.34188333,0.33723858,0
0.2999368,0.42107156,0.27899158,0
0.3023957,0.38172916,0.3158752,0
0.29488716,0.37915224,0.3259606,0
0.33932173,0.34514973,0.31552854,0
0.32202375,0.3478982,0.33007807,0
0.31929052,0.3739726,0.30673686,0
0.34351406,0.31003058,0.34645534,0
0.34453914,0.3167419,0.33871895,0
0.35319984,0.30553973,0.34126043,0
0.37122867,0.2646758,0.36409557,0
0.2875465,0.39120656,0.32124695,0
0.3315089,0.36062256,0.3078685,0
0.3406112,0.33780873,0.32158005,0
0.32769558,0.3519722,0.32033226,0
0.28124157,0.4115072,0.30725121,0
0.3273824,0.34186268,0.33075494,0
0.31428853,0.40713128,0.2785801,0
0.32552052,0.33674416,0.33773533,0
0.35757872,0.36449698,0.27792424,0
0.37601134,0.32711494,0.2968737,1
0.28277725,0.4125588,0.30466402,0
0.21787761,0.51247555,0.26964685,0
0.29407358,0.41499588,0.29093054,0
0.27607378,0.47183865,0.25208756,0
0.25195187,0.46443534,0.2836128,0
0.28639758,0.4011434,0.31245896,0
0.3184212,0.35634896,0.3252298,0
0.3509963,0.30373108,0.34527257,0
0.309971,0.38716936,0.3028596,0
0.3158312,0.38610995,0.29805878,0
0.25136903,0.5240986,0.22453241,0
0.30633003,0.38139397,0.31227607,0
0.31217438,0.3648566,0.32296902,0
0.35171095,0.30270118,0.34558785,0
0.3679353,0.26454103,0.3675236,0
0.37434137,0.26895267,0.35670593,0
0.3450488,0.30824435,0.3467069,0
0.23309961,0.49446398,0.27243635,0
0.44259727,0.21285969,0.34454298,1
0.37594837,0.25374,0.37031165,1
0.3734972,0.25347048,0.3730323,0
0.2740144,0.42707488,0.2989108,0
0.38710186,0.23183256,0.3810656,0
0.37402576,0.3258307,0.3001436,0
0.28989983,0.3928681,0.3172321,0
0.25840363,0.46911183,0.27248457,0
0.33576494,0.33500034,0.32923463,0
0.3141572,0.35993344,0.32590935,0
0.2551406,0.45896405,0.28589538,0
0.33881986,0.34009475,0.32108548,0
0.28703237,0.40059027,0.3123774,0
0.3313323,0.33482143,0.33384633,0
0.3609776,0.29215246,0.3468699,0
0.38364998,0.24992165,0.36642838,1
0.3629288,0.2956608,0.3414104,0
0.3598912,0.2892199,0.35088882,0
0.3511885,0.31877014,0.33004135,0
0.35246915,0.3536618,0.29386908,0
0.37264514,0.25217637,0.3751784,-1
0.2224845,0.49726194,0.28025353,0
0.3740855,0.26547384,0.3604407,0
0.3723009,0.2680312,0.35966787,0
0.3867302,0.23309723,0.38017258,0
0.36532047,0.25820497,0.37647453,-1
0.37941292,0.24150476,0.3790823,0
0.37727806,0.26716658,0.35555536,1
0.32044357,0.37247905,0.30707738,0
0.27221444,0.41681182,0.3109738,0
0.355743,0.30422586,0.3400312,0
0.3083759,0.39636767,0.29525644,0
0.2780817,0.4416409,0.28027737,0
0.32144582,0.3482978,0.3302563,0
0.3554264,0.3637279,0.28084567,0
0.254808,0.45953357,0.2856584,0
0.2888705,0.39845043,0.31267902,0
0.34750998,0.3396959,0.31279418,0
0.34946865,0.30796772,0.3425636,0
0.32933298,0.33819997,0.33246705,0
0.33560854,0.34919378,0.31519774,0
0.37420768,0.26906654,0.3567258,0
0.38528937,0.269346,0.3453646,1
0.36910588,0.25997442,0.37091967,0
0.3740784,0.2684397,0.3574819,0
0.37674564,0.27133012,0.3519242,1
0.3673897,0.30463257,0.32797766,0
0.38459706,0.31108767,0.3043153,1
0.32803395,0.32298335,0.3489827,0
0.34162855,0.34795085,0.3104206,0
0.3077685,0.42668575,0.26554573,0
0.31018987,0.38042116,0.30938888,0
0.37550768,0.26709285,0.35739946,1
0.27656177,0.41853625,0.30490202,0
0.29713273,0.38952848,0.3133388,0
0.33965528,0.34176776,0.318577,0
0.3549697,0.30218455,0.34284577,0
0.26770383,0.44128087,0.29101536,0
0.3292291,0.3376736,0.33309728,0
0.35461873,0.3062206,0.3391607,0
0.3762,0.2618566,0.36194342,1
0.36805812,0.29916647,0.3327754,0
0.37158898,0.25815946,0.37025154,0
0.29227754,0.3942588,0.31346366,0
0.3792351,0.24759458,0.37317032,1
0.35087845,0.31305233,0.33606926,0
0.342448,0.34945828,0.30809373,0
0.3045919,0.37778428,0.31762382,0
0.3147529,0.35818642,0.32706067,0
0.3668161,0.26415786,0.36902606,0
0.37610376,0.26412222,0.35977402,1
0.37246832,0.26488364,0.36264798,0
0.33110437,0.3369732,0.33192238,0
0.32739463,0.32370245,0.34890288,0
0.32593963,0.3349448,0.33911553,0
0.33735305,0.3045132,0.3581338,0
0.35377803,0.3048755,0.34134644,0
0.36512697,0.31780875,0.31706432,0
0.33023706,0.3600703,0.3096926,0
0.37695187,0.2506175,0.3724306,1
0.40653992,0.27045885,0.3230013,1
0.29386094,0.3953039,0.31083512,0
0.37315676,0.26778093,0.35906228,0
0.38081434,0.23477349,0.38441214,0
0.32565388,0.35575366,0.3185925,0
0.2492905,0.46792075,0.2827887,0
0.32309797,0.3319459,0.34495616,0
0.26538643,0.4379606,0.296653,0
0.2546747,0.45568937,0.28963587,0
0.26543024,0.47623873,0.25833103,0
0.25060448,0.52744615,0.22194938,0
0.24972384,0.468272,0.28200415,0
0.33255628,0.3322491,0.33519456,0
0.3493102,0.32119268,0.32949716,0
0.3368172,0.3465346,0.31664816,0
0.31920555,0.38452378,0.29627064,0
0.22181037,0.51726794,0.2609217,0
0.32393706,0.35030374,0.3257592,0
0.33861005,0.3314147,0.32997534,0
0.29290122,0.39179534,0.31530342,0
0.30453995,0.37109885,0.32436118,0
0.33790538,0.34772563,0.31436902,0
0.30835456,0.37339216,0.3182533,0
0.2629093,0.45397657,0.2831142,0
0.2983238,0.38750926,0.31416693,0
0.35324875,0.33566397,0.31108725,0
0.31013265,0.36980686,0.32006043,0
0.31487718,0.36349064,0.32163218,0
0.33984575,0.33489576,0.32525858,0
0.3048253,0.37942174,0.31575295,0
0.35287723,0.32208306,0.32503974,0
0.378888,0.32198086,0.29913113,1
0.29829538,0.3762325,0.32547212,0
0.32040522,0.3801993,0.2993955,0
0.26891512,0.4883136,0.24277131,0
0.36895663,0.2739267,0.35711667,0
0.2913085,0.39526248,0.3134291,0
0.31025547,0.3643145,0.32543004,0
0.33145237,0.3507096,0.317838,0
0.33715093,0.3151175,0.3477316,0
0.34162346,0.31931132,0.33906522,0
0.33553594,0.32324812,0.34121597,0
0.37469348,0.26834497,0.35696146,0
0.37795424,0.31567597,0.3063698,1
0.32561228,0.34850648,0.32588127,0
0.36564896,0.30449453,0.3298565,0
0.2523489,0.46185106,0.2858001,0
0.3406053,0.33907616,0.32031852,0
0.33405247,0.3298825,0.336065,0
0.29085273,0.39279586,0.31635138,0
0.34779346,0.30953988,0.3426667,0
0.3660793,0.30989516,0.32402557,0
0.3380839,0.37405583,0.2878603,0
0.3749883,0.2683469,0.35666484,0
0.368848,0.31354678,0.31760523,0
0.3750094,0.26775402,0.3572366,1
0.31360295,0.3625688,0.32382822,0
0.35813993,0.27275604,0.3691041,0
0.37077898,0.2675795,0.36164153,0
0.37970337,0.24562475,0.37467188,1
0.37180468,0.26573464,0.3624607,0
0.3833799,0.2366514,0.3799687,0
0.36669132,0.32465369,0.30865502,0
0.3879668,0.2662085,0.34582472,1
0.33595726,0.3061826,0.35786018,0
0.4152513,0.25389838,0.33085033,1
0.3745245,0.2689288,0.3565467,0
0.38546196,0.24935825,0.3651798,1
0.37665665,0.25145003,0.3718933,1
0.3785667,0.2588208,0.36261246,1
0.3755073,0.26861626,0.35587642,1
0.38350987,0.24072427,0.37576586,0
0.3805002,0.2355716,0.38392824,0
0.38391262,0.24192083,0.37416658,1
0.31071827,0.37846875,0.31081292,0
0.3809217,0.24090743,0.37817088,0
0.3756968,0.2481018,0.37620136,0
0.38710186,0.23183256,0.3810656,0
0.37721798,0.2726674,0.35011458,1
0.3857943,0.23331013,0.38089558,0
0.29688504,0.3803267,0.32278824,0
0.341015,0.33468473,0.32430026,0
0.33219287,0.31536117,0.35244593,0
0.36557695,0.27494842,0.35947463,0
0.3403988,0.3609828,0.29861835,0
0.3732767,0.26930493,0.35741833,0
0.35517162,0.31462115,0.33020726,0
0.37899053,0.2535745,0.36743504,1
0.37241694,0.269576,0.35800713,0
0.3762617,0.26304027,0.36069804,1
0.41909358,0.32774696,0.25315952,1
0.3549895,0.32718918,0.3178213,0
0.371932,0.31765714,0.31041086,0
0.39909306,0.2930344,0.3078726,1
0.34770316,0.30860135,0.3436955,0
0.3308686,0.3717965,0.29733488,0
0.27757093,0.41374817,0.30868083,0
0.31169719,0.38963968,0.29866314,0
0.30717832,0.40091157,0.2919101,0
0.24547122,0.53970087,0.21482797,0
0.3353484,0.3505628,0.31408873,0
0.38529295,0.276828,0.3378791,1
0.34745863,0.30153117,0.35101023,0
0.30454594,0.37329674,0.32215732,0
0.3668812,0.29177254,0.34134623,0
0.3843709,0.26752123,0.3481079,1
0.34536123,0.30224138,0.35239738,0
0.39542672,0.25126916,0.35330415,1
0.35634756,0.30255988,0.34109256,0
0.28857315,0.3962645,0.3151624,0
0.35585165,0.3316452,0.31250313,0
0.38454044,0.2933321,0.32212752,1
0.37154892,0.26312318,0.3653279,0
0.3268797,0.34207615,0.33104414,0
0.3672518,0.29425883,0.33848935,0
0.37591064,0.26421115,0.3598782,1
0.27749452,0.41598555,0.30652002,0
0.31026587,0.35124433,0.33848986,0
0.38206282,0.27161783,0.3463194,1
0.35584006,0.32920936,0.31495047,0
0.37498468,0.2686159,0.35639945,0
0.34069705,0.33402276,0.32528022,0
0.32629392,0.35400844,0.31969765,0
0.2574762,0.4549712,0.28755262,0
0.3696412,0.27419943,0.35615933,0
0.34495094,0.3437484,0.31130067,0
0.3204588,0.38037798,0.2991632,0
0.22671643,0.50855005,0.2647335,0
0.35330987,0.33508775,0.31160235,0
0.3740161,0.273139,0.35284492,0
0.436487,0.2545382,0.30897474,1
0.37343633,0.2693335,0.3572301,0
0.37314442,0.2751277,0.3517279,0
0.37447926,0.26897246,0.35654825,0
0.37304938,0.31972614,0.30722448,0
0.36452213,0.26561248,0.36986545,0
0.33825153,0.35019204,0.3115564,0
0.38822895,0.23905894,0.37271214,1
0.37241262,0.26960593,0.3579814,0
0.3815793,0.24063501,0.3777857,0
0.3682511,0.2896264,0.34212247,0
0.33508438,0.30834505,0.35657054,0
0.37551135,0.25412002,0.37036866,1
0.38577077,0.23364687,0.3805823,0
0.36849976,0.2658443,0.36565596,0
0.3307288,0.35899663,0.3102746,0
0.3854481,0.23505598,0.3794959,0
0.1808066,0.5898532,0.22934026,0
0.27304786,0.49000636,0.23694581,0
0.35797134,0.3331009,0.3089278,0
0.37475878,0.31390634,0.3113349,0
0.37426186,0.27421674,0.35152137,0
0.27708694,0.42206815,0.30084488,0
0.3555453,0.31733885,0.3271159,0
0.32722268,0.3355426,0.3372348,0
0.32171407,0.3574985,0.32078746,0
0.3443715,0.31422603,0.34140247,0
0.37246537,0.2747063,0.35282826,0
0.33666888,0.31189856,0.35143256,0
0.3590057,0.30417567,0.33681864,0
0.37385735,0.31446314,0.31167948,0
0.2918824,0.39033633,0.3177813,0
0.40564522,0.2867901,0.30756462,1
0.24830504,0.46787116,0.28382385,0
0.25892848,0.43580726,0.30526423,0
0.33595794,0.32732886,0.3367131,0
0.32841766,0.3380155,0.33356684,0
0.33023015,0.33672592,0.33304393,0
0.3343069,0.35547277,0.3102203,0
0.36915767,0.26097372,0.3698686,0
0.26042604,0.44393143,0.29564255,0
0.27345583,0.44920146,0.27734277,0
0.3018984,0.45569065,0.24241097,0
0.2798801,0.4130768,0.3070431,0
0.2926162,0.39642388,0.31096002,0
0.24837755,0.49018985,0.2614326,0
0.25602767,0.48769876,0.25627357,0
0.2615077,0.44810843,0.2903839,0
0.3510809,0.31682804,0.3320911,0
0.3738818,0.26885816,0.35726002,0
0.3286189,0.36480936,0.30657175,0
0.29716492,0.38492236,0.3179127,0
0.3394943,0.32131323,0.33919248,0
0.30415845,0.37890205,0.31693947,0
0.34936953,0.33345172,0.31717882,0
0.35945675,0.3088066,0.3317367,0
0.32963195,0.3963748,0.27399322,0
0.3254409,0.36174935,0.3128097,0
0.32339668,0.38740817,0.2891951,0
0.31754136,0.3679825,0.31447613,0
0.26432142,0.44334045,0.29233804,0
0.25456458,0.45190102,0.29353446,0
0.35057488,0.30983493,0.33959022,0
0.3390816,0.37401664,0.2869018,0
0.31380174,0.3977894,0.28840894,0
0.33916858,0.32592636,0.33490512,0
0.3174818,0.39571127,0.28680694,0
0.41290596,0.31052667,0.27656737,1
0.3503101,0.33640897,0.31328094,0
0.20730168,0.51773167,0.27496666,0
0.3107987,0.38799623,0.30120504,0
0.30275947,0.38136706,0.3158734,0
0.30457085,0.40092394,0.29450518,0
0.30082,0.38298354,0.3161964,0
0.350081,0.3087947,0.34112427,0
0.35213545,0.33190376,0.3159608,0
0.37077388,0.2690616,0.36016452,0
0.34385556,0.35386398,0.30228052,0
0.31231552,0.36572617,0.32195827,0
0.34432104,0.34788406,0.30779496,0
0.2547344,0.4430795,0.30218604,0
0.24867138,0.47008824,0.28124034,0
0.21257934,0.5261689,0.26125175,0
0.3273758,0.3422732,0.33035102,0
0.34126076,0.32142848,0.33731073,0
0.25427386,0.4604489,0.28527722,0
0.24993546,0.44926336,0.3008012,0
0.37454647,0.26891327,0.35654023,0
0.33017957,0.36905274,0.30076766,0
0.32330048,0.36699125,0.30970833,0
0.31160408,0.3623034,0.32609248,0
0.36076596,0.2974456,0.34178847,0
0.29394984,0.39878112,0.307269,0
0.330611,0.330741,0.33864802,0
0.28995153,0.40145063,0.30859777,0
0.38551137,0.24120283,0.37328577,1
0.32105473,0.3652244,0.3137209,0
0.36273444,0.30060813,0.3366574,0
0.34198037,0.33154204,0.32647762,0
0.3087461,0.36945924,0.3217947,0
0.2961873,0.3876467,0.31616595,0
0.32202435,0.33549902,0.34247664,0
0.31370366,0.3476216,0.33867475,0
0.37441033,0.26883435,0.35675532,0
0.32337457,0.37365842,0.3029671,0
0.25339004,0.46760586,0.27900413,0
0.30460545,0.36575192,0.3296426,0
0.25225767,0.45848447,0.28925776,0
0.35292256,0.29295376,0.35412362,0
0.24310265,0.4641352,0.2927621,0
0.35962647,0.32355335,0.31682026,0
0.20368202,0.5208205,0.27549744,0
0.2927449,0.4073438,0.29991126,0
0.18752286,0.53861296,0.27386412,0
0.37026966,0.27221224,0.35751805,0
0.38345668,0.26910642,0.3474369,1
0.3171814,0.37647346,0.30634516,0
0.33882788,0.34332243,0.31784964,0
0.27333573,0.42564136,0.30102292,0
0.30732462,0.36720008,0.32547534,0
0.36904824,0.27698058,0.3539712,0
0.34212223,0.34774798,0.31012973,0
0.3740599,0.26911768,0.35682237,0
0.38704774,0.27261525,0.34033707,1
0.38059255,0.263706,0.3557014,1
0.3752728,0.26657742,0.35814983,1
0.41010776,0.2779397,0.31195256,1
0.3405096,0.31447518,0.34501523,0
0.38622582,0.23164795,0.38212618,0
0.31985286,0.3521989,0.3279482,0
0.37386188,0.2688149,0.35732323,0
0.3811256,0.28703848,0.3318359,1
0.36449307,0.2637624,0.37174442,0
0.3220199,0.34810254,0.32987753,0
0.37809247,0.24743074,0.3744768,1
0.35148808,0.29255876,0.35595316,0
0.38364035,0.23822567,0.3781339,0
0.37447152,0.26946592,0.35606256,0
0.21872236,0.52595204,0.25532556,0
0.33625874,0.35790342,0.30583775,0
0.24274822,0.5411271,0.21612468,0
0.22553958,0.5089483,0.26551214,0
0.3056626,0.3711145,0.323223,0
0.3778939,0.26375952,0.3583466,1
0.2963309,0.37633553,0.32733348,0
0.36548105,0.2966419,0.33787706,0
0.3744926,0.26775292,0.35775444,0
0.3797002,0.24872185,0.37157798,1
0.41626373,0.26725322,0.3164831,1
0.36587813,0.30850983,0.32561204,0
0.35400033,0.31109408,0.3349056,0
0.3699569,0.31313863,0.31690446,0
0.31481698,0.3600871,0.32509583,0
0.3414404,0.32644862,0.33211106,0
0.3795748,0.253023,0.3674021,1
0.26049945,0.44668508,0.29281542,0
0.29722407,0.38935333,0.31342265,0
0.30856568,0.37363195,0.31780243,0
0.29278126,0.39459082,0.31262788,0
0.28295854,0.42480022,0.2922413,0
0.30480427,0.37381062,0.32138517,0
0.32142034,0.37914062,0.29943907,0
0.3119872,0.39861572,0.28939703,0
0.31000972,0.36674684,0.32324344,0
0.3067598,0.40709233,0.2861479,0
0.25549927,0.45813262,0.28636807,0
0.3200279,0.39676914,0.28320304,0
0.30450985,0.41370052,0.28178963,0
0.32861653,0.34868628,0.32269722,0
0.29558235,0.38611242,0.31830522,0
0.38925165,0.27339098,0.3373574,1
0.36993274,0.26968485,0.3603824,0
0.35901323,0.29145265,0.34953412,0
0.38847506,0.2879441,0.3235808,1
0.37041804,0.26979858,0.35978335,0
0.33387867,0.35278684,0.31333447,0
0.36576226,0.2859776,0.3482601,0
0.37343636,0.26933348,0.35723013,0
0.26665682,0.43457955,0.29876366,0
0.34227732,0.3225581,0.3351645,0
0.34537116,0.3688458,0.2857831,0
0.30693164,0.37721387,0.3158545,0
0.28529543,0.4088198,0.30588475,0
0.34581473,0.32647002,0.32771522,0
0.35648122,0.3328924,0.3106264,0
0.2959255,0.38320413,0.3208703,0
0.3607447,0.28417715,0.35507816,0
0.37929738,0.24603228,0.37467033,1
0.35308558,0.30708736,0.33982706,0
0.28561544,0.40831167,0.3060729,0
0.29197836,0.39667842,0.3113432,0
0.3799578,0.24911661,0.3709256,1
0.2965034,0.42822638,0.27527022,0
0.23460884,0.49459815,0.27079296,0
0.35160634,0.30441904,0.34397456,0
0.33494562,0.30992925,0.35512516,0
0.2924615,0.39738908,0.31014937,0
0.3020057,0.39644903,0.30154526,0
0.26760235,0.43543258,0.296965,0
0.3119733,0.355695,0.3323317,0
0.3156695,0.3607633,0.32356712,0
0.37212712,0.27078637,0.35708648,0
0.31442034,0.36385977,0.32171986,0
0.2815995,0.4690492,0.24935132,0
0.29591444,0.38125908,0.3228265,0
0.29552564,0.45149136,0.25298303,0
0.31434628,0.36089495,0.32475874,0
0.23739064,0.5189418,0.24366762,0
0.21146882,0.535868,0.25266328,0
0.2432548,0.47947562,0.27726954,0
0.3065858,0.37588105,0.31753317,0
0.2970476,0.47308138,0.22987106,0
0.2699134,0.4339186,0.296168,0
0.3742786,0.26904202,0.35667944,0
0.34696957,0.30827844,0.34475192,0
0.34601787,0.31947643,0.3345057,0
0.2934476,0.38991776,0.31663457,0
0.3344997,0.36119035,0.30431002,0
0.33489043,0.3517203,0.3133892,0
0.37813285,0.27386722,0.3479999,1
0.36454618,0.30203837,0.33341542,0
0.27575558,0.42365813,0.3005863,0
0.31095114,0.3941535,0.29489544,0
0.29194146,0.39190593,0.31615257,0
0.28138208,0.415107,0.3035109,0
0.36173064,0.28527755,0.35299185,0
0.3050464,0.3786243,0.3163293,0
0.3223704,0.3492651,0.3283645,0
0.3261014,0.34805575,0.32584286,0
0.32500634,0.3365131,0.33848053,0
0.30208865,0.39507017,0.30284116,0
0.3011591,0.36769453,0.3311464,0
0.28741592,0.39651892,0.31606525,0
0.3425283,0.33451784,0.32295382,0
0.3628571,0.29446203,0.3426809,0
0.3822809,0.316247,0.30147213,1
0.37343636,0.2693335,0.35723013,0
0.27884462,0.41487572,0.3062797,0
0.3415263,0.32289776,0.3355759,0
0.373541,0.2692973,0.3571617,0
0.3750003,0.2706354,0.3543644,1
0.31265828,0.36482903,0.3225127,0
0.39314967,0.29891,0.30794036,1
0.3748975,0.26882762,0.35627487,0
0.44571117,0.25379872,0.3004901,1
0.3738358,0.26644656,0.3597176,0
0.32305616,0.35000744,0.3269364,0
0.29321897,0.3879248,0.3188563,0
0.29077885,0.4000437,0.3091775,0
0.32352898,0.3567832,0.31968775,0
0.28134432,0.45461828,0.26403743,0
0.3140889,0.41041,0.27550104,0
0.37506968,0.2682967,0.35663366,1
0.3007764,0.37474912,0.32447448,0
0.38613513,0.28514978,0.32871515,1
0.37422436,0.31370196,0.3120737,0
0.3443845,0.31834996,0.33726564,0
0.30602652,0.37049636,0.32347712,0
0.28264058,0.45138973,0.26596963,0
0.37306604,0.26943225,0.35750166,0
0.19020501,0.6226399,0.18715516,0
0.32378116,0.36673614,0.30948272,0
0.30575204,0.3594422,0.33480576,0
0.30697906,0.3740942,0.31892678,0
0.35376406,0.25096655,0.3952694,-1
0.37306967,0.26776585,0.3591645,0
0.33582747,0.36747798,0.29669458,0
0.32921943,0.335229,0.3355515,0
0.4854052,0.20052555,0.3140693,1
0.30803686,0.4076985,0.2842646,0
0.26626056,0.4683394,0.26540002,0
0.30186954,0.40348798,0.29464245,0
0.29100066,0.3979171,0.3110823,0
0.2985866,0.38733175,0.31408167,0
0.3737182,0.269236,0.35704586,0
0.33438715,0.33064196,0.3349709,0
0.32906118,0.3624867,0.30845216,0
0.3065609,0.36560795,0.3278312,0
0.3863323,0.25854123,0.3551265,1
0.24060759,0.48565197,0.27374047,0
0.31506205,0.36125883,0.3236791,0
0.27574158,0.42085382,0.30340463,0
0.2948579,0.43918008,0.26596212,0
0.31956384,0.3547203,0.32571584,0
0.3400431,0.3709853,0.28897166,0
0.33666524,0.37539113,0.2879436,0
0.17740047,0.5673205,0.25527906,0
0.36817437,0.27540225,0.35642335,0
0.31883714,0.35804135,0.32312152,0
0.3655673,0.28374147,0.3506912,0
0.3745554,0.26633787,0.35910672,0
0.386254,0.29251835,0.3212277,1
0.35386106,0.29900488,0.34713402,0
0.3749673,0.2852444,0.33978826,0
0.37670633,0.27971655,0.34357718,1
0.374402,0.26473996,0.36085808,0
0.37909126,0.29471743,0.32619128,1
0.34635806,0.32851323,0.32512867,0
0.35977453,0.30553243,0.3346931,0
0.3381918,0.3389038,0.32290444,0
0.35004786,0.3365131,0.313439,0
0.30772078,0.36868048,0.32359877,0
0.28604832,0.43746608,0.2764857,0
0.19991459,0.55581117,0.24427426,0
0.33140808,0.34783977,0.3207522,0
0.29476875,0.43186712,0.27336407,0
0.32807067,0.36067384,0.31125546,0
0.3322123,0.3962596,0.27152807,0
0.37302643,0.2650341,0.36193946,0
0.25955883,0.44762188,0.29281926,0
0.3534026,0.341724,0.30487344,0
0.32115898,0.355732,0.323109,0
0.33922112,0.33065918,0.33011967,0
0.31066588,0.36617628,0.32315782,0
0.3730986,0.27092007,0.35598132,0
0.3406087,0.32003257,0.33935872,0
0.30668786,0.3783307,0.3149814,0
0.35041282,0.32550916,0.32407802,0
0.38542858,0.25270608,0.3618653,1
0.34999207,0.321547,0.3284609,0
0.3408803,0.3408112,0.31830847,0
0.2912747,0.39822587,0.31049943,0
0.25500068,0.4570383,0.28796104,0
0.3090963,0.3694513,0.3214524,0
0.24548018,0.46206862,0.2924512,0
0.35668534,0.3276496,0.31566507,0
0.32204673,0.3938353,0.284118,0
0.26831797,0.4260434,0.30563858,0
0.3281313,0.3709525,0.30091622,0
0.3269508,0.3724939,0.30055526,0
0.3463676,0.31769177,0.3359407,0
0.33116156,0.33444116,0.33439732,0
0.34040576,0.34912348,0.31047076,0
0.32215208,0.37414056,0.3037073,0
0.2681685,0.43854737,0.29328418,0
0.37506205,0.26690206,0.35803592,1
0.3518069,0.33416665,0.31402642,0
0.37123746,0.30460832,0.32415414,0
0.39333454,0.26854813,0.33811733,1
0.3554927,0.28039047,0.3641168,0
0.37242937,0.2696612,0.3579094,0
0.39198896,0.27202585,0.33598518,1
0.26276192,0.48470885,0.25252923,0
0.3820763,0.23883191,0.3790918,0
0.22840808,0.48336354,0.28822833,0
0.32643977,0.34035316,0.3332071,0
0.3450539,0.35124213,0.303704,0
0.28892228,0.39513502,0.3159427,0
0.33714128,0.34762374,0.315235,0
0.3217068,0.3586174,0.3196758,0
0.32787195,0.367719,0.30440903,0
0.28974968,0.41445673,0.29579365,0
0.28267393,0.41302186,0.30430415,0
0.26405686,0.43386477,0.30207834,0
0.3624575,0.31952655,0.3180159,0
0.26933888,0.47354984,0.25711128,0
0.33203852,0.33491868,0.33304283,0
0.2714789,0.4284378,0.30008334,0
0.27401483,0.44226423,0.283721,0
0.22147577,0.5178645,0.2606597,0
0.2649684,0.43642423,0.29860735,0
0.26898772,0.43574187,0.29527044,0
0.3142025,0.37467805,0.31111953,0
0.34090334,0.35164234,0.30745435,0
0.2157042,0.52819633,0.25609952,0
0.30995226,0.42156783,0.26847988,0
0.28140464,0.49518755,0.22340773,0
0.31623566,0.3911134,0.29265088,0
0.32062593,0.41802654,0.2613475,0
0.3405233,0.31737918,0.34209758,0
0.33286983,0.3793966,0.28773358,0
0.32200116,0.34683448,0.3311644,0
0.34400597,0.34665784,0.30933625,0
0.3451733,0.35383758,0.30098912,0
0.38775983,0.256402,0.35583815,1
0.2807868,0.41530216,0.30391103,0
0.28089997,0.4158863,0.30321383,0
0.24608661,0.47415474,0.27975866,0
0.344531,0.37415934,0.28130966,0
0.27029526,0.43789032,0.29181445,0
0.27048987,0.4329514,0.2965588,0
0.27587774,0.44106597,0.28305635,0
0.31376645,0.35523936,0.33099416,0
0.23807368,0.48296168,0.2789647,0
0.31222752,0.3824457,0.30532682,0
0.31587374,0.36143613,0.32269016,0
0.29761747,0.38895676,0.3134258,0
0.30543894,0.37645188,0.31810924,0
0.31858125,0.38884926,0.2925695,0
0.29643297,0.39187706,0.31169006,0
0.28240404,0.4134571,0.30413878,0
0.30830523,0.40791544,0.28377938,0
0.30241737,0.4219735,0.27560908,0
0.2864803,0.42080662,0.2927131,0
0.3246493,0.3477051,0.3276456,0
0.25221735,0.48802924,0.25975347,0
0.36121738,0.29845396,0.34032863,0
0.2631667,0.4821549,0.25467837,0
0.29461208,0.38334894,0.32203898,0
0.3399968,0.32787022,0.332133,0
0.3266894,0.33717555,0.33613512,0
0.22862554,0.5051634,0.26621112,0
0.33947852,0.3432253,0.3172962,0
0.3734457,0.27361307,0.3529413,0
0.29249063,0.43351212,0.2739972,0
0.35544944,0.33611295,0.30843765,0
0.26614195,0.43256617,0.30129185,0
0.2922174,0.40324324,0.30453932,0
0.32670262,0.33797163,0.33532575,0
0.31413427,0.35895732,0.32690838,0
0.33591476,0.36391133,0.3001739,0
0.35131955,0.3270358,0.32164466,0
0.37621316,0.27217808,0.3516087,1
0.37835205,0.28603113,0.3356169,1
0.37246946,0.26637042,0.36116013,0
0.37402043,0.26913136,0.35684818,0
0.38403693,0.2636484,0.35231462,1
0.3751152,0.2601692,0.36471555,1
0.4079982,0.25758147,0.33442032,1
0.40349567,0.2763598,0.32014456,1
0.32879528,0.33449283,0.33671194,0
0.35088333,0.2862215,0.36289522,0
0.33643618,0.3167256,0.3468382,0
0.36085352,0.35316703,0.28597942,0
0.33039406,0.35873064,0.31087536,0
0.2590925,0.4299008,0.31100672,0
0.27774015,0.44162217,0.28063765,0
0.3448443,0.3452754,0.3098803,0
0.3087427,0.428424,0.26283327,0
0.34343928,0.35817823,0.29838246,0
0.38704658,0.30215788,0.31079555,1
0.2342426,0.46780542,0.29795197,0
0.32632208,0.34014505,0.33353293,0
0.30304322,0.3803299,0.31662688,0
0.33191344,0.3323429,0.33574364,0
0.37366855,0.26439583,0.36193562,0
0.4009997,0.2503704,0.34862992,1
0.36477563,0.28523412,0.34999025,0
0.28210253,0.41292208,0.30497536,0
0.32991517,0.3439838,0.326101,0
0.29304928,0.38692763,0.32002312,0
0.3369359,0.33447048,0.32859358,0
0.3565786,0.29874986,0.34467152,0
0.28161103,0.39940023,0.31898874,0
0.31832975,0.34477213,0.33689812,0
0.27571556,0.41996765,0.30431676,0
0.30416942,0.37320945,0.32262108,0
0.33538374,0.3276901,0.33692616,0
0.31486565,0.39168462,0.2934497,0
0.32155946,0.36285362,0.3155869,0
0.30371094,0.379166,0.31712312,0
0.3738033,0.32219604,0.3040006,0
0.31330222,0.40525103,0.28144673,0
0.33614033,0.35167453,0.31218508,0
0.27442458,0.43381134,0.29176408,0
0.3580582,0.31065318,0.3312886,0
0.31164208,0.35998568,0.3283722,0
0.35020357,0.3293462,0.32045028,0
0.3913947,0.30582938,0.3027759,1
0.2747076,0.43275654,0.29253593,0
0.35933536,0.29239142,0.34827325,0
0.31105652,0.36178243,0.32716104,0
0.37343636,0.2693335,0.35723013,0
0.33456904,0.32998663,0.33544427,0
0.36258185,0.2898629,0.34755528,0
0.2943848,0.3888173,0.3167979,0
0.34007716,0.33847266,0.32145017,0
0.33805096,0.30991814,0.35203087,0
0.24271116,0.47863224,0.2786567,0
0.2829839,0.40220508,0.31481102,0
0.31721574,0.35654634,0.32623786,0
0.32351318,0.33828935,0.3381974,0
0.2821101,0.41389844,0.3039915,0
0.30912519,0.38721162,0.30366328,0
0.2908254,0.4118511,0.29732355,0
0.23243234,0.49779877,0.26976886,0
0.32162884,0.34188515,0.33648604,0
0.36943462,0.27374294,0.35682243,0
0.36007553,0.30843166,0.33149278,0
0.32319033,0.34822053,0.32858914,0
0.3551174,0.3459508,0.2989318,0
0.37822583,0.26135048,0.36042368,1
0.3361084,0.36138314,0.3025085,0
0.29813206,0.37602007,0.32584783,0
0.32763842,0.3702262,0.30213538,0
0.38599804,0.23334146,0.38066053,0
0.3693159,0.27617067,0.35451344,0
0.37433743,0.26859447,0.35706806,0
0.3720663,0.2693754,0.3585583,0
0.36318964,0.26946136,0.3673489,0
0.33180118,0.3623294,0.30586946,0
0.2741475,0.4226073,0.30324516,0
0.3227472,0.36393723,0.31331563,0
0.35672638,0.35549954,0.28777403,0
0.29517078,0.3937226,0.31110665,0
0.33127633,0.3350676,0.33365604,0
0.27361286,0.41701844,0.3093686,0
0.28896093,0.39840323,0.31263587,0
0.31906256,0.40781844,0.27311903,0
0.28498697,0.44742697,0.26758608,0
0.28759614,0.46023703,0.25216687,0
0.23688287,0.49060422,0.27251288,0
0.2981361,0.3885244,0.31333953,0
0.3553861,0.36137432,0.2832396,0
0.2585671,0.45311058,0.2883224,0
0.39920387,0.30133134,0.29946485,1
0.374945,0.26873532,0.35631964,0
0.2540821,0.44382933,0.30208853,0
0.3739975,0.28308016,0.3429223,0
0.34339786,0.31538492,0.3412172,0
0.34289175,0.29515463,0.36195362,0
0.30785275,0.37286022,0.31928706,0
0.32367924,0.33144364,0.34487712,0
0.34405482,0.3153643,0.3405809,0
0.2359357,0.49106133,0.27300298,0
0.34319717,0.3546925,0.30211025,0
0.3512648,0.35305652,0.2956787,0
0.30588818,0.41016954,0.28394228,0
0.25914097,0.45116004,0.289699,0
0.30947968,0.43106538,0.259455,0
0.2663667,0.47842962,0.25520366,0
0.2895645,0.4063675,0.30406797,0
0.2899114,0.46469608,0.24539252,0
0.30572182,0.4028072,0.29147103,0
0.34147355,0.3861067,0.27241975,0
0.30207816,0.43029338,0.26762855,0
0.23859516,0.49562174,0.2657831,0
0.27603948,0.42981187,0.29414868,0
0.2933612,0.3954767,0.31116217,0
0.32416585,0.35476795,0.3210662,0
0.3268738,0.3411507,0.33197543,0
0.3215997,0.3644697,0.31393054,0
0.33958864,0.37379497,0.28661638,0
0.29887637,0.392786,0.30833766,0
0.3022982,0.3755885,0.32211328,0
0.30468613,0.3831186,0.3121953,0
0.29355973,0.42051083,0.28592944,0
0.31281468,0.36509225,0.322093,0
0.34038693,0.31992072,0.3396923,0
0.23487672,0.4941271,0.27099615,0
0.33086628,0.38611227,0.28302145,0
0.30426052,0.38128,0.31445944,0
0.29957724,0.43843058,0.26199225,0
0.27148739,0.43482786,0.2936847,0
0.3448988,0.36363384,0.29146737,0
0.29373816,0.4005675,0.3056943,0
0.33671713,0.38954857,0.27373436,0
0.26177925,0.43883038,0.2993904,0
0.26190293,0.44598567,0.29211137,0
0.2886459,0.47647396,0.2348802,0
0.25777045,0.4539122,0.2883174,0
0.22617912,0.5022546,0.27156624,0
0.28852832,0.46778068,0.24369106,0
0.337592,0.33641806,0.32598987,0
0.22806987,0.51308215,0.258848,0
0.32883415,0.34039354,0.33077228,0
0.2686268,0.43608,0.29529318,0
0.3336291,0.36407843,0.30229244,0
0.33084762,0.3774706,0.29168177,0
0.19635661,0.56364566,0.23999771,0
0.25413743,0.46068278,0.2851798,0
0.3498058,0.31856367,0.33163053,0
0.34562284,0.29835075,0.35602644,0
0.28549066,0.46314043,0.25136882,0
0.28284514,0.4635338,0.25362104,0
0.2899224,0.42420915,0.28586844,0
0.21479972,0.52982247,0.25537786,0
0.2638967,0.43593588,0.30016744,0
0.29774764,0.38914514,0.31310716,0
0.1742188,0.5754079,0.25037327,0
0.28094122,0.46787107,0.25118774,0
0.22878882,0.51516294,0.2560482,0
0.26765335,0.44595814,0.28638852,0
0.24288814,0.48011354,0.27699837,0
0.2909762,0.39672244,0.31230137,0
0.34331554,0.33769417,0.3189902,0
0.31172845,0.38332385,0.30494767,0
0.37388977,0.28353238,0.34257782,0
0.43226442,0.26209706,0.30563855,1
0.3754218,0.2761393,0.3484389,1
0.36339286,0.2966365,0.3399706,0
0.34275526,0.30653864,0.3507061,0
0.27039507,0.43311036,0.29649457,0
0.37993068,0.24999644,0.3700728,1
0.32586125,0.3797338,0.294405,0
0.37665886,0.25105935,0.37228176,1
0.29845908,0.37634334,0.32519758,0
0.30705905,0.36752695,0.32541397,0
0.23548798,0.49177456,0.27273753,0
0.3068856,0.36468014,0.32843426,0
0.2723552,0.42982674,0.29781798,0
0.30430683,0.3741971,0.32149604,0
0.34273133,0.35229757,0.30497116,0
0.27446148,0.45051357,0.27502498,0
0.2650134,0.44390315,0.2910835,0
0.30942318,0.40503225,0.28554457,0
0.33402598,0.36371702,0.30225703,0
0.2857164,0.44460443,0.2696792,0
0.26892832,0.42655453,0.3045171,0
0.2737934,0.5000049,0.22620173,0
0.31351086,0.35743335,0.32905585,0
0.3569846,0.29490802,0.34810746,0
0.34778348,0.33172098,0.3204955,0
0.31434113,0.3430136,0.34264523,0
0.37462428,0.2836545,0.3417212,0
0.34926432,0.3117777,0.33895797,0
0.4131382,0.2858529,0.30100888,1
0.276876,0.43448585,0.2886382,0
0.3348072,0.32555854,0.3396342,0
0.32846016,0.41601124,0.25552863,0
0.20847844,0.5390082,0.25251338,0
0.28685203,0.40359542,0.30955258,0
0.3404745,0.321236,0.33828953,0
0.31204534,0.397739,0.29021567,0
0.3326626,0.3341569,0.33318052,0
0.36570996,0.34144294,0.29284713,0
0.28131253,0.41521937,0.30346808,0
0.27576706,0.42444998,0.299783,0
0.28292733,0.39515442,0.32191822,0
0.34481713,0.3399868,0.31519604,0
0.2958548,0.3947735,0.30937165,0
0.34260565,0.34509104,0.31230325,0
0.2638675,0.43302286,0.30310962,0
0.33750662,0.3431783,0.31931508,0
0.368952,0.2765352,0.35451272,0
0.32741815,0.3357236,0.33685824,0
0.32524014,0.349351,0.32540888,0
0.33767346,0.3478389,0.31448764,0
0.34347057,0.33159316,0.32493627,0
0.31959447,0.3484149,0.33199063,0
0.30612823,0.37575158,0.31812018,0
0.32985616,0.3610084,0.3091354,0
0.31200388,0.40383664,0.28415948,0
0.33465964,0.31846106,0.34687927,0
0.28330204,0.40090168,0.3157963,0
0.31075576,0.35593694,0.33330733,0
0.35987252,0.31241375,0.32771373,0
0.37267607,0.25503716,0.3722868,0
0.36758983,0.29263863,0.33977157,0
0.37189922,0.27170038,0.3564004,0
0.27474976,0.42356688,0.3016834,0
0.29682037,0.37953937,0.3236403,0
0.32366297,0.3428831,0.33345395,0
0.36037394,0.28969327,0.34993276,0
0.35623077,0.3432596,0.30050966,0
0.3290043,0.36248976,0.30850592,0
0.23382674,0.48572597,0.28044724,0
0.37603673,0.27232763,0.35163566,1
0.35995904,0.35150734,0.28853363,0
0.29119352,0.43820912,0.27059743,0
0.22977446,0.4893276,0.28089792,0
0.34705672,0.3096593,0.34328395,0
0.3738681,0.26917487,0.35695705,0
0.32077768,0.34485784,0.33436444,0
0.26816806,0.41103467,0.32079726,0
0.37591788,0.26159027,0.36249182,1
0.2858032,0.4080136,0.30618316,0
0.32733163,0.33433023,0.33833817,0
0.28995648,0.44482875,0.26521483,0
0.30895948,0.3926522,0.2983883,0
0.27290577,0.42890614,0.29818815,0
0.343813,0.344593,0.31159395,0
0.3238904,0.34788573,0.32822388,0
0.34254348,0.316599,0.34085748,0
0.3589816,0.2921772,0.34884125,0
0.2908919,0.39522254,0.31388563,0
0.33835444,0.33253792,0.3291076,0
0.27814984,0.42123213,0.30061805,0
0.26119545,0.4467545,0.29205003,0
0.28553697,0.4558537,0.25860935,0
0.20190667,0.5397877,0.2583056,0
0.37349352,0.26821873,0.3582877,0
0.232656,0.47508153,0.29226238,0
0.36078516,0.28972208,0.34949273,0
0.37230977,0.26460868,0.3630815,0
0.37685916,0.28573388,0.337407,1
0.37536082,0.274157,0.3504822,1
0.32502764,0.34449524,0.33047712,0
0.38069016,0.28149146,0.33781847,1
0.35377663,0.28333294,0.36289036,0
0.30577397,0.3763175,0.3179085,0
0.27664924,0.41518956,0.30816114,0
0.30997485,0.36910087,0.32092428,0
0.37077448,0.3154815,0.313744,0
0.23353474,0.49648872,0.26997647,0
0.33786696,0.37804082,0.2840922,0
0.2669412,0.43677363,0.29628512,0
0.3216405,0.34458813,0.33377138,0
0.2896185,0.40183574,0.30854577,0
0.25673556,0.45623595,0.28702843,0
0.33637094,0.37780288,0.28582618,0
0.3456825,0.31762666,0.33669087,0
0.3057013,0.41507804,0.27922067,0
0.2959298,0.3929374,0.31113282,0
0.27834257,0.4200286,0.3016288,0
0.27449468,0.49496958,0.23053573,0
0.2907292,0.3985652,0.3107056,0
0.30765298,0.4257213,0.2666257,0
0.2704814,0.43296555,0.29655305,0
0.3391029,0.3705656,0.29033157,0
0.3000451,0.38547873,0.3144762,0
0.28424242,0.41049564,0.30526197,0
0.27105737,0.42195293,0.30698982,0
0.38383707,0.25940368,0.35675922,1
0.26507026,0.42967868,0.305251,0
0.31670105,0.35940257,0.32389647,0
0.24249595,0.47016057,0.2873435,0
0.30653104,0.3784872,0.3149818,0
0.2435874,0.4731444,0.28326824,0
0.29089916,0.39393678,0.315164,0
0.24567483,0.55130506,0.20302017,0
0.31285244,0.36411285,0.32303473,0
0.22435512,0.50697565,0.26866922,0
0.295725,0.39238334,0.3118916,0
0.30943236,0.3708874,0.3196802,0
0.32222497,0.40469006,0.273085,0
0.3135339,0.36829868,0.31816745,0
0.28390968,0.43587866,0.28021163,0
0.3713488,0.29750705,0.33114418,0
0.27769485,0.42679387,0.29551122,0
0.31572312,0.37445933,0.30981758,0
0.36670318,0.30600208,0.3272948,0
0.35100958,0.32776034,0.3212301,0
0.28002894,0.41722512,0.302746,0
0.24965006,0.4683992,0.2819507,0
0.33071133,0.33542657,0.33386204,0
0.28489432,0.4087843,0.3063214,0
0.35290697,0.30226442,0.34482858,0
0.36830905,0.29809818,0.3335927,0
0.27905026,0.4603926,0.2605572,0
0.2504379,0.466817,0.2827452,0
0.29670584,0.37615773,0.32713637,0
0.37835917,0.28465807,0.33698276,1
0.34132633,0.31907058,0.33960307,0
0.36324903,0.33625388,0.30049708,0
0.37457538,0.2687981,0.35662654,0
0.35547653,0.32630342,0.31822008,0
0.36222556,0.30636236,0.33141202,0
0.25861046,0.45303655,0.28835297,0
0.3722473,0.29523656,0.33251613,0
0.29246703,0.39502946,0.31250346,0
0.32378358,0.3505645,0.32565182,0
0.34917915,0.30782393,0.3429969,0
0.3177959,0.3874017,0.29480243,0
0.35479528,0.298571,0.34663367,0
0.24822155,0.45441067,0.29736784,0
0.3545161,0.30222842,0.34325543,0
0.37495932,0.2660929,0.35894778,0
0.3734062,0.25263602,0.37395772,0
0.3751093,0.2725124,0.35237837,1
0.35976502,0.29626343,0.34397158,0
0.2941203,0.39414245,0.31173718,0
0.3630646,0.31231427,0.32462114,0
0.3269289,0.35028142,0.32278967,0
0.25221807,0.46303353,0.28474846,0
0.30542922,0.36668375,0.32788712,0
0.3543473,0.31595477,0.329698,0
0.25891614,0.44619533,0.29488847,0
0.32148865,0.39971766,0.27879372,0
0.28477845,0.41119915,0.3040224,0
0.27095783,0.43215254,0.2968896,0
0.30972812,0.3772809,0.31299096,0
0.2830399,0.45661288,0.26034725,0
0.25285545,0.46288258,0.28426197,0
0.3078306,0.37789008,0.31427932,0
0.3396919,0.37795028,0.28235778,0
0.28630748,0.40382165,0.3098709,0
0.37294614,0.27748755,0.3495663,0
0.373741,0.26887736,0.35738167,0
0.40031627,0.31270415,0.28697956,1
0.3723402,0.2942784,0.33338133,0
0.3619388,0.33590627,0.3021549,0
0.33878696,0.36899358,0.29221946,0
0.37231913,0.2685082,0.3591726,0
0.36820582,0.2779835,0.3538107,0
0.3411833,0.3530109,0.3058058,0
0.3264421,0.36704212,0.30651584,0
0.30698505,0.3971881,0.29582688,0
0.29702792,0.38441002,0.31856212,0
0.31540772,0.39420953,0.2903827,0
0.39908314,0.30562562,0.29529124,1
0.3693927,0.27030125,0.36030602,0
0.37501833,0.26851115,0.35647053,1
0.37131336,0.28967398,0.33901265,0
0.32398814,0.37329057,0.3027213,0
0.30971667,0.3613299,0.3289534,0
0.2878714,0.3960799,0.31604862,0
0.27495435,0.42554078,0.29950485,0
0.28789085,0.39427704,0.31783208,0
0.29191107,0.38847497,0.31961396,0
0.25706467,0.4829356,0.2599997,0
0.28479397,0.40961656,0.30558944,0
0.2861345,0.39409757,0.31976798,0
0.3590373,0.29360387,0.3473588,0
0.37454158,0.27066627,0.3547922,0
0.3071394,0.3710503,0.3218103,0
0.34408256,0.33547592,0.3204415,0
0.33376554,0.38304356,0.28319088,0
0.40447393,0.2405355,0.35499054,1
0.35334572,0.30453655,0.34211782,0
0.30565447,0.3765085,0.31783703,0
0.2923356,0.39982617,0.30783826,0
0.27580824,0.41886425,0.3053275,0
0.31832734,0.35494152,0.32673115,0
0.33998033,0.3205053,0.33951446,0
0.30726603,0.40465537,0.28807858,0
0.25436026,0.46030077,0.2853389,0
0.28937328,0.46156266,0.24906401,0
0.27870545,0.41047594,0.31081858,0
0.27908513,0.4079219,0.31299296,0
0.26082885,0.45608076,0.28309032,0
0.32634884,0.35761142,0.3160398,0
0.26562044,0.49841267,0.23596689,0
0.2420403,0.53318375,0.22477593,0
0.3123727,0.40533033,0.28229696,0
0.2786555,0.4596252,0.2617193,0
0.35637933,0.29581112,0.34780946,0
0.2992137,0.46671203,0.23407428,0
0.30397418,0.38253784,0.31348792,0
0.31294462,0.35899618,0.32805914,0
0.2864237,0.40713286,0.30644336,0
0.28586298,0.40027103,0.31386605,0
0.27234945,0.4287185,0.29893208,0
0.36019003,0.2899332,0.3498768,0
0.36110637,0.30797854,0.330915,0
0.33734632,0.33754736,0.32510635,0
0.2932993,0.38980666,0.31689405,0
0.3026801,0.39808837,0.2992315,0
0.3040522,0.36921996,0.32672787,0
0.26892897,0.4244982,0.30657285,0
0.29962373,0.43463615,0.2657401,0
0.35275826,0.3041306,0.3431112,0
0.29122788,0.3964279,0.31234416,0
0.29538807,0.39025483,0.31435707,0
0.33301336,0.373591,0.29339567,0
0.32100248,0.34796676,0.33103076,0
0.31655347,0.36973467,0.31371188,0
0.2705445,0.47991955,0.249536,0
0.3827625,0.33457962,0.28265792,1
0.20333324,0.5233132,0.27335358,0
0.24909973,0.49680865,0.2540916,0
0.36414835,0.34534872,0.2905029,0
0.15162344,0.6105588,0.2378178,0
0.18511586,0.55609435,0.25878978,0
0.3193479,0.36555192,0.31510022,0
0.34668365,0.32661504,0.32670128,0
0.3452924,0.33436897,0.32033858,0
0.31573692,0.3632846,0.3209785,0
0.26186135,0.44045314,0.29768556,0
0.24925363,0.4705413,0.28020507,0
0.23002613,0.5028966,0.2670773,0
0.21149753,0.50681996,0.28168255,0
0.3035459,0.37996882,0.31648526,0
0.23280331,0.463787,0.30340964,0
0.23320791,0.4970646,0.2697275,0
0.21162663,0.53528565,0.25308764,0
0.29329947,0.4569179,0.24978264,0
0.22496904,0.5336467,0.24138427,0
0.30356205,0.4215625,0.27487546,0
0.25184658,0.44734195,0.30081144,0
0.29459196,0.38261446,0.3227935,0
0.28919443,0.39504826,0.31575724,0
0.2534989,0.46177804,0.2847231,0
0.33146733,0.3603606,0.30817208,0
0.367119,0.28298235,0.34989858,0
0.42562494,0.2766356,0.29773942,1
0.37394753,0.26915663,0.35689583,0
0.3331573,0.33127704,0.33556566,0
0.31364956,0.3821688,0.30418167,0
0.37363395,0.26896492,0.3574012,0
0.32980406,0.38302803,0.28716788,0
0.30690646,0.37348098,0.31961262,0
0.27660406,0.41403863,0.30935732,0
0.2680538,0.43510243,0.29684383,0
0.30497342,0.37695333,0.3180732,0
0.33001164,0.34080645,0.32918194,0
0.31521276,0.398693,0.28609425,0
0.25119314,0.46574056,0.28306627,0
0.2781075,0.4426591,0.27923334,0
0.27141085,0.46864045,0.2599487,0
0.26233506,0.5004418,0.23722327,0
0.27784842,0.41651765,0.30563393,0
0.20264366,0.5520253,0.24533102,0
0.31939837,0.39935666,0.28124496,0
0.3175226,0.39430553,0.28817192,0
0.27115107,0.42661512,0.30223382,0
0.29398018,0.39511707,0.31090277,0
0.33168322,0.38122344,0.2870934,0
0.25456178,0.45922792,0.28621036,0
0.32636473,0.38109788,0.29253733,0
0.36465943,0.27661073,0.3587298,0
0.3699872,0.29276085,0.33725196,0
0.3403322,0.34497005,0.3146977,0
0.30031332,0.42026365,0.279423,0
0.2902264,0.38821045,0.3215632,0
0.25705835,0.45461202,0.28832966,0
0.3505491,0.3086558,0.34079513,0
0.29419658,0.3922946,0.31350887,0
0.2992121,0.43491837,0.2658696,0
0.28475362,0.40835938,0.306887,0
0.29209614,0.41005763,0.29784623,0
0.28280845,0.41111445,0.30607712,0
0.26417458,0.44358897,0.29223654,0
0.28957433,0.4385644,0.27186128,0
0.3008439,0.38469234,0.31446376,0
0.25193515,0.45542383,0.29264104,0
0.29948294,0.3861852,0.3143319,0
0.25761124,0.5096283,0.23276044,0
0.30213672,0.38353258,0.31433067,0
0.24569431,0.5191326,0.23517305,0
0.31502217,0.40556407,0.2794138,0
0.31417158,0.38820085,0.2976276,0
0.2808279,0.41692555,0.30224654,0
0.322403,0.39021006,0.28738698,0
0.37299308,0.26806328,0.35894364,0
0.31782404,0.35676953,0.32540646,0
0.33028334,0.3456246,0.3240921,0
0.31891957,0.393007,0.2880734,0
0.26052403,0.45562842,0.2838475,0
0.3709996,0.27411506,0.35488543,0
0.34118563,0.30490503,0.35390928,0
0.3285989,0.36560464,0.30579647,0
0.30047637,0.38587058,0.31365305,0
0.32932347,0.34008023,0.3305963,0
0.261788,0.44246107,0.29575092,0
0.30121225,0.37384212,0.32494563,0
0.3230738,0.34660304,0.33032313,0
0.2991873,0.40154403,0.2992687,0
0.3166978,0.36988536,0.3134168,0
0.26180083,0.4375986,0.30060062,0
0.34373778,0.3163193,0.33994293,0
0.35520163,0.31159604,0.33320233,0
0.2507354,0.4576026,0.29166204,0
0.29226786,0.3891033,0.31862882,0
0.35416585,0.2973269,0.3485073,0
0.31889194,0.35662928,0.3244788,0
0.26209033,0.4521261,0.28578368,0
0.3415756,0.33262023,0.32580417,0
0.31570467,0.353844,0.33045128,0
0.33971485,0.32063702,0.33964813,0
0.3888598,0.31983584,0.29130432,1
0.37836832,0.29943815,0.32219353,1
0.24684949,0.4684504,0.2847001,0
0.33784038,0.37193358,0.29022607,0
0.37343636,0.26933348,0.35723013,0
0.2819487,0.4134063,0.304645,0
0.3234174,0.35775387,0.31882873,0
0.30521262,0.37719157,0.31759584,0
0.32482633,0.3520074,0.3231663,0
0.35103503,0.31133115,0.33763382,0
0.3700529,0.28484628,0.34510085,0
0.2560729,0.45736867,0.28655842,0
0.2924917,0.3876957,0.31981266,0
0.30753967,0.37511817,0.31734213,0
0.31710917,0.39196494,0.29092583,0
0.33690444,0.32274094,0.3403546,0
0.35209033,0.3914509,0.25645876,0
0.30673602,0.38557434,0.3076897,0
0.2629178,0.44537464,0.29170758,0
0.29190826,0.41294575,0.29514605,0
0.37343636,0.26933348,0.35723013,0
0.31878695,0.35655224,0.3246608,0
0.37330034,0.27172413,0.3549756,0
0.30265614,0.37712464,0.32021922,0
0.32315972,0.37750813,0.29933223,0
0.373483,0.26885763,0.3576594,0
0.3576545,0.32868478,0.3136607,0
0.3443621,0.33910766,0.31653023,0
0.3502244,0.3375225,0.31225306,0
0.24470596,0.47581673,0.2794773,0
0.31622884,0.39520317,0.288568,0
0.31366166,0.40100065,0.2853376,0
0.16769643,0.6146278,0.21767576,0
0.2606008,0.44221672,0.2971825,0
0.36587867,0.2810755,0.3530458,0
0.30593604,0.37570414,0.31835985,0
0.30021432,0.42201653,0.27776924,0
0.30252984,0.38251278,0.31495732,0
0.3236841,0.377414,0.29890192,0
0.26832882,0.4365812,0.29509,0
0.32490605,0.35878515,0.31630886,0
0.33730343,0.36296675,0.29972976,0
0.32744104,0.35318178,0.31937727,0
0.33944595,0.32138836,0.33916578,0
0.30201396,0.37557304,0.32241297,0
0.35828534,0.3366583,0.3050563,0
0.31806764,0.35411838,0.327814,0
0.34857523,0.32791576,0.32350898,0
0.32367963,0.3403206,0.3359998,0
0.31350482,0.36292818,0.323567,0
0.3113626,0.3606152,0.32802227,0
0.3282049,0.38087773,0.29091734,0
0.33427387,0.33473074,0.3309954,0
0.23621695,0.48999634,0.27378666,0
0.3727736,0.26425394,0.36297247,0
0.29997918,0.38528222,0.3147386,0
0.29698128,0.39025626,0.3127625,0
0.3274605,0.34248173,0.33005774,0
0.28175727,0.40581134,0.31243137,0
0.2695586,0.48285517,0.24758631,0
0.33575627,0.367123,0.29712078,0
0.23164722,0.5218845,0.24646823,0
0.31235301,0.36582604,0.32182086,0
0.2991875,0.42923665,0.27157578,0
0.29744652,0.38807386,0.31447965,0
0.27739304,0.46471202,0.25789496,0
0.29524192,0.4012692,0.30348885,0
0.29689336,0.38939756,0.31370902,0
0.3003484,0.37923062,0.32042098,0
0.32285944,0.3511946,0.325946,0
0.33393848,0.3300055,0.33605605,0
0.3193236,0.37597668,0.30469972,0
0.36203685,0.32948694,0.3084763,0
0.3597493,0.29429904,0.34595165,0
0.3650841,0.315639,0.31927687,0
0.31384858,0.35513553,0.33101588,0
0.27413857,0.4594541,0.26640737,0
0.3162004,0.38278976,0.30100986,0
0.2872415,0.4014045,0.31135404,0
0.29593065,0.40617222,0.2978971,0
0.2857427,0.4081097,0.30614766,0
0.25432822,0.4671408,0.27853093,0
0.35770953,0.29361084,0.3486797,0
0.2509497,0.46615964,0.28289062,0
0.310134,0.3713035,0.31856254,0
0.2852581,0.40431336,0.31042856,0
0.3027883,0.36272898,0.33448276,0
0.32330865,0.37606105,0.30063033,0
0.17800444,0.5980971,0.22389847,0
0.20688787,0.5392519,0.25386024,0
0.2500625,0.5281272,0.22181024,0
0.3147568,0.38939396,0.2958492,0
0.2799527,0.4303834,0.28966394,0
0.31218815,0.38166606,0.30614576,0
0.3477134,0.2990653,0.35322127,0
0.28334317,0.41194326,0.30471352,0
0.3029267,0.43196863,0.2651047,0
0.2930585,0.4604598,0.2464817,0
0.40629354,0.28619716,0.30750933,1
0.26058817,0.45314398,0.2862678,0
0.33322066,0.34902158,0.31775776,0
0.3465468,0.3700989,0.2833543,0
0.33156708,0.37246168,0.29597127,0
0.24363764,0.4723265,0.2840359,0
0.32047394,0.3518429,0.3276831,0
0.35929117,0.31790495,0.32280383,0
0.33272365,0.34422892,0.32304746,0
0.3365724,0.32588372,0.3375439,0
0.30508956,0.43537778,0.25953266,0
0.2953384,0.43457446,0.27008715,0
0.23937638,0.49342513,0.26719847,0
0.2953647,0.45274422,0.2518911,0
0.31368092,0.37210637,0.31421277,0
0.32838476,0.3708642,0.30075103,0
0.21030512,0.5379882,0.2517067,0
0.3925927,0.28030616,0.3271012,1
0.3606531,0.3195117,0.31983522,0
0.32130435,0.35079616,0.32789952,0
0.23400378,0.55174357,0.21425271,0
0.20873414,0.53933924,0.25192657,0
0.35486832,0.30339125,0.34174043,0
0.34920198,0.32734847,0.32344958,0
0.32912433,0.33745468,0.33342096,0
0.22116065,0.5180861,0.2607533,0
0.30522445,0.36691496,0.32786053,0
0.34772673,0.3719712,0.28030205,0
0.3460701,0.3391579,0.31477198,0
0.3648129,0.28608304,0.34910408,0
0.35964128,0.36606297,0.27429578,0
0.304723,0.3786659,0.3166111,0
0.25987017,0.43535653,0.30477324,0
0.33938947,0.3640281,0.29658246,0
0.30930632,0.37709704,0.31359664,0
0.19123913,0.5563107,0.25245023,0
0.37343636,0.2693335,0.35723013,0
0.3080527,0.4049228,0.28702453,0
0.24729443,0.47246826,0.28023726,0
0.37266764,0.2723594,0.35497293,0
0.36691296,0.27985924,0.3532278,0
0.31930682,0.38166758,0.29902554,0
0.32684395,0.34165236,0.33150372,0
0.39887226,0.2968387,0.30428904,1
0.34720883,0.3288834,0.32390782,0
0.36053354,0.28827727,0.3511892,0
0.34491596,0.32934758,0.3257364,0
0.33296272,0.330753,0.33628428,0
0.34569326,0.32373038,0.33057633,0
0.32826182,0.34178862,0.32994965,0
0.29375017,0.41543552,0.29081428,0
0.28176662,0.4112897,0.30694368,0
0.28141576,0.40923488,0.3093493,0
0.26396585,0.44394204,0.2920921,0
0.30944866,0.36944225,0.3211091,0
0.3369103,0.3253648,0.33772483,0
0.31872213,0.35507753,0.32620034,0
0.34002313,0.34374967,0.31622717,0
0.2972583,0.38992777,0.31281397,0
0.30313188,0.36277077,0.33409742,0
0.31369326,0.3964031,0.28990367,0
0.28113753,0.40686643,0.311996,0
0.25300857,0.45480725,0.29218414,0
0.34593248,0.31404543,0.3400221,0
0.33833686,0.34255907,0.31910405,0
0.31609458,0.37558833,0.30831715,0
0.31905437,0.3558082,0.3251375,0
0.3468113,0.29738906,0.35579967,0
0.32418638,0.34236297,0.33345068,0
0.37064233,0.26378307,0.36557457,0
0.35049716,0.29073042,0.3587724,0
0.36990964,0.31173941,0.31835097,0
0.3053009,0.3804372,0.31426194,0
0.29729173,0.4006524,0.3020558,0
0.34260225,0.29958698,0.3578108,0
0.3775084,0.3061058,0.31638587,1
0.32192612,0.34225655,0.3358173,0
0.30345392,0.364089,0.33245704,0
0.32768482,0.37227273,0.3000425,0
0.3616629,0.2886246,0.3497125,0
0.36351383,0.27333716,0.36314896,0
0.37337887,0.2717178,0.35490337,0
0.28601193,0.4029435,0.31104457,0
0.356175,0.29212555,0.35169944,0
0.2395689,0.4842055,0.27622554,0
0.28324097,0.41205892,0.3047001,0
0.35460353,0.30570227,0.33969423,0
0.26562947,0.50672406,0.2276465,0
0.20668739,0.5445997,0.24871293,0
0.32190382,0.42819154,0.24990462,0
0.2876531,0.40475738,0.30758953,0
0.2854203,0.40373135,0.31084833,0
0.2566925,0.45630956,0.2869979,0
0.28777832,0.41086605,0.3013556,0
0.37423587,0.27090225,0.35486192,0
0.2948911,0.39878362,0.3063253,0
0.33360523,0.33771786,0.32867688,0
0.30296776,0.38051444,0.31651777,0
0.3048894,0.43296078,0.26214978,0
0.23718204,0.48844278,0.27437526,0
0.3322396,0.41587105,0.25188938,0
0.3504464,0.30053687,0.3490167,0
0.33555672,0.333453,0.33099028,0
0.3279913,0.3408313,0.33117735,0
0.32525006,0.36950272,0.30524725,0
0.27985975,0.47141922,0.24872103,0
0.27253324,0.44130844,0.2861583,0
0.20681892,0.5415019,0.25167924,0
0.34246615,0.34157786,0.31595597,0
0.28894845,0.40303376,0.30801776,0
0.32548097,0.3509906,0.32352844,0
0.29136157,0.47207648,0.236562,0
0.30343193,0.3976308,0.2989373,0
0.2902063,0.40104896,0.30874473,0
0.32202747,0.35351807,0.32445446,0
0.37056777,0.2668271,0.36260512,0
0.3713316,0.26924348,0.35942495,0
0.4314184,0.3103111,0.25827047,1
0.3326131,0.33809328,0.3292937,0
0.22628444,0.48162583,0.29208976,0
0.26809192,0.43697977,0.2949283,0
0.29636052,0.38668102,0.31695846,0
0.35903186,0.28695607,0.354012,0
0.28633645,0.40443972,0.30922383,0
0.33237556,0.33334613,0.3342784,0
0.32184428,0.34984532,0.3283104,0
0.37422562,0.26872033,0.35705402,0
0.35531226,0.31413183,0.33055598,0
0.24164148,0.47463834,0.28372023,0
0.3419446,0.3421816,0.31587374,0
0.37214231,0.33333644,0.29452118,0
0.3080468,0.36223572,0.32971746,0
0.24169883,0.47922865,0.2790725,0
0.26802778,0.4310728,0.30089933,0
0.3240652,0.37008473,0.30585003,0
0.34201062,0.31722292,0.34076643,0
0.37343633,0.26933348,0.3572301,0
0.37554222,0.2683017,0.3561561,1
0.3486182,0.30724087,0.34414092,0
0.3752855,0.31158984,0.3131247,1
0.34503886,0.30823722,0.34672388,0
0.2907421,0.38898283,0.32027507,0
0.32067716,0.36492816,0.31439465,0
0.26448905,0.48783824,0.24767263,0
0.29808056,0.38395298,0.31796646,0
0.37287483,0.313758,0.31336716,0
0.16166662,0.6276983,0.2106351,0
0.31863907,0.37710088,0.30426002,0
0.35992366,0.31696153,0.3231148,0
0.3099209,0.37399685,0.31608224,0
0.33327588,0.3664593,0.3002648,0
0.33456615,0.33603898,0.3293949,0
0.29983565,0.3858124,0.31435192,0
0.3212585,0.35935715,0.3193844,0
0.31080803,0.40826198,0.28093,0
0.30905104,0.38265195,0.308297,0
0.3113183,0.39664745,0.2920343,0
0.1812879,0.5915857,0.22712635,0
0.28684714,0.40165552,0.31149733,0
0.35464713,0.29948828,0.34586462,0
0.29374027,0.38783413,0.3184256,0
0.32551184,0.37904772,0.29544047,0
0.31224614,0.3922866,0.29546726,0
0.33392033,0.3882833,0.27779633,0
0.26626167,0.45577028,0.27796802,0
0.32504693,0.32630396,0.34864914,0
0.26024926,0.44583568,0.2939151,0
0.33540046,0.33947358,0.32512602,0
0.2868639,0.40633157,0.30680454,0
0.24040313,0.48404145,0.27555543,0
0.28615028,0.41062063,0.30322912,0
0.30652902,0.3767843,0.3166867,0
0.21492727,0.5214514,0.26362133,0
0.30792463,0.37910885,0.31296653,0
0.31431848,0.373067,0.3126145,0
0.2623063,0.43400818,0.3036855,0
0.2633315,0.4478333,0.2888352,0
0.3256039,0.34370807,0.33068797,0
0.2721445,0.4247682,0.30308732,0
0.26677942,0.4845205,0.24870004,0
0.27118278,0.48996732,0.2388499,0
0.29671448,0.41143227,0.2918532,0
0.2992611,0.42819855,0.27254042,0
0.14977832,0.6523859,0.19783582,0
0.24961214,0.4496067,0.30078116,0
0.25473616,0.55374545,0.19151843,0
0.2307073,0.4999153,0.26937738,0
0.25741458,0.45343396,0.2891514,0
0.30892423,0.36630723,0.32476854,0
0.24352767,0.47900113,0.27747118,0
0.28749728,0.45219982,0.26030287,0
0.30034325,0.37723884,0.32241794,0
0.26373908,0.45585123,0.28040966,0
0.3038027,0.3832245,0.31297272,0
0.3558833,0.3062248,0.3378919,0
0.27847433,0.4082623,0.31326336,0
0.23258597,0.49816102,0.26925305,0
0.3170643,0.35315263,0.32978305,0
0.33584914,0.37030482,0.29384604,0
0.21687944,0.52311486,0.26000574,0
0.31462595,0.37451723,0.31085682,0
0.3539705,0.29582116,0.35020828,0
0.25786015,0.45319772,0.28894216,0
0.28124946,0.4405281,0.2782225,0
0.32580644,0.35573536,0.31845814,0
0.3176405,0.36806813,0.31429148,0
0.23985875,0.49800894,0.26213223,0
0.317806,0.3540563,0.3281377,0
0.3574756,0.33624592,0.3062784,0
0.37175143,0.2695377,0.35871086,0
0.37483582,0.2720874,0.35307685,0
0.38808736,0.2976523,0.3142603,1
0.27532098,0.42494303,0.299736,0
0.28762215,0.4018803,0.31049758,0
0.3508634,0.3268241,0.32231244,0
0.3461812,0.31089288,0.34292585,0
0.24087296,0.48362473,0.27550232,0
0.3199965,0.3508485,0.32915503,0
0.36159265,0.30905378,0.32935357,0
0.23717572,0.4881908,0.27463344,0
0.30567884,0.40723315,0.28708798,0
0.32550907,0.34797066,0.32652026,0
0.2891422,0.40272787,0.30812997,0
0.2511407,0.49534032,0.253519,0
0.30850273,0.38301563,0.3084816,0
0.29498014,0.39147946,0.31354043,0
0.27133322,0.43874472,0.28992206,0
0.3340112,0.36119124,0.3047976,0
0.24857192,0.47026,0.28116804,0
0.2390338,0.48132053,0.2796457,0
0.25969458,0.52935106,0.21095443,0
0.24033804,0.48089746,0.27876455,0
0.29773065,0.38917238,0.31309703,0
0.327651,0.33544657,0.3369024,0
0.33491907,0.32870707,0.3363738,0
0.3747369,0.26885748,0.35640565,0
0.24426201,0.46509635,0.29064167,0
0.30086645,0.3844509,0.31468272,0
0.31046927,0.37495384,0.31457686,0
0.3441849,0.33310705,0.32270807,0
0.35631564,0.29008538,0.35359898,0
0.27888358,0.41406527,0.30705115,0
0.30275965,0.42564645,0.27159384,0
0.26479807,0.43971863,0.29548335,0
0.3044091,0.38366267,0.31192824,0
0.3149831,0.37297675,0.3120402,0
0.29925975,0.39917973,0.30156052,0
0.2858905,0.43463534,0.27947426,0
0.31106403,0.37832016,0.31061575,0
0.32200277,0.3691921,0.30880514,0
0.29537386,0.39204657,0.3125796,0
0.21749282,0.57202476,0.21048239,0
0.2836911,0.4814792,0.23482971,0
0.22587518,0.51004094,0.26408383,0
0.2926365,0.38621044,0.3211531,0
0.35345018,0.29336765,0.3531821,0
0.32094988,0.37893155,0.30011857,0
0.3132859,0.3985317,0.2881824,0
0.3182811,0.3842915,0.29742733,0
0.3447302,0.38740352,0.26786634,0
0.30779508,0.36972895,0.322476,0
0.36812526,0.2590965,0.37277824,0
0.3903816,0.30759898,0.30201942,1
0.36821282,0.26939592,0.36239123,0
0.34225515,0.32454538,0.33319944,0
0.3134361,0.39382187,0.29274207,0
0.3385384,0.36015043,0.3013112,0
0.36253121,0.30335993,0.33410895,0
0.28723454,0.41705614,0.2957093,0
0.30623707,0.40757266,0.28619024,0
0.3302245,0.3315365,0.338239,0
0.29844227,0.37738135,0.32417628,0
0.37277448,0.2713318,0.35589376,0
0.37661946,0.26231125,0.3610693,1
0.22304502,0.51506877,0.26188618,0
0.27441323,0.41193324,0.31365356,0
0.3183898,0.39162284,0.28998742,0
0.26781094,0.46436268,0.26782638,0
0.042376887,0.8993905,0.058232617,0
0.37345487,0.26932713,0.35721803,0
0.0038746423,0.99416476,0.0019605716,0
0.36238202,0.259337,0.378281,-1
0.2743629,0.2091744,0.51646274,-1
0.31377757,0.3694615,0.31676096,0
0.21042691,0.15509045,0.6344826,-1
0.42297724,0.2425097,0.33451304,1
0.5989615,0.10777576,0.2932628,1
0.35456604,0.3251938,0.3202401,0
0.90829164,0.008273083,0.083435304,1
0.31269446,0.39394528,0.29336026,0
0.37291327,0.3094863,0.31760043,0
0.3367226,0.3575234,0.30575404,0
0.36208603,0.3126152,0.32529876,0
0.21282716,0.5317607,0.2554122,0
0.27870512,0.41782886,0.30346605,0
0.32042736,0.35235035,0.32722226,0
0.3230418,0.33758095,0.33937725,0
0.33006066,0.34293196,0.32700738,0
0.27915043,0.41820413,0.30264542,0
0.32016644,0.375046,0.3047875,0
0.32919282,0.3299425,0.34086466,0
0.30673206,0.3703967,0.32287127,0
0.33329916,0.3588294,0.3078714,0
0.33828914,0.33331168,0.32839915,0
0.31068373,0.3985639,0.2907523,0
0.3097095,0.42395493,0.26633558,0
0.26963854,0.41541108,0.3149504,0
0.3708633,0.26587024,0.36326647,0
0.3542691,0.30752206,0.33820888,0
0.34418976,0.3128118,0.34299845,0
0.33625135,0.3253153,0.33843333,0
0.3710266,0.2550732,0.37390026,0
0.28411227,0.40878704,0.30710068,0
0.37144974,0.26162007,0.36693013,0
0.34517345,0.33715466,0.31767192,0
0.335741,0.35081336,0.31344557,0
0.34369907,0.31569314,0.34060776,0
0.38183534,0.23333488,0.38482973,0
0.37579602,0.25282985,0.37137413,1
0.23147324,0.5099187,0.2586081,0
0.31666824,0.33954996,0.34378183,0
0.3263396,0.3380174,0.33564296,0
0.31731915,0.37695444,0.30572644,0
0.2655171,0.5068317,0.22765124,0
0.27440882,0.43101913,0.29457211,0
0.28132844,0.4145472,0.3041243,0
0.37106168,0.27102375,0.3579145,0
0.31556073,0.38767678,0.2967625,0
0.3734455,0.26933032,0.3572241,0
0.23379193,0.49516547,0.2710426,0
0.30626366,0.37720054,0.31653586,0
0.29190883,0.3998403,0.3082509,0
0.2816456,0.46106872,0.2572856,0
0.31722376,0.35913402,0.32364222,0
0.31857082,0.35517374,0.3262554,0
0.34918737,0.3110918,0.33972082,0
0.37401116,0.27043885,0.35555005,0
0.33472615,0.33428892,0.3309849,0
0.30764097,0.40496114,0.28739786,0
0.17526436,0.6031691,0.22156657,0
0.2756178,0.4235447,0.30083737,0
0.36146304,0.27867132,0.35986564,0
0.37158063,0.26864547,0.35977396,0
0.28167677,0.41796136,0.3003619,0
0.31875035,0.38638756,0.29486215,0
0.31225836,0.36486012,0.32288152,0
0.27923566,0.4431544,0.27760988,0
0.25961605,0.5314133,0.20897065,0
0.3420777,0.30330336,0.35461894,0
0.28220773,0.412573,0.30521926,0
0.33455437,0.33420077,0.3312448,0
0.31169254,0.39545286,0.2928546,0
0.29287592,0.39530346,0.3118207,0
0.31221592,0.35914838,0.3286357,0
0.27903685,0.45100102,0.26996222,0
0.33169982,0.3432311,0.3250691,0
0.29390308,0.43879196,0.267305,0
0.18935056,0.5767036,0.23394585,0
0.22670113,0.50136393,0.27193493,0
0.35114735,0.35065788,0.2981948,0
0.30163276,0.37959212,0.31877506,0
0.3452603,0.32339233,0.33134732,0
0.37343636,0.26933348,0.35723013,0
0.28533995,0.45946124,0.25519893,0
0.29377156,0.39259988,0.3136285,0
0.35780936,0.30343053,0.3387601,0
0.28978845,0.45554885,0.25466272,0
0.24502766,0.4756699,0.2793025,0
0.3039153,0.37854874,0.31753603,0
0.2865569,0.4048717,0.30857146,0
0.2696903,0.4885792,0.24173048,0
0.2966432,0.39996868,0.30338812,0
0.25062302,0.49177676,0.25760022,0
0.21442622,0.5304944,0.2550793,0
0.31360167,0.3661904,0.32020792,0
0.35131592,0.33631545,0.31236866,0
0.3321957,0.33283275,0.33497152,0
0.32039315,0.38159764,0.29800928,0
0.3542854,0.317784,0.32793057,0
0.35173073,0.3215697,0.32669953,0
0.33783367,0.35310975,0.30905655,0
0.3154435,0.352707,0.33184955,0
0.37460262,0.31849343,0.306904,0
0.34366146,0.33369464,0.32264394,0
0.3089158,0.36705786,0.32402638,0
0.29541135,0.4281779,0.2764108,0
0.25848922,0.45262837,0.28888243,0
0.29640165,0.38888583,0.3147125,0
0.30785698,0.37323776,0.3189053,0
0.3131352,0.357549,0.32931578,0
0.32623443,0.35893416,0.31483144,0
0.26331803,0.48363128,0.25305068,0
0.23985301,0.5433716,0.21677534,0
0.27168795,0.43094358,0.29736847,0
0.29170346,0.3839785,0.3243181,0
0.31931332,0.3540813,0.32660538,0
0.32946774,0.33805162,0.33248067,0
0.3066602,0.40381962,0.28952014,0
0.2767554,0.47111475,0.25212988,0
0.33561888,0.32737637,0.33700475,0
0.38456616,0.3115069,0.30392691,1
0.33080718,0.36200917,0.3071837,0
0.29570928,0.38863844,0.31565234,0
0.32234272,0.33245343,0.34520385,0
0.35936263,0.2915255,0.3491118,0
0.3206174,0.37790674,0.30147588,0
0.31408027,0.3996332,0.28628653,0
0.32794473,0.3267578,0.34529746,0
0.34179604,0.3273846,0.33081937,0
0.3560763,0.30726492,0.33665878,0
0.34006017,0.33185822,0.32808158,0
0.34456247,0.31660601,0.33883154,0
0.30044457,0.3738586,0.3256968,0
0.37013084,0.2607858,0.3690834,0
0.27352306,0.42749053,0.29898646,0
0.35354567,0.28013298,0.36632138,0
0.30184308,0.37584487,0.32231206,0
0.30336192,0.37096077,0.3256773,0
0.29897258,0.45365897,0.2473684,0
0.24638325,0.4727154,0.2809014,0
0.2845853,0.42113903,0.29427567,0
0.29740483,0.38957718,0.31301793,0
0.2918884,0.4327339,0.27537772,0
0.3085433,0.37194473,0.31951198,0
0.38299704,0.27153623,0.3454667,1
0.37344313,0.2693312,0.35722572,0
0.4028389,0.2647502,0.3324109,1
0.31687403,0.33975148,0.34337446,0
0.3589496,0.28368348,0.35736692,0
0.3735296,0.25269318,0.37377724,0
0.31458285,0.36127946,0.32413763,0
0.32927653,0.32168904,0.3490345,0
0.32378447,0.32894462,0.3472709,0
0.33759278,0.30329835,0.35910887,0
0.3805043,0.26909012,0.35040554,1
0.27697897,0.41101244,0.31200853,0
0.25131303,0.4652647,0.28342226,0
0.37666857,0.2510277,0.3723037,1
0.27876493,0.4121389,0.3090962,0
0.3066986,0.37375507,0.3195463,0
0.33059967,0.33036587,0.3390344,0
0.29901293,0.4090793,0.2919078,0
0.2984672,0.38458034,0.31695244,0
0.292286,0.3908054,0.31690857,0
0.3167183,0.36466506,0.3186166,0
0.316826,0.35571146,0.32746255,0
0.34521446,0.32856002,0.32622552,0
0.3630348,0.30580005,0.3311651,0
0.23612487,0.47142813,0.29244703,0
0.37027365,0.32403284,0.30569354,0
0.28696093,0.39721292,0.31582618,0
0.37970817,0.26315895,0.35713282,1
0.35786465,0.32163635,0.32049903,0
0.3484487,0.32426366,0.32728767,0
0.32699716,0.32834366,0.34465918,0
0.30259877,0.38054675,0.31685457,0
0.3440143,0.34161213,0.3143736,0
0.37187517,0.26565695,0.36246794,0
0.29220703,0.39846757,0.30932537,0
0.3162688,0.35690463,0.3268266,0
0.37804034,0.24673548,0.37522417,0
0.35632256,0.29626,0.3474175,0
0.31326306,0.36268377,0.32405317,0
0.28958154,0.3871283,0.32329014,0
0.34570816,0.2931625,0.3611293,0
0.33248255,0.35773087,0.30978656,0
0.34860328,0.31929198,0.3321048,0
0.3122788,0.35770833,0.33001283,0
0.30796537,0.37949225,0.3125424,0
0.29135326,0.4345109,0.27413592,0
0.3871662,0.31488165,0.29795206,1
0.33099124,0.37101033,0.29799846,0
0.38409364,0.27097833,0.344928,1
0.30862662,0.36229345,0.32907996,0
0.33325377,0.35275573,0.31399047,0
0.2959932,0.38411805,0.31988874,0
0.3609304,0.31901732,0.32005227,0
0.37354046,0.26917762,0.35728195,0
0.3973944,0.3265447,0.2760609,1
0.3756042,0.26858264,0.3558131,1
0.3194116,0.35344902,0.32713938,0
0.3712946,0.2978927,0.33081275,0
0.3648805,0.2835369,0.35158256,0
0.32648686,0.34220445,0.33130872,0
0.30488178,0.37774414,0.3173741,0
0.37496126,0.28366646,0.34137222,0
0.2710089,0.43056738,0.2984237,0
0.35225987,0.31250957,0.33523062,0
0.34294116,0.307288,0.3497708,0
0.28644767,0.40030307,0.31324923,0
0.35171935,0.3194506,0.32883003,0
0.36298177,0.3176418,0.3193765,0
0.29250628,0.43594286,0.2715509,0
0.33361724,0.34828815,0.31809455,0
0.34129435,0.32131463,0.33739108,0
0.30203006,0.38071904,0.31725094,0
0.33835772,0.36477914,0.29686314,0
0.3739658,0.2685409,0.3574933,0
0.39178008,0.23440376,0.37381607,1
0.32625952,0.34428808,0.32945237,0
0.3476595,0.32280692,0.32953355,0
0.37720868,0.2765514,0.34623986,1
0.34956405,0.32586467,0.32457125,0
0.25280005,0.45738295,0.2898171,0
0.34181994,0.39120284,0.26697722,0
0.37131247,0.26669014,0.3619974,0
0.31856188,0.3620319,0.31940618,0
0.2871415,0.45192012,0.26093844,0
0.37301785,0.27646312,0.35051903,0
0.26578063,0.46533462,0.2688847,0
0.33268228,0.40053883,0.26677883,0
0.3112156,0.3732828,0.31550163,0
0.29807976,0.3846422,0.31727803,0
0.2554071,0.45850784,0.2860851,0
0.31341884,0.3864157,0.30016547,0
0.27128497,0.47475776,0.25395727,0
0.25370452,0.46142527,0.28487024,0
0.31493744,0.37825593,0.30680662,0
0.36218044,0.29435065,0.34346893,0
0.31855658,0.35528883,0.32615456,0
0.33373883,0.34250024,0.32376096,0
0.27774912,0.40951642,0.31273443,0
0.37507614,0.28578305,0.3391408,1
0.37555805,0.2666283,0.35781363,1
0.30128402,0.41721332,0.2815026,0
0.3596677,0.29872882,0.34160346,0
0.38159606,0.24439575,0.37400824,1
0.38421994,0.24668433,0.3690957,1
0.34166464,0.31794915,0.34038618,0
0.37184373,0.25112593,0.3770304,-1
0.32278407,0.32991043,0.34730548,0
0.31364492,0.34918517,0.3371699,0
0.309375,0.3705173,0.32010773,0
0.3881741,0.23252453,0.37930143,0
0.36320904,0.28202465,0.3547663,0
0.37470895,0.26626244,0.35902864,0
0.35665503,0.29032406,0.35302094,0
0.38692462,0.2317826,0.38129282,0
0.32139292,0.33547607,0.343131,0
0.35584262,0.3030869,0.34107047,0
0.34585616,0.32211104,0.3320327,0
0.37700734,0.26074654,0.3622461,1
0.3739635,0.26532996,0.36070657,0
0.33798617,0.30517977,0.35683414,0
0.33646035,0.35718942,0.30635023,0
0.38254628,0.26831794,0.34913573,1
0.37852395,0.24068764,0.3807884,0
0.4036193,0.2666736,0.3297071,1
0.37452903,0.26673934,0.35873157,0
0.3436741,0.3078251,0.3485008,0
0.3057003,0.40593094,0.2883688,0
0.3238548,0.36154002,0.31460515,0
0.33237544,0.31759855,0.350026,0
0.30399624,0.36792195,0.3280818,0
0.32542938,0.35894275,0.31562784,0
0.36474666,0.36006835,0.27518496,0
0.37517238,0.25753498,0.36729267,1
0.29889345,0.38538155,0.31572503,0
0.3787885,0.25863177,0.36257973,1
0.3182958,0.3843865,0.29731777,0
0.29067406,0.4028305,0.3064954,0
0.28772232,0.4023006,0.30997708,0
0.38358843,0.23684789,0.37956372,0
0.32137555,0.38940257,0.28922188,0
0.22462685,0.5122564,0.2631168,0
0.38731354,0.28800634,0.32468015,1
0.36073017,0.2787841,0.3604857,0
0.2711341,0.4304963,0.2983696,0
0.28324512,0.41210127,0.30465364,0
0.30488563,0.4120384,0.283076,0
0.29974285,0.3773353,0.32292178,0
0.37384355,0.2691926,0.35696384,0
0.3714381,0.26638052,0.3621814,0
0.33175385,0.35294715,0.31529894,0
0.35407236,0.29975763,0.34617004,0
0.33416656,0.3537594,0.31207398,0
0.36546102,0.26184613,0.37269288,0
0.30327117,0.3746105,0.32211837,0
0.3435871,0.3296351,0.32677785,0
0.37537032,0.2573874,0.36724225,1
0.34635946,0.31603855,0.33760202,0
0.32276794,0.36255935,0.3146727,0
0.37287727,0.26344562,0.36367705,0
0.33766538,0.30584335,0.35649124,0
0.3705198,0.27612358,0.35335666,0
0.44146177,0.25471964,0.30381864,1
0.37720853,0.24569854,0.37709287,0
0.38954678,0.38625026,0.22420299,1
0.296595,0.3900804,0.31332457,0
0.12983873,0.6601711,0.20999014,0
0.28174728,0.41281757,0.3054352,0
0.29773596,0.44438574,0.25787833,0
0.22508046,0.5114509,0.2634686,0
0.24968825,0.46113747,0.28917426,0
0.32424563,0.34868005,0.32707432,0
0.34731555,0.31796253,0.3347219,0
0.34686527,0.3071077,0.34602708,0
0.3740439,0.2683364,0.35761973,0
0.37108862,0.26450336,0.36440805,0
0.37575006,0.2602765,0.36397344,1
0.31633627,0.39023867,0.29342505,0
0.33787155,0.30712858,0.3549999,0
0.32345155,0.3752168,0.30133164,0
0.35394573,0.31084383,0.33521038,0
0.32289362,0.3434099,0.33369648,0
0.326138,0.36134815,0.31251383,0
0.35994753,0.30205616,0.33799633,0
0.31985682,0.34229276,0.33785048,0
0.37756252,0.26803038,0.3544071,1
0.31828284,0.38128087,0.30043632,0
0.37753358,0.25947252,0.3629939,1
0.21274565,0.53290933,0.25434497,0
0.32225376,0.36681375,0.31093246,0
0.33401066,0.32606396,0.33992538,0
0.383464,0.24491535,0.37162068,1
0.34079263,0.33683568,0.3223717,0
0.297747,0.42694506,0.2753079,0
0.30798972,0.3804315,0.31157878,0
0.28154936,0.4154457,0.3030049,0
0.294745,0.38622165,0.3190334,0
0.29768935,0.38040397,0.3219067,0
0.3773978,0.2703762,0.352226,1
0.34642547,0.30892718,0.34464744,0
0.3307679,0.3354677,0.3337644,0
0.29022503,0.40100184,0.3087731,0
0.36889112,0.2651368,0.36597204,0
0.3697977,0.2706547,0.35954756,0
0.2847683,0.3947265,0.3205051,0
0.28957224,0.4319159,0.2785118,0
0.3394451,0.3197503,0.34080455,0
0.3143157,0.35665265,0.32903162,0
0.3213969,0.37901837,0.29958478,0
0.26696932,0.43580222,0.29722846,0
0.31238845,0.3623572,0.32525438,0
0.3298816,0.33154333,0.3385751,0
0.26625994,0.49508053,0.23865947,0
0.22503744,0.5114708,0.26349184,0
0.33776656,0.38121265,0.28102082,0
0.19766149,0.56014234,0.24219619,0
0.3175718,0.38042948,0.30199867,0
0.30384085,0.37659374,0.31956547,0
0.34183416,0.34037107,0.3177948,0
0.3570586,0.31686497,0.32607645,0
0.3064572,0.3751906,0.31835222,0
0.3504333,0.32906437,0.3205024,0
0.36523795,0.33016747,0.30459455,0
0.31228572,0.36425483,0.32345945,0
0.34044892,0.35212785,0.30742314,0
0.28114757,0.4450844,0.27376804,0
0.3275685,0.33797744,0.33445406,0
0.2927168,0.43514803,0.2721352,0
0.31390524,0.40085578,0.28523892,0
0.27024695,0.43439537,0.29535773,0
0.25088367,0.46627346,0.28284296,0
0.27405086,0.49071828,0.23523088,0
0.23742676,0.5343248,0.22824842,0
0.22486943,0.5020243,0.27310625,0
0.3199874,0.35296822,0.32704446,0
0.2863492,0.4520087,0.2616421,0
0.3729479,0.26890627,0.3581459,0
0.25705013,0.45721796,0.2857319,0
0.16731277,0.6185411,0.21414615,0
0.31908786,0.4249124,0.25599968,0
0.29223794,0.4002588,0.30750328,0
0.26221043,0.49068272,0.24710679,0
0.31111705,0.39268646,0.2961965,0
0.2563405,0.45691118,0.28674835,0
0.28347093,0.45126712,0.26526192,0
0.32717517,0.3515094,0.3213154,0
0.32986388,0.32214326,0.34799293,0
0.37639776,0.288148,0.3354543,1
0.20911016,0.52566415,0.26522574,0
0.41074285,0.18969025,0.39956692,0
0.3316722,0.36242753,0.30590025,0
0.3172082,0.39043984,0.29235187,0
0.37236136,0.27004957,0.35758907,0
0.3409587,0.35783577,0.3012055,0
0.33156145,0.3712597,0.29717886,0
0.3126783,0.3586206,0.3287011,0
0.22274353,0.51520306,0.26205346,0
0.36225715,0.2928312,0.3449116,0
0.37748706,0.26989192,0.35262105,1
0.3315544,0.32778487,0.34066072,0
0.3170904,0.3706198,0.31228974,0
0.2779221,0.4878066,0.23427132,0
0.25792962,0.4622122,0.27985808,0
0.23427449,0.49356645,0.27215898,0
0.1907447,0.574096,0.23515931,0
0.27464843,0.49162287,0.23372869,0
0.29068482,0.4028003,0.30651483,0
0.32918668,0.367654,0.30315933,0
0.34716615,0.33013755,0.32269636,0
0.31602943,0.4036455,0.28032517,0
0.31816477,0.35557002,0.32626522,0
0.28120303,0.45805266,0.2607443,0
0.26688316,0.49338165,0.23973517,0
0.19541018,0.5654029,0.23918691,0
0.26324636,0.49420413,0.24254946,0
0.2895195,0.47114286,0.23933761,0
0.306609,0.37796223,0.31542876,0
0.37367955,0.26911893,0.35720155,0
0.38630772,0.2806306,0.3330617,1
0.372947,0.26949894,0.35755408,0
0.37692684,0.27008575,0.35298735,1
0.3658204,0.2538056,0.38037404,-1
0.37958807,0.26823854,0.35217336,1
0.36573017,0.30777737,0.32649246,0
0.2898914,0.4266256,0.28348306,0
0.32375735,0.37018487,0.30605778,0
0.26261306,0.49157763,0.24580929,0
0.27283832,0.42085466,0.30630705,0
0.25169817,0.46474397,0.28355786,0
0.3142713,0.36062184,0.32510683,0
0.33084697,0.3368806,0.33227238,0
0.37552744,0.2681772,0.35629532,1
0.34026653,0.35062397,0.3091096,0
0.3625791,0.32759574,0.30982512,0
0.36315376,0.28882986,0.34801638,0
0.37415412,0.2805388,0.34530708,0
0.40928882,0.2652892,0.325422,1
0.2971281,0.3892958,0.31357613,0
0.3571328,0.3383105,0.3045567,0
0.37464225,0.25915855,0.36619923,0
0.38259938,0.26784134,0.34955922,1
0.37462622,0.2802681,0.34510568,0
0.35002038,0.3091995,0.34078014,0
0.2742359,0.41125977,0.31450433,0
0.3472031,0.28112423,0.37167263,0
0.28447866,0.40251878,0.31300253,0
0.3279671,0.34564403,0.32638884,0
0.30017477,0.3839198,0.31590533,0
0.25184575,0.46142283,0.28673145,0
0.37324497,0.27912268,0.3476324,0
0.17486255,0.5704319,0.25470564,0
0.36814228,0.2797411,0.35211664,0
0.2599381,0.4448976,0.29516432,0
0.34724402,0.35033196,0.30242398,0
0.31096613,0.3093797,0.37965414,-1
0.31986046,0.35030082,0.32983872,0
0.29514906,0.4274848,0.2773661,0
0.3160327,0.38453358,0.29943368,0
0.39234084,0.26922646,0.33843264,1
0.36935848,0.32349166,0.3071499,0
0.36739954,0.28476825,0.34783226,0
0.32865465,0.35108238,0.32026297,0
0.2757521,0.42247272,0.30177516,0
0.36732545,0.27899745,0.35367706,0
0.33967987,0.32211742,0.33820266,0
0.31172895,0.3949679,0.29330316,0
0.28698635,0.44338924,0.26962435,0
0.34302205,0.3268858,0.33009213,0
0.30765915,0.39607325,0.29626754,0
0.3288084,0.35911626,0.31207535,0
0.37328187,0.2688889,0.35782927,0
0.2218144,0.49795905,0.2802265,0
0.30624023,0.35836473,0.3353951,0
0.29753497,0.37910643,0.3233586,0
0.38641986,0.26695645,0.34662375,1
0.3296337,0.3531665,0.31719983,0
0.2925886,0.39831316,0.3090983,0
0.3078846,0.37015292,0.32196248,0
0.32625958,0.3715899,0.30215052,0
0.36677092,0.3085997,0.3246293,0
0.32966626,0.33650982,0.33382386,0
0.27156806,0.41855383,0.30987814,0
0.37583455,0.25409484,0.37007058,1
0.37628195,0.26362845,0.36008957,1
0.3014424,0.3724693,0.32608828,0
0.2970506,0.39026007,0.31268936,0
0.21305747,0.5302729,0.25666964,0
0.30776402,0.377348,0.314888,0
0.2632717,0.4287255,0.30800274,0
0.29219005,0.39792657,0.30988342,0
0.3103259,0.37451953,0.3151546,0
0.28760934,0.42816514,0.28422552,0
0.37446567,0.2689772,0.3565571,0
0.07288728,0.77773315,0.14937957,0
0.3702579,0.2644725,0.36526954,0
0.21655115,0.5062547,0.2771941,0
0.4165507,0.1753952,0.4080541,0
0.24691361,0.46218288,0.29090348,0
0.32451275,0.41815114,0.25733614,0
0.25036326,0.42016402,0.32947278,0
0.265443,0.43267572,0.30188125,0
0.30454057,0.3775274,0.31793204,0
0.32833615,0.36011004,0.3115538,0
0.308781,0.3767763,0.31444266,0
0.3045245,0.37932113,0.31615433,0
0.37069282,0.264937,0.36437017,0
0.37652907,0.26292118,0.36054975,1
0.25018644,0.4552066,0.29460698,0
0.31902173,0.39229694,0.28868127,0
0.34438232,0.3353706,0.320247,0
0.28787163,0.45006686,0.2620615,0
0.32070312,0.36592773,0.31336907,0
0.3101462,0.4181556,0.27169824,0
0.25933012,0.45180508,0.2888648,0
0.28728268,0.4029314,0.30978596,0
0.30991942,0.40676108,0.2833195,0
0.29969952,0.3877026,0.31259793,0
0.31865707,0.38179746,0.29954547,0
0.17941749,0.59531903,0.22526349,0
0.27419615,0.42800754,0.29779637,0
0.34853885,0.3400167,0.31144443,0
0.2615914,0.44182426,0.29658437,0
0.3146371,0.3865748,0.29878813,0
0.26039872,0.43696666,0.30263466,0
0.29831517,0.3766909,0.32499394,0
0.33516946,0.32863542,0.33619508,0
0.29243693,0.40744254,0.30012053,0
0.36521056,0.26943105,0.36535838,0
0.16223468,0.5824605,0.25530484,0
0.40139127,0.15638138,0.44222736,0
0.36046278,0.28564382,0.35389337,0
0.40698507,0.24715665,0.3458583,1
0.3388468,0.3060498,0.35510337,0
0.40144065,0.2459624,0.35259694,1
0.39043128,0.2557176,0.35385117,1
0.38452107,0.2374044,0.3780745,0
0.27603438,0.42749056,0.29647505,0
0.31054112,0.37690935,0.31254953,0
0.26247466,0.44465572,0.29286966,0
0.38734826,0.23232262,0.38032904,0
0.011279535,0.9392739,0.04944662,0
0.40488943,0.15630521,0.43880537,0
0.15877001,0.5929579,0.248272,0
0.31093934,0.33387062,0.35518998,0
0.34360638,0.3643016,0.292092,0
0.3177866,0.3870211,0.2951923,0
0.29189193,0.38926718,0.31884092,0
0.25281945,0.51765144,0.22952911,0
0.35122982,0.36374465,0.28502548,0
0.27160856,0.45916623,0.26922518,0
0.25552657,0.45830342,0.28617007,0
0.37343636,0.26933348,0.35723013,0
0.29404694,0.39711922,0.30883387,0
0.32468793,0.3710567,0.30425543,0
0.33376047,0.37055597,0.29568362,0
0.3785964,0.28826675,0.33313686,1
0.28935203,0.40501204,0.30563587,0
0.3050045,0.3702494,0.3247461,0
0.32393605,0.34916693,0.32689697,0
0.23025961,0.5006608,0.26907957,0
0.2748195,0.42198345,0.30319712,0
0.37571162,0.26773268,0.35655576,1
0.02174479,0.9132518,0.06500338,0
0.5944233,0.033923525,0.37165317,1
0.2919976,0.3991822,0.30882022,0
0.30896637,0.3751676,0.315866,0
0.25747564,0.43753663,0.3049877,0
0.3158512,0.3521788,0.33197,0
0.27042153,0.43503177,0.29454672,0
0.32994866,0.35374033,0.316311,0
0.3356957,0.3689315,0.29537275,0
0.30505913,0.40724984,0.287691,0
0.2594612,0.45152915,0.2890096,0
0.30231735,0.40597486,0.29170784,0
0.32138732,0.36996034,0.30865228,0
0.2767879,0.42255443,0.30065763,0
0.31214318,0.3982834,0.28957343,0
0.3179944,0.3750536,0.30695206,0
0.3361572,0.3476405,0.3162023,0
0.36565116,0.29099753,0.34335124,0
0.32466474,0.33192226,0.343413,0
0.2599469,0.49811977,0.2419333,0
0.38456243,0.2489395,0.36649805,1
0.3461313,0.30609438,0.34777433,0
0.3110416,0.3713683,0.3175901,0
0.3129488,0.38021338,0.30683786,0
0.30164146,0.40848687,0.28987163,0
0.2504814,0.46436357,0.28515506,0
0.37319815,0.2681365,0.3586653,0
0.016141353,0.93087673,0.05298192,0
0.5797807,0.030898036,0.38932127,0
0.26507455,0.43111894,0.30380654,0
0.33636382,0.3560496,0.30758664,0
0.30985075,0.34724993,0.34289938,0
0.28584516,0.37147465,0.3426802,0
0.28205222,0.4627866,0.2551612,0
0.3199242,0.35185307,0.32822266,0
0.3954824,0.25764224,0.34687537,1
0.28878292,0.4364227,0.27479437,0
0.31094885,0.3770525,0.3119987,0
0.3741762,0.26907742,0.35674632,0
0.36496753,0.29836076,0.33667168,0
0.37184864,0.2648088,0.36334255,0
0.37556267,0.27555132,0.34888607,1
0.31445763,0.35980967,0.32573274,0
0.35368434,0.31772023,0.32859537,0
0.33332714,0.34997633,0.31669655,0
0.37303644,0.25461176,0.37235174,0
0.37480125,0.26754463,0.35765418,0
0.3469695,0.31324187,0.3397886,0
0.3238429,0.33910152,0.3370556,0
0.2998076,0.37595278,0.3242396,0
0.3234533,0.38931304,0.28723368,0
0.2296282,0.5017424,0.26862937,0
0.25230786,0.4562369,0.29145524,0
0.36732394,0.27744076,0.35523537,0
0.32855693,0.34589073,0.32555228,0
0.3161479,0.36205697,0.32179514,0
0.34844634,0.31004754,0.3415061,0
0.35256007,0.34182686,0.30561304,0
0.3347409,0.32226655,0.3429925,0
0.32336196,0.33110565,0.34553236,0
0.3360421,0.35591358,0.30804443,0
0.23071858,0.47699535,0.29228604,0
0.3731024,0.25616574,0.37073186,0
0.29820618,0.38210213,0.31969172,0
0.31989333,0.35312343,0.32698327,0
0.3081915,0.4054306,0.28637785,0
0.36191854,0.28496101,0.35312045,0
0.3115642,0.36676934,0.32166645,0
0.2904323,0.4366926,0.2728751,0
0.35595357,0.30005923,0.34398717,0
0.28447917,0.42503074,0.2904901,0
0.37432984,0.2676946,0.35797554,0
0.27938947,0.40199122,0.31861928,0
0.29010856,0.39363396,0.31625748,0
0.25362876,0.50416136,0.24220984,0
0.28652215,0.39841536,0.31506258,0
0.24639653,0.4784969,0.2751066,0
0.29833275,0.38878116,0.3128861,0
0.26123974,0.48458073,0.2541795,0
0.26054057,0.5073277,0.23213181,0
0.2920328,0.41424578,0.2937215,0
0.18291953,0.5885012,0.22857927,0
0.3237696,0.34310347,0.33312693,0
0.29122454,0.3888375,0.31993794,0
0.30219778,0.37692553,0.3208767,0
0.31270996,0.3720054,0.31528467,0
0.40696293,0.24203868,0.3509984,1
0.32568097,0.36918473,0.30513436,0
0.373928,0.26916334,0.35690862,0
0.33546433,0.3173218,0.34721383,0
0.3228371,0.3394441,0.33771878,0
0.34249032,0.3217701,0.33573955,0
0.37210816,0.3057841,0.32210767,0
0.2939304,0.38713998,0.31892958,0
0.38376173,0.2906008,0.3256374,1
0.3797759,0.23942307,0.38080102,0
0.28946114,0.42338276,0.28715616,0
0.23068868,0.4975335,0.27177784,0
0.3381551,0.32143825,0.3404067,0
0.29738745,0.38921475,0.31339782,0
0.3179756,0.35885337,0.32317102,0
0.2931925,0.39642218,0.31038535,0
0.29340008,0.40530285,0.30129716,0
0.29141822,0.4001773,0.30840448,0
0.28504995,0.43567693,0.27927312,0
0.32118243,0.35042974,0.32838783,0
0.3109424,0.36343077,0.32562685,0
0.27549446,0.41372773,0.31077775,0
0.32282722,0.37618706,0.30098566,0
0.29245242,0.39067712,0.31687054,0
0.3824292,0.27883083,0.3387399,1
0.35690317,0.29474917,0.3483476,0
0.3554025,0.30634475,0.33825278,0
0.37186804,0.28377035,0.34436163,0
0.27412397,0.43988085,0.28599516,0
0.32730973,0.35826084,0.31442943,0
0.35398307,0.32503077,0.32098618,0
0.37500674,0.27582812,0.3491652,1
0.28563187,0.40988973,0.3044784,0
0.30194545,0.43780744,0.26024705,0
0.28549224,0.43500537,0.27950236,0
0.3031619,0.37502295,0.32181513,0
0.35257465,0.32071432,0.32671103,0
0.2956859,0.3966852,0.3076289,0
0.3097766,0.36577156,0.32445174,0
0.27164078,0.42791972,0.30043954,0
0.3013905,0.41863862,0.2799709,0
0.28163692,0.41580647,0.30255663,0
0.24944368,0.5183896,0.23216675,0
0.33930612,0.32626712,0.3344268,0
0.3015002,0.42199898,0.27650082,0
0.27562445,0.42304224,0.30133322,0
0.27626768,0.41970447,0.3040279,0
0.33201772,0.35710132,0.3108809,0
0.31685314,0.35645103,0.3266958,0
0.37122867,0.28722838,0.34154293,0
0.24705866,0.47287634,0.28006503,0
0.3307534,0.3482407,0.3210059,0
0.2833934,0.47138155,0.2452251,0
0.37174654,0.26268473,0.36556873,0
0.2136052,0.53198344,0.2544114,0
0.35111067,0.32153144,0.32735795,0
0.35172656,0.32087713,0.32739624,0
0.23158346,0.556434,0.21198261,0
0.2125639,0.5321298,0.25530633,0
0.18898079,0.5746585,0.23636071,0
0.35172284,0.4001917,0.24808545,0
0.29913133,0.38906097,0.3118077,0
0.3574087,0.30100635,0.34158492,0
0.28408715,0.41313815,0.3027748,0
0.21260788,0.60130763,0.18608448,0
0.3522875,0.31626278,0.33144966,0
0.3212761,0.35525772,0.32346615,0
0.35995603,0.2906925,0.34935147,0
0.25807568,0.4539391,0.28798518,0
0.29383513,0.39411002,0.3120548,0
0.35974333,0.31593964,0.32431704,0
0.32672566,0.3507077,0.32256657,0
0.28507844,0.4053865,0.30953506,0
0.32830128,0.33646244,0.33523628,0
0.35424316,0.31224948,0.33350736,0
0.35268086,0.3035859,0.34373325,0
0.35344648,0.34522608,0.3013274,0
0.3019156,0.3728735,0.32521087,0
0.37780434,0.25045764,0.37173805,1
0.3290921,0.3710593,0.29984865,0
0.3268006,0.3369419,0.3362575,0
0.26988477,0.43594956,0.29416558,0
0.31215096,0.37977862,0.30807036,0
0.25955588,0.5166713,0.22377272,0
0.24527936,0.47089466,0.283826,0
0.20681578,0.5434559,0.24972834,0
0.21242146,0.53374344,0.25383508,0
0.30375743,0.41368026,0.28256238,0
0.26563963,0.45977643,0.27458388,0
0.32131666,0.3775714,0.3011119,0
0.24574122,0.47664583,0.27761304,0
0.25449067,0.4905484,0.25496098,0
0.33055016,0.33548993,0.3339599,0
0.36647233,0.25378227,0.37974533,-1
0.37343633,0.26933348,0.3572301,0
0.23401317,0.49554637,0.27044046,0
0.2638557,0.44412836,0.29201585,0
0.24401121,0.47681934,0.2791695,0
0.32558945,0.377047,0.29736352,0
0.30001727,0.43839648,0.26158622,0
0.30918333,0.38469028,0.3061264,0
0.28366068,0.4114319,0.3049074,0
0.25447187,0.45938042,0.28614768,0
0.24847151,0.47043338,0.28109503,0
0.36688337,0.3106275,0.32248914,0
0.23331942,0.4766178,0.29006276,0
0.33735922,0.32025126,0.34238952,0
0.281184,0.41522014,0.30359584,0
0.37385598,0.26878485,0.35735923,0
0.34825838,0.31726298,0.33447862,0
0.2806959,0.4518648,0.26743928,0
0.29228166,0.4500295,0.2576889,0
0.3199582,0.39700544,0.28303638,0
0.25213146,0.46412653,0.28374195,0
0.34822085,0.30544767,0.34633142,0
0.37276995,0.26741746,0.3598126,0
0.30557132,0.41135222,0.28307647,0
0.34176087,0.31838772,0.33985138,0
0.25263473,0.47046804,0.27689725,0
0.34128004,0.31633472,0.34238526,0
0.2710723,0.43197486,0.29695284,0
0.3688562,0.2550319,0.37611187,-1
0.3061637,0.3926355,0.30120078,0
0.34305456,0.30454716,0.35239822,0
0.3331648,0.38117048,0.28566462,0
0.29861507,0.3842006,0.31718436,0
0.32442254,0.3461433,0.32943416,0
0.33410305,0.31483164,0.3510653,0
0.3132197,0.36403593,0.3227444,0
0.26386517,0.4441124,0.29202238,0
0.30685562,0.373938,0.31920636,0
0.3424015,0.32252795,0.33507052,0
0.22923602,0.5222186,0.24854532,0
0.32567477,0.36388007,0.31044513,0
0.25841665,0.4746395,0.26694387,0
0.24367088,0.4741524,0.2821768,0
0.2654815,0.5086407,0.22587782,0
0.28274006,0.42200595,0.29525402,0
0.20611495,0.5452003,0.24868466,0
0.26122335,0.44859117,0.29018548,0
0.33263993,0.3416608,0.32569927,0
0.29855102,0.37875748,0.32269144,0
0.3260911,0.34381464,0.33009425,0
0.27627084,0.4197416,0.3039876,0
0.3248309,0.3449886,0.33018056,0
0.30361754,0.40702814,0.28935435,0
0.29825443,0.3689698,0.33277574,0
0.3165614,0.35863608,0.32480246,0
0.32299483,0.35812292,0.31888226,0
0.3391075,0.3231803,0.3377122,0
0.27488348,0.41667476,0.30844176,0
0.32955346,0.33539748,0.33504912,0
0.25529322,0.4657208,0.278986,0
0.19619872,0.5608978,0.24290353,0
0.36073926,0.28544575,0.3538149,0
0.212474,0.50476235,0.28276366,0
0.3145347,0.36701646,0.31844887,0
0.34187672,0.29767358,0.36044973,0
0.30119112,0.3734533,0.32535553,0
0.2999813,0.41928428,0.2807344,0
0.3099115,0.37832132,0.31176722,0
0.30250517,0.38942534,0.30806947,0
0.2635306,0.48098084,0.25548846,0
0.2690667,0.49576497,0.2351684,0
0.17050058,0.6124162,0.21708319,0
0.28090048,0.45755777,0.26154178,0
0.27445078,0.49655598,0.22899325,0
0.28471816,0.42009157,0.29519022,0
0.3237599,0.35262758,0.32361254,0
0.30734146,0.37381548,0.31884304,0
0.3716827,0.26992592,0.35839137,0
0.37466547,0.2697197,0.35561484,0
0.36935645,0.26223978,0.36840373,0
0.3210823,0.37690702,0.3020107,0
0.38557586,0.26907346,0.34535065,1
0.341714,0.30484834,0.35343772,0
0.31067097,0.37275824,0.31657073,0
0.27725166,0.4133419,0.30940643,0
0.28934932,0.39389735,0.3167534,0
0.32515508,0.33671963,0.33812523,0
0.26837596,0.4365019,0.29512215,0
0.26969165,0.4312686,0.29903975,0
0.2906597,0.3985355,0.3108048,0
0.31882116,0.38892004,0.29225874,0
0.3070771,0.37580717,0.31711572,0
0.34094098,0.33253986,0.3265192,0
0.29391766,0.434852,0.27123034,0
0.30230996,0.37865508,0.31903493,0
0.31770036,0.35922098,0.3230787,0
0.2829529,0.4102312,0.3068159,0
0.32973808,0.3372878,0.3329742,0
0.31965333,0.35508755,0.3252591,0
0.25409865,0.45679933,0.28910202,0
0.330759,0.33554566,0.33369532,0
0.3416081,0.35292646,0.3054654,0
0.35569298,0.29919207,0.34511495,0
0.2859003,0.4078595,0.30624017,0
0.3750575,0.26291373,0.36202878,1
0.37335494,0.2949666,0.3316785,0
0.46119386,0.28919205,0.24961413,1
0.29852495,0.37787822,0.3235968,0
0.37652224,0.244308,0.37916982,0
0.27050516,0.43224147,0.29725334,0
0.30284488,0.38016483,0.3169903,0
0.31755173,0.35051733,0.33193097,0
0.30791038,0.385425,0.30666462,0
0.21667565,0.5264518,0.25687248,0
0.26906717,0.43533975,0.29559302,0
0.335941,0.35895967,0.3050994,0
0.29628065,0.41274688,0.2909725,0
0.2933006,0.4305796,0.27611977,0
0.2754264,0.42598754,0.2985861,0
0.28758857,0.45097867,0.26143277,0
0.31179452,0.36671993,0.3214855,0
0.30344623,0.39897972,0.29757398,0
0.36409202,0.35172054,0.28418744,0
0.30686778,0.3722948,0.3208374,0
0.3724037,0.2650003,0.36259598,0
0.34118813,0.32771596,0.33109584,0
0.37343633,0.2693335,0.3572301,0
0.28165346,0.39740694,0.3209396,0
0.3397342,0.30241612,0.35784966,0
0.34169897,0.36038584,0.2979152,0
0.3211654,0.37740105,0.30143353,0
0.24592553,0.46250916,0.2915653,0
0.31214482,0.37289697,0.31495827,0
0.3120822,0.3624693,0.3254485,0
0.32849476,0.34263316,0.32887217,0
0.35905445,0.2973302,0.34361532,0
0.28716508,0.43638316,0.2764518,0
0.2274858,0.5071851,0.2653291,0
0.3137475,0.37773243,0.30852005,0
0.32391608,0.38315496,0.2929289,0
0.36740854,0.2789366,0.35365486,0
0.2367087,0.4909097,0.27238157,0
0.28424394,0.4250978,0.2906582,0
0.21910842,0.5933543,0.1875373,0
0.23929957,0.49396712,0.26673323,0
0.2745828,0.42358586,0.30183133,0
0.2698808,0.4310023,0.29911697,0
0.2906311,0.40549535,0.30387357,0
0.26311013,0.4453908,0.29149905,0
0.37197232,0.2723508,0.35567698,0
0.3677299,0.27730188,0.3549682,0
0.27565894,0.4244404,0.29990062,0
0.29767436,0.38705888,0.3152667,0
0.36778545,0.28223738,0.3499772,0
0.31775317,0.37696913,0.30527773,0
0.3131897,0.3688769,0.31793344,0
0.32039714,0.37964332,0.29995954,0
0.3228102,0.32905012,0.34813964,0
0.2951582,0.38699532,0.31784642,0
0.338476,0.3378147,0.3237093,0
0.32903615,0.36666125,0.30430263,0
0.25625354,0.4457883,0.29795808,0
0.30745113,0.40701455,0.28553438,0
0.31250685,0.40413627,0.2833569,0
0.30119935,0.4199798,0.2788209,0
0.37343636,0.2693335,0.35723013,0
0.30278355,0.41180715,0.2854093,0
0.3586632,0.30264077,0.338696,0
0.3205186,0.38231063,0.29717076,0
0.26414567,0.4670155,0.2688388,0
0.14277694,0.6630133,0.19420978,0
0.24540126,0.47392172,0.28067705,0
0.2954388,0.3892242,0.31533697,0
0.33710164,0.34267858,0.32021978,0
0.30529922,0.37719953,0.31750128,0
0.3835424,0.28862733,0.3278303,1
0.31710264,0.3907956,0.29210177,0
0.28612366,0.39619184,0.3176845,0
0.26315543,0.4271723,0.30967227,0
0.35584956,0.2855503,0.35860014,0
0.31852883,0.36282948,0.3186417,0
0.37531078,0.26986328,0.354826,1
0.37344953,0.26932895,0.3572215,0
0.38739386,0.24788792,0.3647182,1
0.3751009,0.2681378,0.35676134,1
0.32366896,0.34777832,0.32855272,0
0.3716467,0.25097895,0.37737438,-1
0.38584358,0.23417078,0.37998575,0
0.37542024,0.24738957,0.3771902,0
0.3632341,0.31759644,0.3191695,0
0.38710186,0.23183256,0.3810656,0
0.39434788,0.23652257,0.3691296,1
0.38710186,0.23183256,0.3810656,0
0.36765933,0.27963832,0.35270235,0
0.39409462,0.2624697,0.34343573,1
0.38698733,0.23284057,0.3801721,0
0.38661426,0.23586848,0.37751722,0
0.37582213,0.25730282,0.366875,1
0.3805265,0.24834704,0.37112644,1
0.38714063,0.23265374,0.3802056,0
0.41232628,0.24954544,0.33812827,1
0.3650463,0.28147456,0.35347915,0
0.3838946,0.23911233,0.37699306,0
0.35598102,0.33604968,0.30796933,0
0.3373554,0.31850973,0.3441348,0
0.4085581,0.30100748,0.29043445,1
0.38710186,0.23183256,0.3810656,0
0.31302673,0.36295295,0.32402033,0
0.3259845,0.32933205,0.34468338,0
0.33060455,0.3436987,0.32569677,0
0.31479016,0.39844537,0.2867645,0
0.2914967,0.3881375,0.32036585,0
0.3305721,0.3432641,0.32616377,0
0.29668722,0.39086178,0.31245106,0
0.3526239,0.30432555,0.34305057,0
0.31728005,0.36162406,0.32109588,0
0.30216286,0.3924867,0.30535045,0
0.26957268,0.47084963,0.25957775,0
0.38488662,0.23980738,0.37530598,0
0.37307855,0.28906104,0.33786038,0
0.42421985,0.26784763,0.30793253,1
0.3752915,0.27768108,0.3470274,1
0.34350774,0.32280686,0.3336854,0
0.36906326,0.31313685,0.31779987,0
0.35410616,0.30098614,0.34490767,0
0.31597722,0.3632272,0.32079554,0
0.31640947,0.34802812,0.33556244,0
0.33355132,0.33813688,0.32831183,0
0.3770378,0.25864744,0.36431485,1
0.30701548,0.37357023,0.31941426,0
0.3361009,0.35898766,0.30491146,0
0.27178246,0.4349818,0.2932358,0
0.35473853,0.35273752,0.29252392,0
0.29349568,0.38864315,0.31786123,0
0.31307188,0.35782588,0.32910222,0
0.33369508,0.34067395,0.32563105,0
0.3076429,0.37037185,0.32198536,0
0.2969538,0.4339374,0.26910877,0
0.27431658,0.42903665,0.2966467,0
0.294282,0.4144362,0.29128173,0
0.30260605,0.37595493,0.321439,0
0.3152021,0.39002895,0.29476893,0
0.34798127,0.3401132,0.3119055,0
0.37343636,0.26933348,0.35723013,0
0.35113838,0.30343756,0.34542406,0
0.34550866,0.3102872,0.3442042,0
0.33387184,0.3305349,0.33559325,0
0.37316892,0.2737839,0.3530472,0
0.32138178,0.37616962,0.30244863,0
0.3738338,0.2691829,0.35698327,0
0.3463188,0.3440458,0.3096354,0
0.24028417,0.4785492,0.28116652,0
0.33926597,0.33861446,0.32211956,0
0.27837032,0.4111677,0.310462,0
0.3761582,0.28097543,0.3428664,1
0.35667294,0.31374186,0.3295852,0
0.26249316,0.4451011,0.29240572,0
0.34428483,0.29573515,0.35998002,0
0.26523662,0.5121621,0.22260126,0
0.23951982,0.53942305,0.22105716,0
0.29284602,0.4431546,0.26399937,0
0.26918975,0.42895716,0.30185306,0
0.31945172,0.3876594,0.29288885,0
0.29706755,0.38791394,0.31501856,0
0.2916403,0.3987909,0.30956882,0
0.28530458,0.4351623,0.27953318,0
0.33224776,0.3466206,0.32113156,0
0.36121932,0.29819012,0.3405905,0
0.36204523,0.29041988,0.3475349,0
0.37343636,0.2693335,0.35723013,0
0.4014769,0.27121276,0.32731038,1
0.37085268,0.27381223,0.3553351,0
0.376497,0.3328813,0.29062164,1
0.29573795,0.43567705,0.268585,0
0.2964511,0.43035245,0.27319646,0
0.3878347,0.23255876,0.3796065,0
0.3713917,0.26941365,0.3591947,0
0.48087767,0.24786422,0.27125812,1
0.28390846,0.41046196,0.30562952,0
0.29560187,0.38769165,0.3167065,0
0.33526006,0.33454865,0.33019128,0
0.27619582,0.42306823,0.30073595,0
0.28558922,0.40623716,0.3081736,0
0.2773482,0.4452829,0.27736884,0
0.25707585,0.48338678,0.25953743,0
0.28148347,0.47461626,0.24390022,0
0.28657472,0.40304145,0.3103839,0
0.18865937,0.54377896,0.26756164,0
0.32613266,0.34283116,0.33103624,0
0.31629437,0.36036345,0.3233422,0
0.30542016,0.37409857,0.32048127,0
0.33411086,0.36262384,0.30326527,0
0.37454042,0.2674582,0.3580014,0
0.34101847,0.36665675,0.29232472,0
0.33197224,0.35639,0.3116377,0
0.33693832,0.3491715,0.31389022,0
0.3218567,0.3759041,0.30223918,0
0.33017492,0.3648303,0.30499476,0
0.32586148,0.37111613,0.30302244,0
0.22135642,0.51939994,0.25924367,0
0.32671824,0.34920713,0.32407472,0
0.17905822,0.600738,0.22020379,0
0.3382371,0.310852,0.3509109,0
0.14212155,0.6696399,0.18823864,0
0.28680423,0.44501913,0.26817665,0
0.30759874,0.39881206,0.29358917,0
0.27019453,0.4604949,0.26931062,0
0.27100614,0.42632693,0.302667,0
0.26804203,0.4946577,0.2373003,0
0.20604993,0.5457678,0.24818231,0
0.27388412,0.42346296,0.3026529,0
0.31432664,0.3884358,0.29723755,0
0.23935391,0.53641707,0.22422905,0
0.17914118,0.5959399,0.22491898,0
0.22734202,0.50714195,0.26551598,0
0.29142204,0.45439944,0.25417858,0
0.32318047,0.35753193,0.3192876,0
0.3010363,0.37777302,0.32119063,0
0.2983315,0.42953917,0.27212924,0
0.2859765,0.45898134,0.25504214,0
0.30344275,0.38769263,0.30886456,0
0.32247955,0.3483826,0.32913783,0
0.32833183,0.32551426,0.3461539,0
0.24754985,0.47068578,0.28176436,0
0.28505254,0.3975372,0.31741026,0
0.30200505,0.41179198,0.286203,0
0.29077965,0.3906563,0.3185641,0
0.25746375,0.45499253,0.28754383,0
0.32598156,0.36363745,0.31038094,0
0.24974035,0.46791604,0.2823436,0
0.26975307,0.5029552,0.22729173,0
0.29292065,0.39356178,0.31351757,0
0.24886832,0.470205,0.28092661,0
0.2875312,0.44898516,0.26348364,0
0.3121221,0.36643112,0.32144675,0
0.29416808,0.39560816,0.31022373,0
0.23086224,0.50120425,0.2679335,0
0.30390093,0.37809238,0.3180067,0
0.31374562,0.3886425,0.29761192,0
0.30692074,0.3784693,0.31460994,0
0.31147254,0.407045,0.2814825,0
0.29183468,0.43536085,0.2728045,0
0.2708376,0.4528162,0.27634627,0
0.3376933,0.33069697,0.33160976,0
0.29093567,0.39989984,0.3091645,0
0.32910562,0.33788198,0.3330124,0
0.3165472,0.3855988,0.29785404,0
0.33224663,0.3170586,0.35069475,0
0.29956222,0.38476762,0.31567022,0
0.32529265,0.34095103,0.33375636,0
0.32399538,0.35878405,0.31722057,0
0.30279335,0.38842362,0.30878296,0
0.28435946,0.3980119,0.31762862,0
0.2914501,0.41893557,0.28961426,0
0.34375364,0.3056002,0.3506462,0
0.2544961,0.45989022,0.2856137,0
0.3035198,0.37730443,0.31917584,0
0.28322476,0.41162622,0.30514902,0
0.24853145,0.5408477,0.2106208,0
0.31231394,0.36569828,0.32198778,0
0.38191354,0.3095668,0.3085197,1
0.3195238,0.36182982,0.3186464,0
0.32410386,0.34619173,0.3297044,0
0.42809775,0.27964807,0.29225415,1
0.37343636,0.26933348,0.35723013,0
0.37358698,0.2691079,0.35730508,0
0.368834,0.30674866,0.32441732,0
0.3630229,0.28669152,0.3502856,0
0.34225896,0.35292444,0.3048166,0
0.35314354,0.32940286,0.31745353,0
0.3023765,0.37318644,0.32443705,0
0.40905803,0.29717106,0.2937709,1
0.37220252,0.2653668,0.3624307,0
0.3122996,0.36062557,0.32707486,0
0.28859055,0.4021834,0.309226,0
0.32989943,0.36474428,0.3053562,0
0.3358943,0.32942176,0.3346839,0
0.24913947,0.5222264,0.22863413,0
0.2817245,0.44965252,0.26862293,0
0.28560302,0.4097997,0.30459732,0
0.24613778,0.47411758,0.27974465,0
0.2682834,0.4897268,0.24198984,0
0.37207362,0.2663767,0.3615497,0
0.14184356,0.6633965,0.19475995,0
0.33546877,0.3285158,0.3360154,0
0.31228676,0.4006584,0.28705487,0
0.31298706,0.35910842,0.32790458,0
0.323399,0.3578845,0.31871653,0
0.29555845,0.39116672,0.31327483,0
0.38050514,0.3078041,0.3116908,1
0.32130367,0.3514552,0.32724118,0
0.41520223,0.26665688,0.31814083,1
0.3632252,0.29352388,0.34325093,0
0.36662778,0.34682915,0.2865431,0
0.3254428,0.36880776,0.30574945,0
0.22949688,0.49074498,0.2797582,0
0.2883118,0.44207135,0.26961687,0
0.2574366,0.44958743,0.29297596,0
0.25340065,0.45969364,0.28690574,0
0.23703225,0.4984934,0.26447433,0
0.32680914,0.34478092,0.3284099,0
0.24069686,0.46022487,0.29907826,0
0.25965166,0.45126334,0.28908503,0
0.28307098,0.4189117,0.29801735,0
0.2934528,0.4161324,0.29041484,0
0.31802234,0.35621595,0.32576165,0
0.28660288,0.40048894,0.3129081,0
0.32389385,0.3664619,0.30964425,0
0.30279142,0.39504498,0.30216357,0
0.3112421,0.367468,0.3212899,0
0.3296758,0.3663963,0.3039279,0
0.3584961,0.2960336,0.3454703,0
0.3743699,0.26826397,0.35736614,0
0.30463254,0.37393194,0.32143557,0
0.3186108,0.37550727,0.30588192,0
0.28536087,0.4070608,0.30757833,0
0.2943949,0.39198697,0.31361818,0
0.30695966,0.40784928,0.28519112,0
0.25110063,0.46281475,0.28608456,0
0.37270048,0.26950386,0.35779563,0
0.27838787,0.42222896,0.29938313,0
0.27617636,0.47096997,0.25285372,0
0.228736,0.5049676,0.26629645,0
0.2692989,0.46770185,0.26299924,0
0.26353252,0.5154097,0.22105785,0
0.2805103,0.4401502,0.27933946,0
0.28890342,0.4095505,0.30154616,0
0.26323646,0.44295242,0.29381105,0
0.30824733,0.38425374,0.3074989,0
0.31186783,0.38405254,0.30407968,0
0.3190569,0.34995222,0.33099088,0
0.26321387,0.44521514,0.29157102,0
0.30659372,0.3993299,0.29407638,0
0.3315428,0.34103,0.32742724,0
0.34688613,0.34694168,0.3061722,0
0.30368662,0.37237623,0.32393715,0
0.31734836,0.34345847,0.33919314,0
0.3326288,0.32660142,0.34076983,0
0.2808977,0.41482845,0.3042738,0
0.37054738,0.26364473,0.36580792,0
0.31472778,0.35284945,0.33242282,0
0.27123427,0.42312667,0.30563903,0
0.33938342,0.3469668,0.31364974,0
0.29953057,0.37362695,0.32684255,0
0.3234044,0.34424558,0.33235005,0
0.34285536,0.31712824,0.34001642,0
0.32135126,0.34371856,0.33493018,0
0.257926,0.5082062,0.23386782,0
0.20823042,0.5417761,0.2499935,0
0.3070686,0.43146247,0.26146895,0
0.2781687,0.4239658,0.29786548,0
0.26860577,0.46812394,0.2632703,0
0.22090133,0.5188895,0.26020926,0
0.24868776,0.4692464,0.28206584,0
0.2820126,0.48326284,0.23472449,0
0.24713989,0.47171447,0.28114563,0
0.28248236,0.4106818,0.30683586,0
0.2979496,0.38831502,0.31373537,0
0.3543159,0.30764237,0.3380417,0
0.37343636,0.2693335,0.35723013,0
0.38971624,0.31278464,0.29749912,1
0.34691662,0.3139303,0.33915305,0
0.3893672,0.26604116,0.34459168,1
0.3599315,0.26920152,0.37086707,0
0.36686802,0.2798828,0.35324922,0
0.30287406,0.3778032,0.31932268,0
0.29234937,0.39414358,0.31350717,0
0.3240237,0.38949445,0.2864819,0
0.33138654,0.3297708,0.33884266,0
0.27713832,0.48692977,0.2359319,0
0.23532438,0.50187737,0.2627982,0
0.22981887,0.5017123,0.2684688,0
0.28609192,0.39884382,0.3150643,0
0.265212,0.49032548,0.24446248,0
0.23665732,0.49099982,0.27234283,0
0.2685706,0.4347251,0.2967043,0
0.2609706,0.47630504,0.2627244,0
0.32373917,0.35669586,0.31956497,0
0.28764254,0.4263021,0.2860554,0
0.22921176,0.4960084,0.27477986,0
0.2669959,0.4387557,0.29424837,0
0.28537133,0.4752898,0.23933886,0
0.3424906,0.32806015,0.3294492,0
0.27996764,0.45544183,0.26459056,0
0.25558692,0.45819998,0.28621304,0
0.29006556,0.46434635,0.24558812,0
0.24498385,0.4759586,0.27905762,0
0.30766842,0.36943978,0.32289177,0
0.28927144,0.45122907,0.2594995,0
0.30452687,0.37779745,0.31767565,0
0.2868012,0.4064309,0.30676788,0
0.29727587,0.3965957,0.30612844,0
0.31830174,0.38837093,0.2933273,0
0.36423168,0.28925553,0.3465128,0
0.2240528,0.503351,0.2725962,0
0.31800345,0.4300035,0.25199306,0
0.21531212,0.5270992,0.25758868,0
0.23368016,0.5232723,0.24304757,0
0.34268945,0.3144491,0.34286147,0
0.2433879,0.5169844,0.23962764,0
0.23706461,0.49028555,0.27264988,0
0.24131188,0.4949835,0.2637046,0
0.2746726,0.4748823,0.25044513,0
0.31703553,0.36955187,0.31341258,0
0.2757703,0.46123832,0.26299143,0
0.32261455,0.3459884,0.3313971,0
0.21171826,0.53178936,0.2564924,0
0.26173833,0.44771683,0.29054478,0
0.2754895,0.47488576,0.24962473,0
0.2918375,0.40050188,0.30766058,0
0.2604793,0.4548214,0.2846993,0
0.33562437,0.34954363,0.31483203,0
0.30982646,0.40942767,0.2807459,0
0.25683972,0.5401893,0.20297088,0
0.15199323,0.6483308,0.19967599,0
0.28538328,0.39492238,0.31969437,0
0.3269424,0.3402814,0.3327762,0
0.3118153,0.4206285,0.26755625,0
0.37466744,0.26811427,0.35721835,0
0.15956978,0.63445526,0.20597488,0
0.29121006,0.40276054,0.30602938,0
0.27141377,0.43025273,0.29833356,0
0.26038986,0.47142372,0.26818633,0
0.27805272,0.46790785,0.2540394,0
0.29196513,0.39382392,0.31421092,0
0.29585356,0.4060184,0.298128,0
0.20476352,0.5481278,0.24710864,0
0.30501923,0.39739606,0.29758462,0
0.27701074,0.4909351,0.23205423,0
0.23362319,0.48744076,0.27893606,0
0.3459136,0.32311037,0.330976,0
0.36124182,0.29258454,0.3461736,0
0.32261083,0.36685026,0.31053892,0
0.37343636,0.26933348,0.35723013,0
0.3657214,0.25600228,0.37827635,-1
0.3184589,0.384876,0.29666513,0
0.3335426,0.3555847,0.3108727,0
0.36891425,0.25260258,0.37848318,-1
0.29128852,0.3900652,0.31864622,0
0.3094779,0.404183,0.28633916,0
0.30686328,0.37299445,0.32014224,0
0.40481687,0.246252,0.3489311,1
0.3617231,0.29525074,0.3430262,0
0.29907066,0.38850173,0.31242764,0
0.353586,0.30490887,0.3415052,0
0.31581604,0.3685798,0.31560412,0
0.26524642,0.4630577,0.27169585,0
0.327791,0.34008452,0.33212444,0
0.26679426,0.42626172,0.30694404,0
0.32040882,0.35226503,0.32732618,0
0.29018465,0.39137793,0.31843737,0
0.28378397,0.407667,0.30854902,0
0.28602138,0.40749994,0.30647865,0
0.29110923,0.45060477,0.25828606,0
0.31482872,0.39957246,0.28559878,0
0.3552087,0.34459862,0.30019268,0
0.31515083,0.36097714,0.32387206,0
0.33089224,0.33493778,0.33417,0
0.32587016,0.37237212,0.30175766,0
0.3736897,0.26895416,0.35735616,0
0.37065253,0.2647342,0.3646133,0
0.2645544,0.4417893,0.29365626,0
0.29901275,0.38480926,0.316178,0
0.32051522,0.38065222,0.2988326,0
0.31480736,0.3916171,0.29357558,0
0.23734346,0.5034092,0.2592473,0
0.34990603,0.32260546,0.32748848,0
0.13165578,0.69170874,0.17663553,0
0.22414829,0.51310664,0.2627451,0
0.30667132,0.3968092,0.29651952,0
0.33285895,0.32500753,0.34213355,0
0.27695227,0.43668672,0.286361,0
0.3292255,0.34892222,0.3218522,0
0.29328778,0.40080148,0.30591083,0
0.2841569,0.41063324,0.30520988,0
0.3582245,0.34317762,0.2985979,0
0.24430887,0.46632197,0.28936923,0
0.30034316,0.38694355,0.31271333,0
0.3233822,0.3848461,0.29177177,0
0.32074574,0.35993525,0.31931895,0
0.36772496,0.31846246,0.31381258,0
0.33894876,0.35102564,0.3100256,0
0.32659236,0.33873662,0.33467102,0
0.3092351,0.39816558,0.29259935,0
0.36967787,0.26880884,0.36151332,0
0.33758792,0.32329988,0.33911222,0
0.31972024,0.37183174,0.30844805,0
0.32755044,0.33273003,0.3397196,0
0.33203253,0.32534862,0.34261885,0
0.2772758,0.4179546,0.30476952,0
0.31486723,0.38902536,0.29610738,0
0.26395363,0.433349,0.30269736,0
0.32189518,0.3789819,0.2991229,0
0.2914133,0.4127821,0.29580465,0
0.21595371,0.5252929,0.25875336,0
0.29897952,0.38523784,0.31578264,0
0.2931576,0.47039437,0.23644803,0
0.27724382,0.42085692,0.30189925,0
0.27474242,0.4258865,0.29937112,0
0.3027342,0.42345697,0.2738089,0
0.27664664,0.42372128,0.2996321,0
0.26544526,0.44144124,0.29311353,0
0.30359074,0.37949,0.3169193,0
0.31201348,0.35783413,0.3301524,0
0.35349548,0.32890338,0.31760114,0
0.3261914,0.33985868,0.33394995,0
0.3412225,0.3336469,0.32513058,0
0.26496726,0.4862224,0.24881034,0
0.2863182,0.39938715,0.3142946,0
0.3106118,0.39158964,0.29779857,0
0.25510594,0.45902336,0.2858707,0
0.27294558,0.42883956,0.29821488,0
0.3361973,0.32747316,0.33632955,0
0.29902226,0.42532605,0.27565166,0
0.25623262,0.45567265,0.2880947,0
0.1964608,0.5634523,0.24008688,0
0.25811315,0.4489686,0.2929182,0
0.28584945,0.48139304,0.2327575,0
0.3151995,0.36989757,0.31490296,0
0.2573192,0.5261747,0.21650605,0
0.24724072,0.4724629,0.28029642,0
0.26855692,0.503618,0.22782509,0
0.2401855,0.48482466,0.27498984,0
0.28004596,0.41979393,0.30016008,0
0.2927038,0.40046623,0.3068299,0
0.30957007,0.4033486,0.28708127,0
0.25112826,0.4658523,0.28301942,0
0.36334255,0.28660455,0.3500529,0
0.36442605,0.28021094,0.35536304,0
0.33581293,0.36023265,0.30395445,0
0.3911048,0.27345946,0.33543566,1
0.3154796,0.35663906,0.3278813,0
0.37056857,0.26746383,0.36196762,0
0.37548965,0.33214006,0.2923703,1
0.3572501,0.32525834,0.31749156,0
0.33500254,0.3306729,0.33432463,0
0.31113246,0.38075402,0.30811352,0
0.29351717,0.4292885,0.27719435,0
0.2617953,0.4476202,0.29058447,0
0.282255,0.44761488,0.27013013,0
0.2745068,0.4233755,0.30211768,0
0.28520828,0.46624067,0.24855101,0
0.24136072,0.54109526,0.21754403,0
0.3015236,0.3796679,0.31880853,0
0.3078279,0.40869185,0.28348026,0
0.28711373,0.43757835,0.27530795,0
0.24863197,0.4701563,0.28121173,0
0.20892015,0.5402434,0.25083634,0
0.27238485,0.42538294,0.3022322,0
0.30980667,0.44891766,0.24127567,0
0.25999343,0.4939866,0.24601991,0
0.22994973,0.50281805,0.2672322,0
0.25506404,0.459095,0.28584084,0
0.34355277,0.34528974,0.3111574,0
0.3172399,0.35743615,0.325324,0
0.31006175,0.40073982,0.2891985,0
0.33795166,0.3677879,0.29426044,0
0.35984188,0.29727894,0.34287924,0
0.28567764,0.40821296,0.30610946,0
0.35197654,0.30556735,0.3424561,0
0.25618935,0.5253969,0.21841379,0
0.26805535,0.43397108,0.2979735,0
0.27183214,0.42470592,0.30346194,0
0.2486055,0.46820307,0.28319138,0
0.28670663,0.40543026,0.30786312,0
0.24119899,0.51260465,0.24619636,0
0.25393313,0.4610331,0.2850338,0
0.2111518,0.5364452,0.252403,0
0.29370898,0.3971407,0.3091503,0
0.26215595,0.49537537,0.24246867,0
0.26368138,0.46071863,0.2756,0
0.23714814,0.4883751,0.2744767,0
0.2856493,0.41476938,0.29958138,0
0.26623645,0.47313768,0.26062584,0
0.27603245,0.47791544,0.24605207,0
0.27396628,0.46043217,0.26560155,0
0.23311321,0.49723145,0.26965532,0
0.25719947,0.45544365,0.28735688,0
0.30545178,0.45289445,0.24165376,0
0.29344115,0.39668107,0.30987775,0
0.28214893,0.4121343,0.30571672,0
0.2656679,0.44048387,0.29384828,0
0.29870668,0.4128452,0.28844813,0
0.3086714,0.37642843,0.31490022,0
0.2671777,0.4196542,0.31316814,0
0.31451997,0.38793433,0.29754567,0
0.23442662,0.493136,0.2724374,0
0.28970802,0.41070345,0.2995885,0
0.25139254,0.48430237,0.2643051,0
0.2935303,0.3982969,0.30817285,0
0.27170047,0.4308925,0.2974071,0
0.25736162,0.4551668,0.28747162,0
0.2646848,0.47756267,0.2577526,0
0.20970654,0.5889223,0.20137106,0
0.25505537,0.4591099,0.2858347,0
0.29362246,0.39567778,0.3106997,0
0.3000195,0.42425022,0.27573022,0
0.29726046,0.38784802,0.31489152,0
0.34871882,0.30764005,0.34364107,0
0.3154872,0.3990654,0.2854473,0
0.32649365,0.3671912,0.3063151,0
0.23080061,0.47287533,0.29632404,0
0.34740135,0.3408687,0.3117299,0
0.36069018,0.28980204,0.34950778,0
0.33790344,0.33722034,0.32487628,0
0.35099438,0.305079,0.34392652,0
0.30815378,0.37250897,0.31933722,0
0.30817416,0.39627343,0.29555234,0
0.28222147,0.41375175,0.30402678,0
0.31968355,0.35526532,0.32505113,0
0.26042834,0.49233937,0.24723229,0
0.28898078,0.39730588,0.3137134,0
0.28645062,0.40196362,0.31158575,0
0.22808436,0.48609146,0.28582412,0
0.28717783,0.4058343,0.3069879,0
0.21849671,0.50134784,0.28015554,0
0.25797644,0.5155925,0.22643106,0
0.28989324,0.44398475,0.26612195,0
0.25371414,0.48124474,0.26504102,0
0.37308782,0.26933512,0.35757706,0
0.22234395,0.6038245,0.17383152,0
0.30196813,0.41107953,0.28695235,0
0.36989146,0.26915318,0.36095536,0
0.31987384,0.3696257,0.31050044,0
0.29009748,0.3693816,0.34052092,0
0.3736196,0.26890573,0.35747465,0
0.37569857,0.2999325,0.3243689,1
0.37055552,0.2692023,0.36024213,0
0.37738547,0.31318024,0.3094343,1
0.24794804,0.47025284,0.28179917,0
0.38605064,0.23072107,0.3832283,0
0.38215488,0.2766556,0.34118947,1
0.35964042,0.29459968,0.34575984,0
0.2831436,0.40849507,0.3083613,0
0.33339936,0.35188308,0.3147175,0
0.29158366,0.39733452,0.31108186,0
0.31991163,0.361045,0.31904337,0
0.24870762,0.46884948,0.2824429,0
0.27195558,0.42463073,0.30341372,0
0.2505017,0.46693128,0.28256702,0
0.25693288,0.45564988,0.2874173,0
0.32463995,0.38130417,0.29405585,0
0.33500162,0.35866234,0.30633605,0
0.28434527,0.4495556,0.26609907,0
0.31058022,0.3648042,0.32461557,0
0.25692287,0.455916,0.2871611,0
0.2960001,0.3919424,0.3120575,0
0.37343636,0.2693335,0.35723013,0
0.37406772,0.26796234,0.35796994,0
0.37375924,0.26922178,0.35701898,0
0.34691656,0.31050053,0.34258288,0
0.33100772,0.36374882,0.30524343,0
0.40356085,0.2749897,0.3214494,1
0.3501891,0.33765283,0.31215808,0
0.286559,0.39303657,0.32040438,0
0.33701822,0.36063084,0.3023509,0
0.27815557,0.4184231,0.30342138,0
0.2741382,0.41243038,0.31343135,0
0.33532882,0.327491,0.3371802,0
0.27803123,0.4160191,0.30594963,0
0.3225972,0.3497868,0.32761592,0
0.3000191,0.38194904,0.31803182,0
0.29176185,0.42252225,0.28571597,0
0.28255102,0.405845,0.311604,0
0.2544992,0.45397425,0.2915266,0
0.26238325,0.44447562,0.2931411,0
0.33454868,0.32893744,0.33651388,0
0.3058238,0.40926906,0.28490716,0
0.3178647,0.38573492,0.29640037,0
0.28034124,0.41836014,0.30129865,0
0.28256732,0.43151587,0.28591678,0
0.346919,0.32792762,0.32515347,0
0.33182114,0.32009974,0.3480791,0
0.28429466,0.40663588,0.30906945,0
0.33848518,0.3459842,0.3155307,0
0.2822591,0.41045544,0.30728552,0
0.36984456,0.3193376,0.31081778,0
0.330787,0.35052463,0.3186884,0
0.37731758,0.25046057,0.3722219,1
0.38204104,0.3284159,0.28954312,1
0.3323841,0.35656634,0.3110496,0
0.28293005,0.41260898,0.30446094,0
0.2808815,0.4126053,0.30651322,0
0.31119516,0.38174635,0.3070585,0
0.2759866,0.42349166,0.3005218,0
0.26332876,0.47176,0.26491132,0
0.29524797,0.39294383,0.31180823,0
0.27970356,0.47655317,0.24374329,0
0.27618363,0.42088932,0.30292702,0
0.30981606,0.39288524,0.2972987,0
0.2740694,0.4815128,0.2444178,0
0.2374667,0.48841274,0.27412057,0
0.2872874,0.40566066,0.3070519,0
0.37439662,0.26807493,0.35752845,0
0.35081607,0.3053693,0.34381467,0
0.37343636,0.2693335,0.35723013,0
0.336095,0.32682866,0.33707634,0
0.3801839,0.24630378,0.37351233,1
0.37919182,0.26213273,0.35867542,1
0.37208486,0.25858465,0.36933047,0
0.2819405,0.3996514,0.31840813,0
0.3869439,0.23220187,0.38085428,0
0.35422066,0.3138092,0.3319702,0
0.32228744,0.40067053,0.27704206,0
0.2545898,0.45657676,0.28883344,0
0.3870011,0.23198687,0.38101208,0
0.358464,0.28481203,0.35672402,0
0.259008,0.44917494,0.29181698,0
0.35765463,0.30652717,0.3358181,0
0.34084117,0.3602162,0.29894263,0
0.21316236,0.5314458,0.2553918,0
0.25027674,0.46338293,0.2863404,0
0.33039737,0.32881415,0.34078845,0
0.3255456,0.34098202,0.33347237,0
0.346217,0.3077189,0.34606412,0
0.31231058,0.40910116,0.27858827,0
0.31987545,0.352577,0.3275475,0
0.3337768,0.33093244,0.3352908,0
0.21202493,0.53477216,0.25320292,0
0.3371214,0.34306365,0.31981498,0
0.31698948,0.35590395,0.32710654,0
0.32071605,0.33661643,0.34266752,0
0.34133247,0.30347258,0.35519496,0
0.3216857,0.3566633,0.32165098,0
0.29038775,0.4396641,0.26994815,0
0.3335979,0.35413268,0.31226942,0
0.36692917,0.25902066,0.37405023,0
0.22477578,0.5116422,0.263582,0
0.3716766,0.2659059,0.3624175,0
0.36478606,0.2791997,0.35601425,0
0.28131026,0.4153528,0.30333692,0
0.30944625,0.3676937,0.32286006,0
0.2918346,0.3943216,0.3138438,0
0.27850357,0.4175448,0.30395162,0
0.23710021,0.49022314,0.2726767,0
0.2550561,0.46217838,0.2827655,0
0.35077196,0.32046428,0.32876375,0
0.22806114,0.4954171,0.27652183,0
0.28088155,0.42204148,0.297077,0
0.28285164,0.40196526,0.31518307,0
0.27681556,0.4726861,0.25049838,0
0.19953029,0.55776834,0.24270141,0
0.26810953,0.43109,0.3008005,0
0.35743496,0.30841997,0.33414504,0
0.37508383,0.2684915,0.35642466,1
0.2691223,0.4407821,0.2900956,0
0.31097037,0.36791134,0.32111832,0
0.31043732,0.40019777,0.2893649,0
0.33123338,0.33397606,0.33479053,0
0.2603548,0.4366185,0.30302668,0
0.3672812,0.2793421,0.35337663,0
0.37343636,0.2693335,0.35723013,0
0.37478375,0.25920075,0.36601552,0
0.3528819,0.31732127,0.3297968,0
0.37493902,0.24707851,0.37798244,-1
0.26227438,0.43370238,0.30402327,0
0.37950477,0.238269,0.38222626,0
0.31139895,0.35449207,0.334109,0
0.2874897,0.45069933,0.26181093,0
0.30363423,0.379195,0.31717074,0
0.2937612,0.39330253,0.31293622,0
0.31140354,0.36872953,0.31986693,0
0.37343636,0.2693335,0.35723013,0
0.35429803,0.3417422,0.30395982,0
0.3349448,0.32819918,0.33685604,0
0.32559922,0.34215865,0.3322421,0
0.3807078,0.25354466,0.36574754,1
0.32628492,0.3703958,0.30331928,0
0.31889442,0.3664427,0.31466287,0
0.32259592,0.34977758,0.3276265,0
0.32132533,0.39772248,0.2809522,0
0.34653255,0.32867074,0.32479665,0
0.3320647,0.35658243,0.31135288,0
0.33502176,0.351565,0.3134133,0
0.32322815,0.36482036,0.31195146,0
0.2508424,0.53809804,0.21105959,0
0.27938214,0.42553896,0.29507887,0
0.2763297,0.42883176,0.29483846,0
0.2568282,0.45137075,0.29180107,0
0.3002839,0.38430223,0.31541386,0
0.3381921,0.32204074,0.33976713,0
0.2895361,0.40210602,0.30835783,0
0.32087317,0.37941897,0.29970786,0
0.2712688,0.44869366,0.28003752,0
0.26984924,0.48353717,0.24661352,0
0.29894736,0.38617253,0.3148801,0
0.2961448,0.45382252,0.25003266,0
0.28745958,0.40675974,0.3057807,0
0.32647794,0.34690118,0.32662094,0
0.3379338,0.32527035,0.33679584,0
0.25384396,0.45265847,0.2934975,0
0.37343633,0.26933348,0.3572301,0
0.37502527,0.26874793,0.3562268,1
0.3735941,0.2792243,0.34718156,0
0.38802376,0.28828928,0.32368693,1
0.35803849,0.29650277,0.3454588,0
0.3773384,0.25269446,0.3699671,1
0.35807088,0.2884272,0.3535019,0
0.246773,0.4733707,0.2798563,0
0.33979237,0.3142802,0.34592745,0
0.2761964,0.41745073,0.30635285,0
0.3417075,0.29941842,0.35887405,0
0.3715794,0.3000164,0.32840422,0
0.33227903,0.32323283,0.34448817,0
0.3191235,0.35373205,0.3271444,0
0.3219583,0.37919092,0.29885077,0
0.25106066,0.46177614,0.2871632,0
0.2648449,0.46400988,0.2711452,0
0.25043678,0.5268766,0.22268662,0
0.3079497,0.39508313,0.2969672,0
0.23595071,0.48736265,0.27668658,0
0.2983773,0.386002,0.31562066,0
0.32945478,0.33531657,0.3352286,0
0.3082296,0.37269557,0.31907487,0
0.30376413,0.37999064,0.31624523,0
0.34915477,0.33767065,0.31317458,0
0.3900448,0.27661067,0.33334446,1
0.37119097,0.26406938,0.36473966,0
0.37360772,0.2690769,0.35731542,0
0.35363007,0.30031207,0.34605783,0
0.31527638,0.39064,0.2940836,0
0.31699088,0.3505471,0.33246204,0
0.31156504,0.36694142,0.32149357,0
0.3157813,0.37990445,0.3043142,0
0.37336215,0.26934782,0.35729006,0
0.31797332,0.34662512,0.33540156,0
0.3000745,0.40769058,0.29223493,0
0.33502495,0.31345037,0.35152468,0
0.3556947,0.28101814,0.36328712,0
0.32436568,0.34111872,0.33451563,0
0.29116243,0.38835466,0.32048297,0
0.27228203,0.42355242,0.30416554,0
0.32050925,0.39616534,0.28332543,0
0.33170566,0.3226722,0.34562212,0
0.3318386,0.33324283,0.33491856,0
0.33951145,0.3375445,0.32294413,0
0.28715226,0.44777218,0.26507556,0
0.34895143,0.30015323,0.3508954,0
0.35029897,0.28674048,0.36296052,0
0.3129215,0.34841764,0.3386609,0
0.31785092,0.35484213,0.3273069,0
0.36737317,0.26613367,0.36649317,0
0.3414592,0.29848868,0.36005208,0
0.26095158,0.4463454,0.29270303,0
0.36355475,0.28560147,0.35084376,0
0.38379195,0.23264736,0.38356075,0
0.30406997,0.38534224,0.3105878,0
0.32495755,0.34477893,0.3302635,0
0.30765533,0.3646521,0.3276925,0
0.39251474,0.23320635,0.37427893,1
0.34744278,0.3118205,0.34073678,0
0.2657603,0.4407648,0.29347485,0
0.22900793,0.5004332,0.27055877,0
0.31301793,0.36043307,0.32654902,0
0.2614213,0.43709216,0.30148655,0
0.30295664,0.388402,0.30864143,0
0.2729769,0.42878634,0.2982367,0
0.26425666,0.4428188,0.29292452,0
0.30813995,0.38856936,0.30329064,0
0.3762666,0.2668652,0.35686818,1
0.26237682,0.4396734,0.29794976,0
0.33499187,0.3275045,0.33750358,0
0.35979113,0.29228055,0.34792838,0
0.32254517,0.34227335,0.33518147,0
0.32703042,0.3387462,0.3342234,0
0.32523513,0.3363893,0.33837557,0
0.3741432,0.26828703,0.35756978,0
0.29561242,0.40032676,0.3040608,0
0.36944565,0.25934556,0.37120876,0
0.3339727,0.34304887,0.32297847,0
0.38443315,0.23220256,0.38336435,0
0.33929396,0.34598857,0.3147174,0
0.37904945,0.23936863,0.38158193,0
0.3329786,0.3195347,0.34748662,0
0.23908447,0.48473698,0.2761786,0
0.32975096,0.32703614,0.34321296,0
0.36206892,0.27652806,0.36140305,0
0.3350606,0.34700516,0.31793433,0
0.37602702,0.26762232,0.35635063,1
0.313087,0.36005184,0.32686117,0
0.32427064,0.336004,0.33972538,0
0.29791385,0.3770058,0.32508034,0
0.28796172,0.39352688,0.31851146,0
0.34114927,0.31745416,0.34139663,0
0.32507798,0.34070808,0.334214,0
0.2952189,0.42896333,0.27581772,0
0.25051787,0.46690348,0.28257874,0
0.31670076,0.34702548,0.33627376,0
0.36622638,0.277866,0.35590762,0
0.28797907,0.39986923,0.3121517,0
0.2816889,0.41283903,0.3054721,0
0.34050936,0.35974282,0.29974788,0
0.36383098,0.2725031,0.3636659,0
0.17158248,0.609971,0.2184465,0
0.3050395,0.36632323,0.32863724,0
0.32815185,0.4096152,0.26223287,0
0.2428184,0.5355489,0.22163263,0
0.20957486,0.54094803,0.24947712,0
0.2862389,0.45342946,0.26033163,0
0.32258156,0.37557343,0.30184504,0
0.22458819,0.5118663,0.26354554,0
0.36800572,0.28191772,0.35007656,0
0.23464054,0.4945425,0.27081704,0
0.24400568,0.47817037,0.27782398,0
0.35445943,0.3088898,0.33665076,0
0.3452883,0.31973612,0.33497563,0
0.2837699,0.41356808,0.30266207,0
0.29787838,0.38891703,0.31320465,0
0.30085108,0.3841953,0.3149535,0
0.23693782,0.4893824,0.27367982,0
0.29914707,0.40153012,0.29932287,0
0.30910245,0.35547554,0.335422,0
0.25001246,0.4677743,0.28221315,0
0.29408523,0.43648967,0.2694251,0
0.29060006,0.44498977,0.26441014,0
0.22871505,0.49988136,0.27140367,0
0.31408924,0.36323106,0.32267973,0
0.330657,0.35356116,0.31578177,0
0.25838894,0.5124081,0.22920293,0
0.31674746,0.37159663,0.31165597,0
0.30619064,0.3584267,0.33538273,0
0.28498378,0.40931496,0.3057013,0
0.29895818,0.38373455,0.31730723,0
0.28577432,0.42956996,0.2846557,0
0.3099522,0.3672767,0.32277107,0
0.27923527,0.43614578,0.28461903,0
0.32242495,0.3691449,0.30843017,0
0.23231395,0.5528264,0.21485972,0
0.28675187,0.40121415,0.31203392,0
0.34637418,0.36158484,0.2920409,0
0.3717598,0.31923068,0.30900952,0
0.20389451,0.56561834,0.23048712,0
0.31751543,0.36089313,0.32159144,0
0.38177136,0.31879562,0.299433,1
0.37248164,0.2695879,0.35793042,0
0.32846546,0.35462233,0.31691226,0
0.37462035,0.2672831,0.35809654,0
0.36064053,0.30837804,0.33098146,0
0.32420534,0.35021335,0.32558128,0
0.35913125,0.3011024,0.3397663,0
0.35015604,0.3301278,0.31971616,0
0.27418584,0.43329492,0.2925192,0
0.3499737,0.3901631,0.25986314,0
0.372326,0.2550084,0.37266567,0
0.20890017,0.5323088,0.25879103,0
0.31982803,0.38172203,0.29844993,0
0.32899952,0.35373795,0.31726256,0
0.2741113,0.47556052,0.25032818,0
0.23316707,0.4971365,0.26969635,0
0.26721427,0.46102327,0.27176243,0
0.29428092,0.4164471,0.289272,0
0.2818575,0.41354913,0.30459344,0
0.19569978,0.55675316,0.24754702,0
0.3672414,0.36465836,0.26810017,0
0.33148664,0.34252706,0.32598636,0
0.33289072,0.33522815,0.3318812,0
0.2862126,0.37782043,0.33596697,0
0.27196085,0.42640126,0.30163792,0
0.37614584,0.26760378,0.35625038,1
0.36686182,0.28077722,0.35236102,0
0.31471682,0.37566856,0.30961463,0
0.37344393,0.26918963,0.35736653,0
0.3496408,0.32061788,0.32974133,0
0.3741067,0.26371464,0.36217865,0
0.32680154,0.3685472,0.3046513,0
0.28510475,0.42054835,0.29434693,0
0.32080644,0.3876761,0.29151753,0
0.2770506,0.44430885,0.27864057,0
0.33031595,0.33614495,0.33353913,0
0.31702805,0.4173886,0.26558337,0
0.36972228,0.26489228,0.3653855,0
0.18939158,0.6630776,0.14753082,0
0.28834015,0.42701235,0.28464752,0
0.26077446,0.4476515,0.29157397,0
0.29211468,0.40081388,0.30707145,0
0.22070412,0.4801724,0.29912344,0
0.34743127,0.34759763,0.3049712,0
0.15755183,0.5993894,0.24305886,0
0.32524556,0.36749718,0.30725724,0
0.43340915,0.21490322,0.35168764,1
0.233611,0.49956557,0.26682344,0
0.29793346,0.3888482,0.31321836,0
0.3776343,0.31760356,0.30476218,1
0.39917406,0.2517156,0.34911034,1
0.36319846,0.2597648,0.37703675,-1
0.34824207,0.36455628,0.28720164,0
0.34114727,0.31938037,0.33947232,0
0.3086879,0.3888729,0.3024392,0
0.30846232,0.3929116,0.29862607,0
0.3328648,0.3434739,0.3236612,0
0.268204,0.42052183,0.31127414,0
0.29721826,0.43346205,0.2693197,0
0.21080145,0.50427276,0.28492576,0
0.37628424,0.26834676,0.35536897,1
0.30120787,0.50815594,0.19063613,0
0.27549985,0.42476228,0.2997379,0
0.2810028,0.4209418,0.2980554,0
0.31582904,0.36039662,0.32377428,0
0.31403396,0.371279,0.314687,0
0.22444856,0.5421737,0.23337777,0
0.2963872,0.4317989,0.27181393,0
0.26277897,0.4560514,0.2811695,0
0.32246718,0.365174,0.31235886,0
0.30331823,0.46821567,0.22846614,0
0.2630916,0.5237628,0.21314558,0
0.24261901,0.4886374,0.26874357,0
0.30461925,0.37823215,0.3171486,0
0.33312216,0.33238903,0.33448884,0
0.37242332,0.27077493,0.35680178,0
0.306955,0.4100983,0.28294662,0
0.32079697,0.39362395,0.28557914,0
0.30247468,0.38440222,0.31312308,0
0.38354892,0.27668914,0.339762,1
0.31938162,0.39295295,0.2876654,0
0.32458827,0.38705197,0.28835982,0
0.3746663,0.26990992,0.35542378,0
0.3747786,0.25167155,0.37354985,0
0.30315387,0.40460488,0.29224136,0
0.30139643,0.41626173,0.2823419,0
0.28088018,0.40958363,0.30953616,0
0.20604007,0.5433313,0.25062865,0
0.26690134,0.43128598,0.3018127,0
0.34973142,0.29736635,0.35290226,0
0.21905465,0.49842504,0.28252035,0
0.2842603,0.45140204,0.26433772,0
0.20239018,0.55083203,0.24677786,0
0.25962904,0.43040058,0.30997044,0
0.3165538,0.4027778,0.28066838,0
0.22166736,0.5117117,0.2666209,0
0.32574162,0.35928112,0.31497717,0
0.26244712,0.42840952,0.30914333,0
0.37229896,0.3127417,0.31495935,0
0.37343633,0.2693335,0.3572301,0
0.37340796,0.26925164,0.3573404,0
0.42130095,0.262754,0.3159451,1
0.3744522,0.2688958,0.35665196,0
0.38620347,0.27433422,0.33946228,1
0.33835942,0.325766,0.33587462,0
0.3673977,0.30637914,0.32622313,0
0.37035015,0.32141724,0.30823264,0
0.29175633,0.38686478,0.32137886,0
0.2936732,0.39501077,0.3113161,0
0.31261423,0.3671176,0.3202682,0
0.24300103,0.47874194,0.2782571,0
0.24818206,0.52222013,0.22959782,0
0.20078278,0.5554552,0.24376199,0
0.23931883,0.4863389,0.27434227,0
0.26010317,0.5173821,0.22251464,0
0.2536871,0.53387564,0.21243726,0
0.22396961,0.51467776,0.26135266,0
0.26421055,0.47143522,0.2643543,0
0.24488443,0.47664437,0.27847123,0
0.25084433,0.4598629,0.28929278,0
0.3026748,0.3950808,0.30224434,0
0.34367487,0.31243432,0.34389082,0
0.28457558,0.43211836,0.28330603,0
0.27279058,0.45230412,0.27490532,0
0.30634403,0.36982593,0.32382998,0
0.23773998,0.4886264,0.27363357,0
0.29515752,0.39319402,0.3116485,0
0.23348074,0.5296816,0.2368376,0
0.2968467,0.42887685,0.2742765,0
0.2639435,0.45507303,0.28098342,0
0.31706727,0.35713625,0.3257964,0
0.20990224,0.534891,0.25520673,0
0.28474447,0.44635266,0.2689029,0
0.2917374,0.40930045,0.29896212,0
0.28728548,0.39881372,0.31390074,0
0.19396892,0.55416846,0.25186256,0
0.24761981,0.46789986,0.28448027,0
0.31774622,0.36028543,0.32196832,0
0.30382293,0.4318199,0.2643572,0
0.35629472,0.30841058,0.33529472,0
0.26319104,0.44681525,0.28999373,0
0.300221,0.37990284,0.31987616,0
0.29848173,0.38991746,0.31160071,0
0.20790383,0.59187526,0.20022084,0
0.24513444,0.5498436,0.20502193,0
0.33313182,0.35363212,0.31323603,0
0.31618178,0.40003654,0.2837817,0
0.37144947,0.26773423,0.36081636,0
0.32755405,0.34794036,0.3245056,0
0.37376145,0.2671538,0.35908478,0
0.32049254,0.3867376,0.2927699,0
0.34445518,0.33214936,0.32339543,0
0.29485837,0.39308578,0.3120558,0
0.2824325,0.41205305,0.3055145,0
0.2876535,0.4179924,0.29435405,0
0.2705767,0.42933393,0.30008933,0
0.30244035,0.3790342,0.3185255,0
0.28021884,0.42712083,0.29266036,0
0.26929474,0.43138468,0.29932055,0
0.24023624,0.5246426,0.23512122,0
0.24030267,0.48389187,0.2758055,0
0.22958373,0.5234105,0.24700582,0
0.35843036,0.32508352,0.31648615,0
0.25571623,0.50101316,0.24327053,0
0.32149196,0.35617274,0.32233533,0
0.24770617,0.47175613,0.28053766,0
0.30033165,0.4069745,0.29269388,0
0.28479734,0.43404415,0.28115854,0
0.3111575,0.35777363,0.33106893,0
0.37343633,0.2693335,0.3572301,0
0.29581085,0.40348607,0.30070302,0
0.35429206,0.31012145,0.3355865,0
0.3748334,0.26770875,0.35745782,0
0.43630573,0.29084086,0.2728533,1
0.35360086,0.29462484,0.35177436,0
0.33994225,0.32609224,0.33396545,0
0.35657036,0.28050643,0.36292326,0
0.3399113,0.33861554,0.32147318,0
0.26646394,0.45755807,0.275978,0
0.3375102,0.33495066,0.3275392,0
0.223597,0.5167631,0.25963995,0
0.21112333,0.57353354,0.21534316,0
0.28231704,0.41325325,0.30442974,0
0.20812817,0.5408259,0.25104594,0
0.26609698,0.4608863,0.27301675,0
0.26460275,0.51132137,0.2240759,0
0.22784632,0.514582,0.25757173,0
0.35662815,0.29657248,0.3467994,0
0.30192533,0.38248077,0.31559387,0
0.33017573,0.3566167,0.3132075,0
0.350697,0.30626267,0.34304032,0
0.3132315,0.37476593,0.31200254,0
0.29226872,0.4280986,0.27963272,0
0.33539766,0.33683985,0.32776245,0
0.3821231,0.2696745,0.34820244,1
0.37455937,0.26893735,0.35650322,0
0.37300196,0.26808855,0.35890955,0
0.37824926,0.30876258,0.3129881,1
0.31524503,0.39174533,0.2930096,0
0.29731172,0.38440108,0.31828722,0
0.3404777,0.32477003,0.33475223,0
0.34638578,0.3384072,0.31520706,0
0.23721199,0.49764273,0.26514527,0
0.30194825,0.3893223,0.30872944,0
0.35841945,0.30573982,0.33584076,0
0.28079194,0.4084966,0.31071144,0
0.31540617,0.3880613,0.29653248,0
0.2499581,0.4889955,0.2610465,0
0.23140743,0.49933758,0.2692549,0
0.28250974,0.40315184,0.31433842,0
0.26396692,0.5076526,0.22838046,0
0.29392803,0.43309042,0.27298152,0
0.23220992,0.49970764,0.26808253,0
0.23151074,0.50005853,0.26843074,0
0.31286094,0.4169341,0.270205,0
0.32932436,0.33884946,0.33182615,0
0.37343636,0.26933348,0.35723013,0
0.35298184,0.3528261,0.29419208,0
0.37587196,0.26653585,0.35759228,1
0.3034096,0.39243284,0.30415756,0
0.3374664,0.32300216,0.33953142,0
0.37228695,0.35536903,0.27234396,0
0.38202733,0.25702325,0.3609494,1
0.31757087,0.35027584,0.33215332,0
0.3669831,0.27520314,0.35781378,0
0.343356,0.3212307,0.33541328,0
0.29890668,0.4216503,0.27944297,0
0.39655972,0.27356464,0.32987562,1
0.37784153,0.24358532,0.37857312,0
0.32342812,0.3535537,0.3230181,0
0.28409335,0.43129313,0.28461352,0
0.26050895,0.44942367,0.29006737,0
0.2609309,0.47603983,0.26302928,0
0.27526996,0.4259871,0.29874292,0
0.28410852,0.41336292,0.3025285,0
0.2737572,0.44868508,0.27755773,0
0.304569,0.38156483,0.31386614,0
0.2860392,0.45577875,0.25818205,0
0.3521466,0.3133942,0.33445922,0
0.30787396,0.37284362,0.31928238,0
0.31612813,0.37245926,0.31141257,0
0.37079224,0.29753637,0.33167133,0
0.3042206,0.3788026,0.31697685,0
0.32978445,0.36837414,0.30184144,0
0.37393805,0.26915985,0.35690203,0
0.3779891,0.26269978,0.3593111,1
0.34245613,0.31719327,0.3403506,0
0.3499194,0.30528653,0.34479412,0
0.35533065,0.32146528,0.32320413,0
0.3284417,0.34989816,0.32166016,0
0.2835552,0.40867847,0.30776632,0
0.37588692,0.26848465,0.3556285,1
0.39434865,0.2684996,0.3371517,1
0.31143937,0.3949532,0.29360747,0
0.35819218,0.29183495,0.34997287,0
0.3474785,0.3130526,0.33946887,0
0.32708782,0.33307537,0.33983678,0
0.3344038,0.35079443,0.31480175,0
0.3857344,0.25917056,0.35509497,1
0.36211118,0.31218076,0.3257081,0
0.307792,0.40049255,0.2917154,0
0.20072985,0.5543492,0.24492101,0
0.2581959,0.45151672,0.29028746,0
0.3140125,0.36188442,0.32410315,0
0.38437867,0.2682787,0.34734267,1
0.37392247,0.26916525,0.35691223,0
0.400858,0.30676177,0.29238027,1
0.37473872,0.26846573,0.35679558,0
0.26091683,0.42724314,0.3118401,0
0.24456012,0.47405988,0.28138003,0
0.33496442,0.36986357,0.295172,0
0.3565778,0.29755464,0.3458675,0
0.33411685,0.32137704,0.34450614,0
0.24548571,0.46209702,0.2924173,0
0.40495145,0.30208763,0.2929609,1
0.26970908,0.4402789,0.290012,0
0.26917538,0.48320594,0.24761862,0
0.27316296,0.474766,0.25207105,0
0.32321572,0.35017562,0.3266087,0
0.25677726,0.45616475,0.28705797,0
0.2308371,0.54400843,0.22515455,0
0.2658765,0.5077397,0.22638367,0
0.23745346,0.48960397,0.2729426,0
0.26863423,0.47933868,0.2520271,0
0.21073921,0.53637266,0.2528881,0
0.23481372,0.52679485,0.23839141,0
0.22499463,0.60476446,0.1702409,0
0.2797588,0.41981235,0.3004288,0
0.28219017,0.4617824,0.2560274,0
0.25584707,0.45478612,0.2893669,0
0.32057515,0.34810975,0.33131513,0
0.3178302,0.35653394,0.32563576,0
0.3284728,0.34421343,0.32731378,0
0.33293745,0.35869506,0.30836752,0
0.28927124,0.4092588,0.30146995,0
0.27718115,0.40947804,0.3133408,0
0.28615284,0.48201305,0.23183411,0
0.37066838,0.28218946,0.34714216,0
0.3005353,0.40179557,0.29766917,0
0.21797518,0.5226462,0.2593786,0
0.24598376,0.47088823,0.28312808,0
0.26396576,0.49372616,0.24230807,0
0.2857154,0.4238671,0.2904175,0
0.33401793,0.33531663,0.33066544,0
0.2664757,0.43970224,0.293822,0
0.29840055,0.42174077,0.2798587,0
0.269988,0.5039801,0.2260319,0
0.16589026,0.6212823,0.21282743,0
0.25232416,0.48034188,0.26733395,0
0.31689268,0.38237193,0.30073532,0
0.25548628,0.4581237,0.28639007,0
0.22578245,0.5102054,0.2640121,0
0.30057558,0.38480374,0.31462064,0
0.32467356,0.36391762,0.3114088,0
0.2929637,0.43812722,0.26890913,0
0.26124474,0.49649432,0.24226093,0
0.18120205,0.5919672,0.22683063,0
0.31132823,0.42647773,0.26219404,0
0.3472385,0.3194804,0.33328107,0
0.20431766,0.54894674,0.2467356,0
0.32129383,0.38091055,0.2977956,0
0.32212287,0.3495059,0.32837117,0
0.3125372,0.35727513,0.33018768,0
0.2925772,0.39917436,0.30824843,0
0.25819275,0.47417548,0.26763174,0
0.3777271,0.2710425,0.35123038,1
0.29173633,0.39863983,0.30962384,0
0.3200283,0.34780905,0.33216268,0
0.22322182,0.5147542,0.26202402,0
0.29091322,0.39446303,0.31462377,0
0.28824297,0.41253388,0.29922318,0
0.32359707,0.37482977,0.30157313,0
0.30606112,0.42036292,0.27357596,0
0.32697472,0.36812976,0.30489552,0
0.3816455,0.2727603,0.34559414,1
0.3740117,0.2674336,0.35855466,0
0.37343636,0.2693335,0.35723013,0
0.3736627,0.26899454,0.35734275,0
0.36857343,0.28255075,0.34887585,0
0.3572713,0.27706254,0.36566615,0
0.3711135,0.25559425,0.37329224,0
0.24258064,0.47842553,0.27899382,0
0.3634795,0.29004547,0.346475,0
0.35544077,0.3307867,0.3137725,0
0.3232019,0.3292513,0.34754688,0
0.27123672,0.48148462,0.24727868,0
0.2815645,0.43845046,0.279985,0
0.3098058,0.39863563,0.2915586,0
0.23426345,0.488251,0.27748552,0
0.33447298,0.32874086,0.3367862,0
0.27978766,0.4164214,0.30379087,0
0.26802173,0.49414364,0.23783463,0
0.26753482,0.43130758,0.30115762,0
0.31340614,0.39355206,0.29304177,0
0.32948053,0.3492243,0.32129517,0
0.20840864,0.5397602,0.25183114,0
0.26993743,0.44948894,0.28057364,0
0.30000907,0.38483462,0.3151563,0
0.2691187,0.43525326,0.2956281,0
0.3205433,0.3520813,0.3273754,0
0.32708642,0.34434396,0.32856962,0
0.28804824,0.40421298,0.30773878,0
0.374266,0.26904634,0.35668766,0
0.3681877,0.26017764,0.3716347,0
0.33138847,0.33095887,0.33765262,0
0.29848996,0.42131478,0.28019536,0
0.3340659,0.367842,0.2980921,0
0.26901764,0.43276036,0.29822198,0
0.31764224,0.3814805,0.30087724,0
0.37275133,0.26813552,0.35911322,0
0.30452603,0.40795165,0.2875223,0
0.30974686,0.3985995,0.29165363,0
0.30778438,0.3682987,0.32391685,0
0.29433426,0.39694828,0.3087174,0
0.26304138,0.44453874,0.29241985,0
0.3064171,0.378632,0.31495088,0
0.23677865,0.49069273,0.27252865,0
0.29778358,0.3893026,0.31291378,0
0.33763182,0.35476923,0.30759892,0
0.2906544,0.40034282,0.3090028,0
0.37806067,0.26904574,0.35289362,1
0.37137437,0.29246166,0.336164,0
0.31272373,0.36538595,0.32189032,0
0.32847047,0.3445275,0.32700208,0
0.3162695,0.36439794,0.31933266,0
0.29706717,0.39023355,0.3126993,0
0.35640758,0.29867285,0.3449195,0
0.36580497,0.29396984,0.3402252,0
0.31442717,0.3932137,0.29235908,0
0.27078053,0.43047625,0.2987432,0
0.32091832,0.36316395,0.3159177,0
0.2140835,0.52990615,0.25601038,0
0.26037374,0.45003495,0.2895913,0
0.34405488,0.30195832,0.3539868,0
0.29510638,0.39042675,0.31446683,0
0.3242384,0.35595748,0.31980407,0
0.28225002,0.41419527,0.30355474,0
0.30786577,0.3710988,0.3210355,0
0.25168765,0.45670173,0.29161057,0
0.31951338,0.38772225,0.29276434,0
0.30702734,0.37497485,0.31799784,0
0.33314312,0.35520774,0.31164917,0
0.2895914,0.4012268,0.30918187,0
0.32235372,0.3683922,0.3092541,0
0.32539427,0.38356304,0.29104275,0
0.29053554,0.43527907,0.27418545,0
0.3703865,0.26893476,0.36067873,0
0.29448625,0.3936919,0.3118219,0
0.3996987,0.2728691,0.3274322,1
0.361343,0.3165017,0.32215524,0
0.40553024,0.30793324,0.28653654,1
0.32647675,0.37535608,0.29816705,0
0.37791282,0.2547783,0.36730888,1
0.31713337,0.38614905,0.29671755,0
0.30101204,0.4151672,0.2838208,0
0.29260355,0.45811,0.2492865,0
0.38483268,0.23964258,0.3755248,0
0.3603845,0.34021202,0.29940346,0
0.37343636,0.2693335,0.35723013,0
0.30700448,0.37458295,0.3184126,0
0.29238212,0.3963226,0.31129524,0
0.3078326,0.40268716,0.28948027,0
0.27783623,0.41879654,0.3033672,0
0.28985694,0.41964388,0.2904992,0
0.34048748,0.32011437,0.33939812,0
0.33836627,0.3312437,0.33039,0
0.32967436,0.36875322,0.3015724,0
0.37906384,0.3169932,0.30394292,1
0.24833211,0.46593475,0.2857332,0
0.27113867,0.42491713,0.30394417,0
0.32157713,0.34840423,0.33001867,0
0.3668954,0.27903244,0.35407215,0
0.38783023,0.26937637,0.3427934,1
0.3156239,0.35992524,0.3244508,0
0.33781385,0.33637685,0.32580927,0
0.2950384,0.38848144,0.31648016,0
0.36936978,0.25635988,0.37427038,0
0.32175505,0.34514546,0.3330995,0
0.32600868,0.37803498,0.2959564,0
0.32807985,0.37226668,0.29965344,0
0.2870223,0.4614216,0.25155613,0
0.31776705,0.3418395,0.34039345,0
0.30980042,0.4017986,0.2884011,0
0.32257897,0.36481008,0.31261098,0
0.30735534,0.4122413,0.2804033,0
0.31263205,0.3768499,0.31051803,0
0.22205052,0.5147915,0.26315796,0
0.2663996,0.42982355,0.30377683,0
0.2901792,0.4000299,0.30979085,0
0.34286273,0.31123737,0.34589994,0
0.27440462,0.42880115,0.29679415,0
0.27574545,0.42514068,0.2991138,0
0.27063102,0.48333827,0.2460308,0
0.33297586,0.32017466,0.34684938,0
0.20952033,0.555598,0.2348817,0
0.32714444,0.33487216,0.33798337,0
0.3155142,0.46144065,0.22304516,0
0.2233391,0.5138052,0.26285565,0
0.29259488,0.39779264,0.30961245,0
0.25978974,0.5166387,0.22357161,0
0.30036187,0.41927385,0.28036427,0
0.33475915,0.35247022,0.31277066,0
0.15392038,0.64455044,0.2015292,0
0.25501087,0.45657575,0.2884134,0
0.2948136,0.40114677,0.30403957,0
0.3035217,0.4540033,0.24247505,0
0.25402036,0.4654185,0.28056112,0
0.27492902,0.46630833,0.25876272,0
0.3122471,0.3667547,0.32099822,0
0.18872301,0.5764301,0.23484693,0
0.3581064,0.28792092,0.35397267,0
0.2889444,0.4018485,0.30920717,0
0.26927564,0.43011013,0.30061427,0
0.3123409,0.38146082,0.3061983,0
0.25124243,0.5188284,0.22992913,0
0.31228915,0.3672002,0.32051063,0
0.23549011,0.50115764,0.2633523,0
0.2811296,0.46443242,0.25443804,0
0.32734117,0.3465928,0.32606602,0
0.30664867,0.4047778,0.28857347,0
0.27957177,0.41660175,0.30382642,0
0.2882346,0.40401116,0.30775425,0
0.337579,0.35255927,0.30986172,0
0.30840024,0.43065757,0.26094222,0
0.2976438,0.3947681,0.30758804,0
0.30397323,0.4406367,0.25539005,0
0.31544447,0.36855134,0.31600422,0
0.26880863,0.44539672,0.28579465,0
0.2534879,0.4531022,0.29340997,0
0.3340078,0.3381578,0.32783443,0
0.29428786,0.39244786,0.3132643,0
0.27320096,0.4284127,0.29838628,0
0.33506352,0.32850093,0.33643565,0
0.35668653,0.31176004,0.3315534,0
0.30827484,0.38323644,0.3084887,0
0.28344333,0.45562974,0.26092696,0
0.28210893,0.40500993,0.31288108,0
0.26695457,0.4941905,0.23885494,0
0.24040931,0.48196077,0.27763003,0
0.2946199,0.38753998,0.3178402,0
0.3479021,0.3111197,0.34097818,0
0.2345611,0.557477,0.20796196,0
0.37343636,0.26933348,0.35723013,0
0.30744445,0.4013907,0.29116488,0
0.3217456,0.35225338,0.32600096,0
0.34663087,0.31007156,0.34329757,0
0.36937654,0.25243345,0.37819004,-1
0.3406922,0.34261283,0.316695,0
0.31762996,0.3557832,0.3265868,0
0.39215514,0.26656651,0.34127834,1
0.35189697,0.33294615,0.31515685,0
0.19988504,0.5571128,0.24300218,0
0.24040389,0.48138648,0.27820963,0
0.3057133,0.3804832,0.3138035,0
0.3543858,0.31812537,0.32748887,0
0.21986976,0.52073175,0.25939855,0
0.25922164,0.4490242,0.29175416,0
0.34757283,0.32193774,0.33048934,0
0.31064656,0.39886245,0.29049096,0
0.23364043,0.48821524,0.27814433,0
0.27498698,0.48425075,0.24076225,0
0.23556924,0.49290997,0.2715208,0
0.23138085,0.49914667,0.26947248,0
0.23992342,0.47658247,0.2834942,0
0.3409142,0.31954634,0.33953947,0
0.29664674,0.391849,0.31150424,0
0.28217632,0.4148452,0.30297855,0
0.3728937,0.26612633,0.36097997,0
0.36830682,0.327199,0.30449423,0
0.37221068,0.2675165,0.36027282,0
0.33789504,0.31487936,0.34722564,0
0.3688124,0.252584,0.3786036,-1
0.37217557,0.26959187,0.35823256,0
0.37428868,0.2527186,0.37299275,0
0.37077367,0.25534594,0.37388045,0
0.34250894,0.3050425,0.35244855,0
0.34464076,0.30310568,0.35225353,0
0.3449276,0.33986256,0.31520987,0
0.32799447,0.36614707,0.30585846,0
0.33835927,0.33845913,0.32318157,0
0.28008306,0.4348952,0.28502178,0
0.24642685,0.4730406,0.28053257,0
0.29011056,0.39111957,0.31876987,0
0.3328053,0.34686667,0.3203281,0
0.2207516,0.58155954,0.19768889,0
0.24808237,0.4719133,0.28000438,0
0.3034758,0.37713206,0.31939214,0
0.24593315,0.471312,0.28275484,0
0.30072016,0.38344857,0.3158312,0
0.36923134,0.27613026,0.35463843,0
0.29150766,0.43131024,0.27718213,0
0.3182735,0.38575485,0.29597157,0
0.37975082,0.29135862,0.32889056,1
0.36766952,0.30995655,0.322374,0
0.37470776,0.28527263,0.34001964,0
0.3062395,0.3978383,0.2959222,0
0.3694287,0.267802,0.36276928,0
0.3297827,0.3341088,0.33610857,0
0.3442847,0.34199795,0.31371734,0
0.33034262,0.33166367,0.3379937,0
0.36111265,0.3280844,0.3108029,0
0.3521125,0.2967202,0.35116726,0
0.33888954,0.33685464,0.3242558,0
0.31959233,0.35362047,0.32678723,0
0.2792627,0.42981973,0.29091752,0
0.28876215,0.44049844,0.27073947,0
0.2435443,0.5031248,0.25333098,0
0.34486943,0.32607788,0.32905275,0
0.21796367,0.5347991,0.2472373,0
0.24974968,0.46781552,0.28243476,0
0.35422018,0.2990844,0.34669545,0
0.37375313,0.2536228,0.37262404,0
0.34177226,0.3193426,0.33888516,0
0.19251516,0.57079124,0.23669371,0
0.33255866,0.32183045,0.3456109,0
0.3880617,0.23271176,0.37922657,0
0.43350834,0.22646783,0.34002382,1
0.32492545,0.3456471,0.32942748,0
0.3321888,0.3361402,0.33167106,0
0.38784447,0.2313947,0.38076088,0
0.40851146,0.31216544,0.27932313,1
0.36817214,0.26030168,0.37152615,0
0.31645873,0.38287348,0.3006677,0
0.350712,0.3223997,0.32688832,0
0.32665998,0.36496598,0.30837402,0
0.27826405,0.46195117,0.25978488,0
0.33312026,0.33045387,0.33642587,0
0.29721028,0.42944393,0.27334577,0
0.29187405,0.39842322,0.3097027,0
0.29094738,0.39808303,0.31096962,0
0.364795,0.30673283,0.32847214,0
0.31895214,0.39489594,0.2861519,0
0.28578007,0.42080474,0.29341525,0
0.34239614,0.3377471,0.3198568,0
0.37626904,0.2653845,0.35834646,1
0.32382795,0.3468063,0.3293658,0
0.3401587,0.3421189,0.3177224,0
0.32816917,0.34324524,0.3285856,0
0.3753367,0.29104835,0.33361492,1
0.2733361,0.42812636,0.2985375,0
0.32975546,0.3462309,0.32401362,0
0.37574092,0.26485655,0.3594026,1
0.42110264,0.25701007,0.3218873,1
0.35305524,0.3007615,0.3461833,0
0.3741183,0.2660328,0.3598489,0
0.38023126,0.2395697,0.3801991,0
0.37563097,0.28541747,0.3389516,1
0.31591913,0.3691092,0.31497166,0
0.30418703,0.36337322,0.3324398,0
0.27910408,0.4128851,0.3080108,0
0.33303395,0.3447052,0.3222609,0
0.23721303,0.49002537,0.27276164,0
0.24537455,0.47560808,0.27901742,0
0.35922462,0.30658263,0.33419275,0
0.33770335,0.37312725,0.28916934,0
0.32855284,0.38983572,0.2816114,0
0.33343688,0.357256,0.30930707,0
0.25666428,0.45149425,0.2918415,0
0.31655675,0.42067754,0.26276568,0
0.34683117,0.31557313,0.33759567,0
0.2166687,0.52427584,0.25905544,0
0.23750558,0.48951253,0.27298185,0
0.32472736,0.3476113,0.32766134,0
0.30284578,0.37989774,0.31725648,0
0.30404946,0.40570515,0.29024532,0
0.28311834,0.41342384,0.30345783,0
0.25607795,0.4573601,0.28656197,0
0.30245668,0.4533649,0.24417841,0
0.22130342,0.5171132,0.26158345,0
0.3177577,0.3491805,0.33306184,0
0.34203336,0.30867893,0.34928766,0
0.32666284,0.37521553,0.29812172,0
0.27701548,0.46209732,0.2608872,0
0.27322304,0.43004322,0.29673374,0
0.2755116,0.41575322,0.3087352,0
0.3462672,0.3836165,0.2701163,0
0.18896608,0.57742363,0.23361036,0
0.2659481,0.43861791,0.295434,0
0.33139837,0.32474518,0.3438565,0
0.25722933,0.5146567,0.22811396,0
0.2870146,0.41647953,0.29650587,0
0.26991925,0.43059954,0.29948118,0
0.3041269,0.37092093,0.32495221,0
0.30221927,0.43911663,0.25866416,0
0.22874019,0.4963766,0.2748832,0
0.32619295,0.4071224,0.2666847,0
0.294475,0.43955147,0.26597357,0
0.33340567,0.3330343,0.33356002,0
0.32048887,0.38645262,0.29305843,0
0.30828464,0.37272245,0.31899294,0
0.33572516,0.33802325,0.32625163,0
0.2775026,0.4869606,0.23553678,0
0.29126996,0.44296774,0.26576224,0
0.3393892,0.342926,0.3176847,0
0.2838803,0.39954513,0.3165746,0
0.24190384,0.48182738,0.2762688,0
0.30980477,0.42729497,0.26290017,0
0.32986388,0.37337035,0.29676577,0
0.35780713,0.318309,0.3238839,0
0.37388372,0.2690506,0.3570657,0
0.37754333,0.29506806,0.32738864,1
0.37342542,0.26932135,0.35725322,0
0.3408379,0.32753465,0.3316275,0
0.36672616,0.2569603,0.37631354,-1
0.29467675,0.43549323,0.2698301,0
0.2719483,0.43050775,0.297544,0
0.24189276,0.5022198,0.25588745,0
0.3134855,0.3569479,0.32956666,0
0.2736731,0.4276323,0.29869455,0
0.3370509,0.33599275,0.32695633,0
0.31602043,0.36190966,0.32206985,0
0.3756022,0.26873153,0.35566634,1
0.37396166,0.2691517,0.3568866,0
0.3491632,0.29401925,0.3568175,0
0.36376816,0.28954297,0.34668884,0
0.36811468,0.2630889,0.36879638,0
0.31625083,0.34155345,0.34219572,0
0.35561037,0.31751466,0.326875,0
0.31491458,0.35585016,0.3292353,0
0.28499284,0.44984543,0.26516172,0
0.2097295,0.5386633,0.25160712,0
0.25658232,0.44507194,0.2983457,0
0.28788766,0.4715645,0.24054784,0
0.28112727,0.40759945,0.31127325,0
0.32609707,0.34289008,0.33101282,0
0.37322676,0.26806793,0.35870537,0
0.37322205,0.269406,0.35737202,0
0.29762876,0.38933533,0.313036,0
0.32553357,0.33999714,0.33446932,0
0.3499517,0.32772505,0.32232323,0
0.3275224,0.3837757,0.2887019,0
0.31143606,0.38962758,0.2989363,0
0.2697669,0.42731997,0.30291316,0
0.29219422,0.43779325,0.27001256,0
0.29828987,0.37926874,0.32244137,0
0.37639457,0.28721404,0.33639136,1
0.3755145,0.2681539,0.3563316,1
0.32680905,0.3377703,0.33542067,0
0.33345821,0.35694832,0.30959347,0
0.37678263,0.25682473,0.3663926,1
0.36674005,0.26842198,0.3648379,0
0.33286792,0.3328646,0.33426747,0
0.3619687,0.282145,0.3558863,0
0.31377718,0.3521932,0.33402964,0
0.39093345,0.30932862,0.29973793,1
0.31424052,0.39815885,0.28760064,0
0.14851345,0.6112374,0.24024917,0
0.3747208,0.26734874,0.35793045,0
0.1991343,0.55992573,0.24093996,0
0.31276777,0.39198312,0.2952491,0
0.20461683,0.5310197,0.2643634,0
0.30806804,0.37876898,0.31316298,0
0.25539935,0.45851225,0.2860884,0
0.29131985,0.39868096,0.30999917,0
0.3550632,0.2912296,0.35370722,0
0.25807878,0.5159485,0.22597274,0
0.29990393,0.38602376,0.31407234,0
0.31232885,0.4032856,0.2843856,0
0.26965058,0.42472243,0.30562696,0
0.31200784,0.36744738,0.32054484,0
0.32239175,0.3336904,0.3439179,0
0.33468732,0.32882732,0.3364854,0
0.3111553,0.3679008,0.32094395,0
0.30789047,0.3729408,0.31916875,0
0.27109826,0.4187885,0.31011328,0
0.33666638,0.32560065,0.33773297,0
0.24169223,0.47170514,0.2866026,0
0.299336,0.3918221,0.30884188,0
0.34312615,0.30799088,0.34888297,0
0.28361255,0.43481052,0.28157693,0
0.32925668,0.3376271,0.33311623,0
0.33731702,0.3467031,0.3159799,0
0.34060633,0.3320812,0.32731247,0
0.28390187,0.44151628,0.2745818,0
0.30133268,0.41293868,0.28572863,0
0.2898597,0.45025894,0.25988132,0
0.2601454,0.47092512,0.26892957,0
0.32207802,0.35311854,0.32480344,0
0.2646975,0.43867362,0.29662892,0
0.31448448,0.37998766,0.3055279,0
0.2873121,0.44763777,0.26505017,0
0.32165828,0.36820292,0.3101388,0
0.26525554,0.44176173,0.29298282,0
0.24456675,0.4642934,0.29113987,0
0.3436458,0.31294382,0.34341034,0
0.34711587,0.3307269,0.32215717,0
0.316077,0.36024868,0.3236743,0
0.29953706,0.3862884,0.31417453,0
0.37770966,0.2517916,0.37049878,1
0.373923,0.26885936,0.35721767,0
0.37004206,0.26251987,0.36743808,0
0.3726319,0.30925182,0.31811634,0
0.25314844,0.45972386,0.28712773,0
0.31396934,0.34961343,0.3364172,0
0.3074586,0.36031818,0.3322232,0
0.3212383,0.3785468,0.30021483,0
0.30092034,0.40467474,0.29440495,0
0.27208465,0.42553145,0.30238384,0
0.3061043,0.38627398,0.3076217,0
0.23243216,0.49665365,0.27091423,0
0.34095588,0.3503267,0.30871746,0
0.27784353,0.41619614,0.3059604,0
0.2908876,0.39054674,0.3185656,0
0.3225388,0.39338413,0.28407714,0
0.36240503,0.28683144,0.3507635,0
0.33198887,0.36610374,0.3019074,0
0.30231017,0.41459456,0.2830952,0
0.3939722,0.29471666,0.31131113,1
0.29432058,0.38673928,0.31894007,0
0.37306273,0.2687777,0.35815957,0
0.28406808,0.4058178,0.31011415,0
0.3233663,0.3943974,0.2822363,0
0.2755274,0.4240938,0.30037886,0
0.3738674,0.2519939,0.37413874,0
0.34887016,0.32128116,0.32984874,0
0.37339216,0.26928458,0.35732332,0
0.28962016,0.396979,0.31340086,0
0.3094497,0.42681998,0.2637303,0
0.35067937,0.32831126,0.32100937,0
0.39590377,0.30031487,0.30378133,1
0.27900648,0.4067678,0.31422573,0
0.2814726,0.46255162,0.25597575,0
0.22885086,0.5890267,0.18212241,0
0.24851677,0.5446649,0.20681824,0
0.21334116,0.5279649,0.258694,0
0.2995262,0.3915461,0.30892769,0
0.31519,0.3620748,0.32273522,0
0.28796926,0.42761043,0.2844203,0
0.27439716,0.48268464,0.24291821,0
0.34246022,0.3405791,0.31696066,0
0.30770013,0.37468678,0.31761307,0
0.32162985,0.3748006,0.30356953,0
0.29917192,0.42113245,0.27969563,0
0.3137877,0.351066,0.3351463,0
0.29260907,0.38939056,0.31800035,0
0.3062277,0.4105781,0.28319427,0
0.29377323,0.3946737,0.31155303,0
0.32307464,0.34672016,0.3302052,0
0.3104939,0.40976587,0.27974027,0
0.31521213,0.39131314,0.29347467,0
0.3005933,0.41168073,0.287726,0
0.31234813,0.35311326,0.33453858,0
0.271717,0.4384062,0.28987685,0
0.24345142,0.4772125,0.27933612,0
0.33952653,0.36733583,0.2931376,0
0.33122513,0.32517338,0.3436015,0
0.32365793,0.3922564,0.28408563,0
0.35335135,0.29648557,0.350163,0
0.30671573,0.41741326,0.27587104,0
0.24605685,0.4725673,0.28137586,0
0.26939347,0.43910185,0.29150462,0
0.3116609,0.4311442,0.25719497,0
0.20336437,0.54840636,0.24822928,0
0.2664488,0.43974766,0.2938035,0
0.32254192,0.38598076,0.29147732,0
0.27665153,0.47134626,0.2520022,0
0.21120009,0.53637683,0.25242308,0
0.31105378,0.38818234,0.30076388,0
0.2872167,0.47723562,0.23554772,0
0.28702858,0.40511692,0.30785444,0
0.31968644,0.35346496,0.32684854,0
0.28262284,0.47892177,0.23845538,0
0.27536932,0.42486423,0.29976642,0
0.26874587,0.48347738,0.24777673,0
0.36613494,0.2595645,0.37430057,0
0.30126518,0.4179839,0.2807509,0
0.23917714,0.48658666,0.2742362,0
0.2860289,0.44330227,0.27066883,0
0.24333906,0.5375188,0.2191421,0
0.37740174,0.26911438,0.35348392,1
0.3267806,0.3492527,0.32396668,0
0.32041588,0.37322277,0.30636132,0
0.30533993,0.40538037,0.2892797,0
0.32731774,0.37583664,0.29684556,0
0.35746104,0.36963075,0.2729082,0
0.33737707,0.36309448,0.29952845,0
0.29388937,0.43242368,0.27368698,0
0.3404857,0.33089462,0.32861972,0
0.29843166,0.38552,0.31604826,0
0.4058911,0.27342018,0.3206887,1
0.37249053,0.2688548,0.35865468,0
0.33423465,0.3180886,0.3476767,0
0.37007642,0.2747348,0.3551888,0
0.3442214,0.32473612,0.3310424,0
0.33844942,0.36668795,0.29486266,0
0.29529527,0.38344994,0.32125482,0
0.34575814,0.29043815,0.36380368,0
0.28937477,0.40228736,0.3083379,0
0.36377957,0.28896645,0.34725395,0
0.31861532,0.3561851,0.32519954,0
0.29691154,0.38428423,0.31880423,0
0.26365906,0.44446132,0.29187965,0
0.30339998,0.38252765,0.31407243,0
0.24183245,0.4732813,0.28488627,0
0.32134134,0.3783766,0.30028203,0
0.30552438,0.3761545,0.31832114,0
0.35752904,0.30644885,0.3360221,0
0.34269616,0.33492956,0.32237422,0
0.3240264,0.37109938,0.3048742,0
0.268806,0.42370853,0.30748546,0
0.3147824,0.3826581,0.3025594,0
0.3096325,0.35971037,0.33065712,0
0.30352527,0.41207734,0.28439736,0
0.37217146,0.29506445,0.33276403,0
0.30817163,0.36094263,0.3308857,0
0.3748843,0.26866943,0.35644627,0
0.3751874,0.2666577,0.3581549,1
0.37133926,0.26597205,0.3626887,0
0.43423054,0.2756129,0.29015654,1
0.3581661,0.30074617,0.3410877,0
0.29618123,0.40922993,0.29458886,0
0.3055874,0.36735657,0.32705602,0
0.37166637,0.28021622,0.34811747,0
0.29791635,0.46291447,0.23916918,0
0.25071022,0.47617537,0.27311444,0
0.3211065,0.37303403,0.3058595,0
0.33841822,0.33307138,0.32851043,0
0.24836574,0.47013667,0.28149766,0
0.29993853,0.3864537,0.3136078,0
0.33526614,0.39204052,0.27269328,0
0.29389194,0.39525536,0.3108527,0
0.26530284,0.43268916,0.30200797,0
0.31891412,0.37926695,0.3018189,0
0.30347916,0.41872847,0.2777923,0
0.33037227,0.36813596,0.30149174,0
0.46322212,0.25917578,0.27760214,1
0.3199465,0.33809924,0.34195417,0
0.28444394,0.3999146,0.31564143,0
0.33990967,0.32394966,0.33614066,0
0.37343636,0.26933348,0.35723013,0
0.3755252,0.26297173,0.36150312,1
0.36635396,0.2890489,0.34459716,0
0.37423742,0.26905626,0.35670635,0
0.321846,0.3906381,0.28751588,0
0.37830156,0.24130763,0.38039082,0
0.3111246,0.4012841,0.2875913,0
0.2679597,0.48604456,0.24599567,0
0.3048536,0.38192707,0.31321934,0
0.2870678,0.41289583,0.3000364,0
0.309936,0.37571985,0.31434417,0
0.2970627,0.3902407,0.31269658,0
0.29007372,0.43552542,0.27440086,0
0.27462715,0.42607456,0.29929832,0
0.3320575,0.36207768,0.30586478,0
0.34011617,0.31814882,0.34173498,0
0.34489483,0.3288077,0.3262974,0
0.32661256,0.37838033,0.2950071,0
0.23069844,0.50041145,0.26889014,0
0.2782434,0.41269934,0.30905727,0
0.29676214,0.3910335,0.31220436,0
0.2873121,0.41854218,0.2941458,0
0.33332652,0.3302405,0.33643305,0
0.37336552,0.26935238,0.357282,0
0.37643775,0.26863664,0.3549257,1
0.3038386,0.3786208,0.31754062,0
0.30539584,0.36155626,0.33304787,0
0.34210682,0.31781194,0.34008127,0
0.3323514,0.34098762,0.32666105,0
0.28891414,0.44292277,0.26816306,0
0.31664827,0.37424847,0.30910328,0
0.3719438,0.2744419,0.3536142,0
0.27157342,0.42255825,0.30586833,0
0.2989543,0.3872179,0.31382775,0
0.3289845,0.39287946,0.27813601,0
0.2379745,0.48723635,0.27478918,0
0.20323923,0.5509293,0.24583146,0
0.33093783,0.42122534,0.24783689,0
0.24820948,0.53092974,0.22086073,0
0.2698516,0.4277648,0.30238363,0
0.21482617,0.5297748,0.25539896,0
0.33163485,0.36149225,0.3068729,0
0.2857894,0.4080355,0.30617508,0
0.28352517,0.4630347,0.25344014,0
0.25048384,0.46180198,0.28771415,0
0.33515954,0.3544053,0.31043515,0
0.34686637,0.334282,0.31885165,0
0.3708809,0.2741937,0.35492542,0
0.30878982,0.40067592,0.29053423,0
0.3137286,0.36013746,0.3261339,0
0.272084,0.42563713,0.30227894,0
0.3030685,0.42286026,0.27407122,0
0.2509889,0.4605013,0.2885098,0
0.31265125,0.3583493,0.32899946,0
0.31537682,0.36101106,0.3236121,0
0.25935355,0.45177078,0.28887564,0
0.29298443,0.45701405,0.25000146,0
0.3115005,0.41345873,0.27504075,0
0.3899454,0.27339762,0.33665696,1
0.31981838,0.39843848,0.28174317,0
0.25699937,0.4615192,0.2814815,0
0.21065998,0.53683114,0.25250888,0
0.28831902,0.4817969,0.22988412,0
0.26765612,0.44155425,0.29078963,0
0.27390957,0.42724606,0.29884437,0
0.26365706,0.4991803,0.23716265,0
0.2402648,0.4846861,0.27504906,0
0.18628559,0.58245254,0.23126192,0
0.2683506,0.4287836,0.3028658,0
0.3190369,0.43733713,0.24362603,0
0.20487905,0.54925525,0.2458657,0
0.35361028,0.38183925,0.26455048,0
0.32670945,0.3300229,0.34326765,0
0.25779775,0.45442247,0.28777984,0
0.33058256,0.37139553,0.29802194,0
0.33266136,0.3634855,0.30385315,0
0.3069621,0.3840508,0.30898705,0
0.29827055,0.38873035,0.3129992,0
0.2536364,0.4615421,0.2848215,0
0.30579877,0.42311618,0.27108505,0
0.33371827,0.34054318,0.3257385,0
0.26547483,0.42796338,0.30656174,0
0.26961508,0.43454248,0.29584247,0
0.3052124,0.37460154,0.32018608,0
0.29115298,0.40318835,0.30565867,0
0.28852588,0.44130346,0.2701706,0
0.286513,0.39560807,0.31787893,0
0.29029515,0.45787334,0.25183144,0
0.31468627,0.36981574,0.315498,0
0.25089377,0.5062846,0.24282171,0
0.30708426,0.36096442,0.33195135,0
0.23205118,0.49910444,0.26884437,0
0.3091758,0.3672453,0.32357895,0
0.2615473,0.4479541,0.2904986,0
0.30655438,0.39636344,0.29708216,0
0.33592388,0.36204156,0.30203456,0
0.26996735,0.4308998,0.29913288,0
0.25977835,0.45104766,0.28917393,0
0.32148653,0.39299217,0.28552133,0
0.33864725,0.3530102,0.30834252,0
0.33160844,0.34029388,0.32809767,0
0.33630627,0.37964576,0.28404796,0
0.20618251,0.5439641,0.24985336,0
0.3915924,0.26539803,0.34300962,1
0.29979774,0.37237772,0.32782456,0
0.38517246,0.26642287,0.34840462,1
0.3363294,0.36593756,0.29773298,0
0.24148741,0.48229864,0.2762139,0
0.30593336,0.41671675,0.27734992,0
0.33685073,0.35422796,0.30892137,0
0.33660957,0.36317155,0.30021894,0
0.2798434,0.41759568,0.3025609,0
0.31768745,0.35568494,0.32662758,0
0.2551172,0.45831034,0.2865725,0
0.29804903,0.4024941,0.29945683,0
0.2857678,0.3933767,0.32085553,0
0.27363154,0.42501894,0.3013495,0
0.29025662,0.40226376,0.30747962,0
0.3439191,0.30940115,0.3466797,0
0.34829345,0.2996031,0.35210344,0
0.35016847,0.30897236,0.3408591,0
0.34617117,0.33118862,0.32264024,0
0.33584443,0.34406975,0.32008573,0
0.2404091,0.48025972,0.27933112,0
0.35028324,0.33633947,0.31337726,0
0.26628858,0.43817455,0.29553694,0
0.31853175,0.34602174,0.3354465,0
0.337393,0.32079467,0.3418124,0
0.30157533,0.38290483,0.3155198,0
0.3129892,0.36471674,0.3222941,0
0.3163181,0.36207595,0.32160598,0
0.23982264,0.48309246,0.2770849,0
0.2589506,0.46611354,0.27493587,0
0.28699777,0.4663285,0.24667373,0
0.30115882,0.40645343,0.29238775,0
0.24972971,0.4745551,0.27571526,0
0.22630323,0.5068334,0.2668634,0
0.27457798,0.42838958,0.29703254,0
0.33984035,0.33830652,0.32185307,0
0.29687393,0.39218676,0.31093928,0
0.3023589,0.38301393,0.31462717,0
0.28365383,0.41707808,0.29926807,0
0.24143347,0.46265456,0.29591206,0
0.37472716,0.2795675,0.34570533,0
0.31676883,0.3461936,0.33703753,0
0.37310866,0.27185324,0.35503808,0
0.35548308,0.31225428,0.3322627,0
0.3157102,0.35880825,0.32548153,0
0.2917972,0.43051597,0.27768686,0
0.28663042,0.39550102,0.31786853,0
0.22134957,0.51808965,0.26056078,0
0.3190129,0.41902763,0.2619595,0
0.29822442,0.3892843,0.3124913,0
0.28038886,0.41119853,0.3084126,0
0.30376676,0.4339749,0.26225832,0
0.24193537,0.48177242,0.27629218,0
0.2567916,0.45614034,0.28706813,0
0.29334947,0.4493912,0.2572594,0
0.28837308,0.40394297,0.30768394,0
0.26065728,0.44955295,0.28978977,0
0.32524285,0.347138,0.32761922,0
0.25975654,0.45108482,0.2891586,0
0.27847853,0.41974857,0.30177283,0
0.29954973,0.38171172,0.31873855,0
0.31408924,0.35061926,0.3352915,0
0.37397087,0.277871,0.34815815,0
0.33199105,0.35932556,0.30868343,0
0.25394997,0.45160607,0.294444,0
0.37341538,0.26563704,0.3609476,0
0.3825728,0.29073238,0.32669485,1
0.37006935,0.2621171,0.3678136,0
0.3158072,0.37470475,0.30948806,0
0.37683544,0.24645948,0.37670505,0
0.34793043,0.34299976,0.30906978,0
0.22660337,0.5062767,0.26711997,0
0.3148465,0.3568976,0.32825592,0
0.32586396,0.39706936,0.27706665,0
0.32098806,0.36770838,0.31130353,0
0.2824882,0.41332144,0.30419037,0
0.3354127,0.35846803,0.30611926,0
0.30298474,0.38225988,0.31475538,0
0.3246769,0.36729416,0.30802897,0
0.28482738,0.39592463,0.319248,0
0.24869514,0.47004724,0.28125763,0
0.26496384,0.44171315,0.293323,0
0.24378085,0.4777276,0.27849156,0
0.31176722,0.35958797,0.32864484,0
0.33891752,0.34705588,0.3140266,0
0.31626245,0.3931926,0.290545,0
0.27883744,0.47472718,0.24643545,0
0.30363357,0.37255067,0.32381573,0
0.2518138,0.46113378,0.2870525,0
0.3222709,0.3543565,0.32337257,0
0.3373463,0.3246216,0.33803207,0
0.35588193,0.3249354,0.31918263,0
0.3396224,0.3336749,0.3267027,0
0.35033286,0.32790855,0.32175863,0
0.33126253,0.35731655,0.3114209,0
0.3167198,0.3867695,0.2965108,0
0.2830472,0.39868313,0.31826973,0
0.3152896,0.35186708,0.33284336,0
0.25980812,0.4450718,0.29512006,0
0.31664625,0.37310782,0.3102459,0
0.28424513,0.438995,0.27675986,0
0.27861378,0.42832783,0.29305834,0
0.24114038,0.47913668,0.27972296,0
0.30190876,0.3916997,0.3063915,0
0.21487476,0.5290986,0.25602663,0
0.332617,0.33215088,0.3352321,0
0.37343633,0.2693335,0.3572301,0
0.3457813,0.3412128,0.3130059,0
0.3240629,0.35110843,0.32482868,0
0.26744205,0.4783132,0.25424474,0
0.2919738,0.38594517,0.32208106,0
0.32879937,0.37325716,0.29794347,0
0.34436923,0.32164344,0.33398736,0
0.32387125,0.34657365,0.3295551,0
0.3429055,0.3169228,0.3401717,0
0.30424467,0.3729154,0.32283998,0
0.36119306,0.27936995,0.35943693,0
0.37412718,0.27053776,0.355335,0
0.33474746,0.30959827,0.3556543,0
0.37866575,0.26938713,0.35194716,1
0.2072501,0.54176295,0.25098684,0
0.31113738,0.3606785,0.3281841,0
0.30411124,0.37121373,0.32467502,0
0.33519787,0.31135386,0.35344827,0
0.30825064,0.38894895,0.30280042,0
0.33297658,0.3361719,0.33085155,0
0.1965223,0.5633383,0.24013945,0
0.3014453,0.4526055,0.24594924,0
0.27757546,0.41992125,0.3025033,0
0.17781587,0.5974548,0.22472934,0
0.3022085,0.4119773,0.28581423,0
0.31504786,0.41909733,0.2658548,0
0.30341408,0.38662282,0.30996308,0
0.29318234,0.4181547,0.28866288,0
0.24444191,0.47741252,0.27814552,0
0.289642,0.39907315,0.31128484,0
0.31326327,0.3676999,0.31903687,0
0.2929705,0.4225813,0.2844482,0
0.30480275,0.4068322,0.288365,0
0.28860036,0.43658915,0.2748105,0
0.30159456,0.384354,0.31405148,0
0.311926,0.4092936,0.27878046,0
0.32530263,0.39772198,0.27697533,0
0.2277687,0.50668305,0.2655483,0
0.28185356,0.43175083,0.28639558,0
0.28116027,0.41809484,0.3007449,0
0.23481633,0.4923824,0.27280125,0
0.32181332,0.3506312,0.3275555,0
0.24495734,0.5398851,0.21515761,0
0.2795395,0.48266247,0.23779811,0
0.15974763,0.6331774,0.20707488,0
0.25092825,0.4730522,0.27601963,0
0.25844023,0.44434834,0.2972114,0
0.29978842,0.3858877,0.31432387,0
0.22135332,0.5383859,0.24026076,0
0.31672573,0.36321795,0.3200563,0
0.27035803,0.42847076,0.30117127,0
0.23898567,0.5456663,0.21534806,0
0.2228275,0.5878519,0.18932062,0
0.29426032,0.4088682,0.29687154,0
0.30936006,0.37054172,0.32009822,0
0.28676733,0.44578323,0.2674494,0
0.3140026,0.36388487,0.32211256,0
0.32268074,0.35659075,0.32072854,0
0.2412845,0.47245544,0.28626007,0
0.325293,0.41785216,0.25685486,0
0.21295057,0.5331726,0.25387686,0
0.29844338,0.43424758,0.26730913,0
0.36640757,0.2732608,0.3603317,0
0.23889107,0.48536488,0.2757441,0
0.27553126,0.4148467,0.30962208,0
0.3219874,0.3530125,0.32500005,0
0.24461514,0.53094095,0.22444396,0
0.30896252,0.3753237,0.3157138,0
0.28010198,0.4304182,0.2894798,0
0.326077,0.34861907,0.3253039,0
0.30822557,0.37627953,0.3154949,0
0.29852012,0.41845885,0.28302103,0
0.3175483,0.36350885,0.3189429,0
0.29211283,0.42467532,0.2832119,0
0.36306816,0.29144,0.3454918,0
0.2907825,0.3965131,0.3127044,0
0.31766084,0.38677248,0.29556665,0
0.33796954,0.32511747,0.33691296,0
0.26820377,0.42638612,0.30541012,0
0.3692211,0.27787098,0.35290793,0
0.35902825,0.3159245,0.32504728,0
0.37612677,0.27570185,0.34817135,1
0.35623154,0.30456126,0.3392072,0
0.34414718,0.34004486,0.3158079,0
0.36857775,0.3633873,0.26803493,0
0.3213575,0.34846485,0.33017763,0
0.4121966,0.27056667,0.31723675,1
0.2946297,0.39873558,0.3066347,0
0.28774518,0.43279877,0.27945608,0
0.28155744,0.46573874,0.2527038,0
0.37491596,0.26107836,0.3640057,0
0.37557974,0.26784194,0.3565783,1
0.37363702,0.2953029,0.33106002,0
0.3712128,0.29158944,0.3371977,0
0.31846726,0.38324946,0.29828325,0
0.25964203,0.44706059,0.29329738,0
0.2826616,0.47409225,0.24324615,0
0.28587705,0.45100847,0.26311442,0
0.27041456,0.42562124,0.30396423,0
0.3292587,0.36294287,0.30779842,0
0.22285502,0.5147659,0.26237905,0
0.37642238,0.26890862,0.35466903,1
0.3628346,0.2870434,0.350122,0
0.37539458,0.30172473,0.3228807,1
0.37556303,0.2676128,0.35682422,1
0.37921137,0.25916296,0.36162573,1
0.3444994,0.33748934,0.31801125,0
0.37630624,0.26479396,0.3588998,1
0.37113944,0.25578392,0.3730766,0
0.3850549,0.23718055,0.3777645,0
0.3759546,0.27590978,0.3481356,1
0.29868028,0.41942647,0.28189322,0
0.2516672,0.4631482,0.28518456,0
0.30971262,0.38648182,0.30380556,0
0.27149263,0.4156434,0.31286395,0
0.28951705,0.40027732,0.31020564,0
0.2782798,0.442146,0.27957416,0
0.30791146,0.4042662,0.2878223,0
0.24031942,0.4831772,0.27650335,0
0.28383297,0.4091208,0.3070462,0
0.30891487,0.4043995,0.2866856,0
0.3426545,0.33186683,0.3254787,0
0.27923882,0.41857508,0.30218607,0
0.25551346,0.45342287,0.29106367,0
0.31579816,0.36027256,0.32392928,0
0.33340943,0.35402542,0.31256518,0
0.33260748,0.37105486,0.29633763,0
0.32104847,0.35121787,0.32773367,0
0.36524096,0.28337875,0.35138032,0
0.37292084,0.26802766,0.3590516,0
0.32417068,0.38524747,0.29058185,0
0.2902659,0.3841698,0.32556435,0
0.38076288,0.26201394,0.35722318,1
0.34010762,0.35676622,0.30312616,0
0.32659703,0.33941737,0.3339856,0
0.33189717,0.3491685,0.3189343,0
0.32411775,0.3367988,0.33908352,0
0.34809119,0.3160184,0.33589038,0
0.29922906,0.43086544,0.26990548,0
0.27889553,0.40712208,0.31398237,0
0.28930944,0.4056432,0.30504736,0
0.30872455,0.36089054,0.3303849,0
0.30056196,0.38546374,0.3139743,0
0.3435426,0.33097127,0.3254861,0
0.32048848,0.36162114,0.3178904,0
0.27734175,0.421666,0.3009923,0
0.2578371,0.4586675,0.28349552,0
0.3244565,0.33852604,0.3370175,0
0.2511064,0.4593046,0.28958893,0
0.32714623,0.34148854,0.3313652,0
0.37343636,0.2693335,0.35723013,0
0.33500397,0.3383747,0.32662138,0
0.35727835,0.29600993,0.34671175,0
0.37499657,0.26699987,0.35800362,0
0.3942022,0.26713708,0.33866072,1
0.3128489,0.3545605,0.33259055,0
0.30624413,0.35877618,0.33497974,0
0.3265605,0.37720102,0.29623848,0
0.3256451,0.35987958,0.3144753,0
0.30346185,0.36830792,0.32823017,0
0.31809214,0.35908306,0.3228248,0
0.23254591,0.49771324,0.26974085,0
0.3024494,0.3774561,0.32009453,0
0.27635828,0.424727,0.29891473,0
0.29975522,0.42252445,0.27772027,0
0.28687355,0.40920773,0.30391875,0
0.25163683,0.46320382,0.28515938,0
0.31538692,0.38982788,0.2947852,0
0.32934257,0.36589828,0.30475911,0
0.31885308,0.36285678,0.3182901,0
0.36449015,0.28485182,0.35065803,0
0.3120678,0.36780086,0.3201313,0
0.34892938,0.32125098,0.32981965,0
0.3576646,0.31035972,0.33197567,0
0.33769542,0.31030694,0.3519976,0
0.30682328,0.37419713,0.31897965,0
0.39024588,0.30457976,0.30517432,1
0.33346832,0.3293425,0.33718917,0
0.35298455,0.29017615,0.3568393,0
0.3738777,0.26870325,0.35741904,0
0.3269358,0.34098923,0.332075,0
0.3749914,0.26823306,0.3567756,0
0.3206508,0.33510515,0.34424406,0
0.3301205,0.3552445,0.314635,0
0.25539815,0.5060297,0.23857209,0
0.27357808,0.42702878,0.29939315,0
0.2991684,0.42264792,0.2781836,0
0.28443527,0.39971697,0.31584778,0
0.26404238,0.44381252,0.29214507,0
0.29265267,0.44278187,0.26456544,0
0.28567213,0.45709345,0.2572345,0
0.29399857,0.4019661,0.30403537,0
0.16196924,0.62886435,0.20916635,0
0.25416818,0.45625636,0.2895755,0
0.29777217,0.45407593,0.24815184,0
0.30941328,0.3855017,0.30508506,0
0.24390557,0.47638786,0.27970657,0
0.2800002,0.41734177,0.30265796,0
0.3123365,0.36828682,0.31937674,0
0.3149784,0.38636613,0.29865554,0
0.30429655,0.41554198,0.28016153,0
0.26003647,0.44382,0.29614347,0
0.3162428,0.36348072,0.32027644,0
0.2788127,0.49131003,0.2298772,0
0.2538096,0.460468,0.28572237,0
0.23067006,0.49451464,0.2748153,0
0.30187306,0.3809732,0.3171538,0
0.21961239,0.5198685,0.26051918,0
0.3090563,0.37265593,0.31828773,0
0.36162415,0.28054458,0.35783127,0
0.33979928,0.3192928,0.3409079,0
0.3092046,0.3758309,0.31496447,0
0.22802405,0.5008551,0.27112076,0
0.2868359,0.42717034,0.28599375,0
0.16019621,0.629039,0.21076475,0
0.27945054,0.4057824,0.3147671,0
0.2974477,0.41402906,0.28852323,0
0.23375008,0.4961096,0.27014038,0
0.2315307,0.5573622,0.21110716,0
0.31290436,0.3812015,0.3058942,0
0.23211017,0.5254929,0.24239686,0
0.22869997,0.5002301,0.27106997,0
0.32735127,0.35668626,0.31596252,0
0.3326123,0.3649327,0.30245498,0
0.3887342,0.2796098,0.331656,1
0.30131015,0.40776563,0.29092422,0
0.3034121,0.38009813,0.31648973,0
0.3000394,0.42186219,0.27809843,0
0.28764695,0.4475155,0.2648376,0
0.29949257,0.41942215,0.28108534,0
0.21523178,0.52842,0.25634825,0
0.3049046,0.37900263,0.31609273,0
0.3206089,0.35340983,0.3259813,0
0.3196852,0.3808328,0.299482,0
0.24551943,0.5373233,0.21715729,0
0.28416297,0.40855345,0.30728358,0
0.27987745,0.46870384,0.25141865,0
0.19634597,0.5607894,0.24286456,0
0.25197452,0.47788513,0.27014032,0
0.25461394,0.45210445,0.2932817,0
0.3103843,0.36634701,0.3232687,0
0.27327457,0.43051693,0.2962085,0
0.3103959,0.36970976,0.3198943,0
0.3218475,0.35132325,0.32682925,0
0.30551097,0.38951865,0.30497038,0
0.30999988,0.35989672,0.33010343,0
0.3345002,0.34776118,0.31773856,0
0.36991644,0.263876,0.36620754,0
0.30226874,0.38193297,0.31579825,0
0.37395602,0.26712152,0.35892242,0
0.3863784,0.2956432,0.3179784,1
0.37400362,0.31407696,0.31191936,0
0.31401542,0.36769214,0.31829238,0
0.31423637,0.34639347,0.33937016,0
0.28150013,0.45930555,0.25919425,0
0.2663768,0.44473833,0.2888848,0
0.33273926,0.3693037,0.297957,0
0.24223857,0.46262282,0.29513863,0
0.19064893,0.5660453,0.24330579,0
0.27063432,0.49845567,0.23091005,0
0.36760664,0.2769057,0.35548764,0
0.3156136,0.39515954,0.28922686,0
0.28719205,0.40751776,0.30529025,0
0.28788882,0.42536923,0.28674203,0
0.348958,0.33124006,0.31980196,0
0.25319082,0.4664072,0.28040195,0
0.29537752,0.392784,0.3118384,0
0.29015887,0.3958981,0.31394303,0
0.31373578,0.3653682,0.32089606,0
0.30484658,0.40858373,0.2865697,0
0.37537405,0.2715067,0.35311922,1
0.32663414,0.3830665,0.2902993,0
0.37497598,0.2756206,0.34940335,0
0.318177,0.34159186,0.34023112,0
0.3176075,0.39200297,0.2903896,0
0.23128018,0.5004657,0.26825407,0
0.34913436,0.31689322,0.33397242,0
0.37309027,0.26644218,0.3604675,0
0.29740754,0.42229107,0.2803013,0
0.29567248,0.38684562,0.3174819,0
0.39377216,0.2629342,0.34329367,1
0.32131943,0.33225754,0.34642306,0
0.37702233,0.26288867,0.36008903,1
0.37343636,0.26933348,0.35723013,0
0.37695158,0.25895315,0.36409524,1
0.37188086,0.45781064,0.1703085,0
0.12378222,0.6911444,0.18507333,0
0.3552579,0.13797894,0.50676316,-1
0.3855359,0.25608128,0.3583828,1
0.37361088,0.27964827,0.34674084,0
0.3119326,0.3051263,0.382941,-1
0.4496994,0.23878056,0.31152004,1
0.3757798,0.2849994,0.3392208,1
0.38797653,0.2600835,0.35193998,1
0.45403573,0.22231126,0.323653,1
0.37521815,0.28883892,0.33594292,1
0.3768092,0.2530892,0.3701016,1
0.39015773,0.27758297,0.33225936,1
0.3724029,0.3219219,0.30567512,0
0.36861423,0.2744466,0.35693914,0
0.3812954,0.26017416,0.35853043,1
0.29191688,0.40129492,0.30678824,0
0.32326585,0.34572592,0.33100826,0
0.37052184,0.2898678,0.3396103,0
0.27912995,0.4360653,0.28480473,0
0.37430784,0.26881614,0.35687596,0
0.3609194,0.3001666,0.33891398,0
0.33693236,0.35092652,0.31214112,0
0.28267238,0.4130245,0.30430323,0
0.30504447,0.3654596,0.329496,0
0.30378035,0.37730247,0.3189172,0
0.32990554,0.33204293,0.33805156,0
0.29369017,0.42009822,0.28621155,0
0.19807716,0.5604565,0.24146639,0
0.286682,0.39956287,0.3137551,0
0.283025,0.40606913,0.31090587,0
0.34003013,0.31643903,0.34353083,0
0.2956954,0.39355344,0.31075117,0
0.3149029,0.36138907,0.32370803,0
0.36576474,0.30460638,0.32962883,0
0.37672058,0.26056302,0.3627164,1
0.37130195,0.26344448,0.3652535,0
0.37448674,0.26715377,0.35835946,0
0.32728904,0.3320665,0.34064442,0
0.35484388,0.34621644,0.2989397,0
0.34877518,0.28660685,0.364618,0
0.32952344,0.31906015,0.3514164,0
0.3015925,0.41218895,0.28621855,0
0.3337794,0.32834437,0.33787614,0
0.3062142,0.3631652,0.33062053,0
0.31170794,0.397211,0.29108104,0
0.37667927,0.27052772,0.35279307,1
0.31401333,0.36648133,0.31950536,0
0.2643533,0.48979184,0.24585491,0
0.24513444,0.46557915,0.2892864,0
0.38062721,0.2455295,0.3738433,1
0.27829087,0.40640026,0.3153089,0
0.31149456,0.39782515,0.29068038,0
0.2647747,0.4776262,0.25759906,0
0.16567802,0.61860406,0.21571794,0
0.31369165,0.40184548,0.28446293,0
0.36538023,0.27889836,0.35572147,0
0.30136058,0.38338494,0.31525445,0
0.34360996,0.317423,0.33896703,0
0.37343633,0.2693335,0.3572301,0
0.37347472,0.29468903,0.33183625,0
0.37392676,0.28399396,0.34207925,0
0.35329196,0.27037242,0.37633556,-1
0.37882,0.3292344,0.2919456,1
0.32682475,0.34243515,0.33074006,0
0.30220696,0.3718464,0.3259466,0
0.33381057,0.35315594,0.31303346,0
0.30994534,0.36467505,0.3253796,0
0.31239805,0.35703036,0.33057165,0
0.27060392,0.42087165,0.30852443,0
0.2705802,0.42757797,0.30184174,0
0.29232112,0.42455667,0.28312227,0
0.32204148,0.37887898,0.2990795,0
0.27438423,0.41514432,0.31047145,0
0.28326318,0.4100787,0.30665806,0
0.31184518,0.40250012,0.28565475,0
0.30509,0.37046835,0.32444164,0
0.24923033,0.46912333,0.2816463,0
0.28728926,0.41685706,0.2958537,0
0.24654098,0.4723547,0.28110433,0
0.34843203,0.38300622,0.26856178,0
0.20586143,0.54611325,0.24802522,0
0.32052284,0.3654698,0.31400734,0
0.2792019,0.42078802,0.30001006,0
0.34585214,0.31160104,0.3425468,0
0.34338152,0.30243158,0.35418686,0
0.3540656,0.3167744,0.32915998,0
0.32732078,0.3586097,0.31406957,0
0.3264105,0.39648914,0.2771004,0
0.34496602,0.3313431,0.32369086,0
0.374238,0.25695375,0.36880818,0
0.37341177,0.29136428,0.335224,0
0.28236863,0.41351435,0.30411705,0
0.37429196,0.26815525,0.35755283,0
0.37982267,0.24663655,0.37354076,1
0.36289388,0.2976499,0.3394562,0
0.35538882,0.34976926,0.29484186,0
0.3795748,0.24853657,0.37188858,1
0.32811543,0.36909136,0.30279326,0
0.34252226,0.34146407,0.31601366,0
0.33681545,0.35324273,0.30994186,0
0.34212038,0.31813177,0.3397479,0
0.36591667,0.34021476,0.2938686,0
0.30735853,0.36716226,0.32547924,0
0.2958023,0.39225948,0.31193823,0
0.37368035,0.25992426,0.3663954,0
0.33588144,0.34346217,0.32065642,0
0.37327188,0.27141908,0.35530895,0
0.3652652,0.34256816,0.29216668,0
0.3810085,0.31873193,0.30025953,1
0.34987906,0.30539078,0.34473017,0
0.3099906,0.35389042,0.33611897,0
0.35429868,0.32471204,0.32098928,0
0.37198862,0.26937753,0.35863394,0
0.30650055,0.37685436,0.31664503,0
0.33012146,0.33036277,0.33951575,0
0.37833837,0.2751407,0.346521,1
0.3307979,0.32754108,0.34166098,0
0.36442047,0.30882174,0.32675782,0
0.26305264,0.43587133,0.30107602,0
0.26131758,0.44265172,0.29603064,0
0.31113693,0.4227846,0.2660785,0
0.3744395,0.26798546,0.3575751,0
0.20464604,0.5132149,0.28213906,0
0.36502048,0.3280405,0.30693898,0
0.265394,0.44464532,0.28996068,0
0.35785002,0.2970748,0.3450752,0
0.36272395,0.33118406,0.30609202,0
0.31269675,0.38111734,0.30618587,0
0.37318102,0.26824576,0.35857326,0
0.3788633,0.2541237,0.36701295,1
0.39099023,0.2540901,0.3549197,1
0.3679061,0.27959648,0.35249743,0
0.39777324,0.27681616,0.32541063,1
0.3818213,0.241865,0.3763137,0
0.37476745,0.26887268,0.3563599,0
0.375683,0.27107,0.35324693,1
0.3752375,0.26579764,0.35896492,1
0.38710186,0.23183256,0.3810656,0
0.33512062,0.33404517,0.33083424,0
0.33052972,0.31987005,0.34960023,0
0.22440152,0.48258293,0.29301554,0
0.3889285,0.23422574,0.3768458,0
0.37921003,0.26574138,0.35504857,1
0.3749898,0.25873217,0.36627805,0
0.35926166,0.30070108,0.34003732,0
0.32189667,0.36552727,0.31257603,0
0.36525887,0.28804204,0.3466991,0
0.29144412,0.3893033,0.31925252,0
0.38681322,0.25768316,0.35550368,1
0.37208542,0.2712461,0.3566685,0
0.38167274,0.2458515,0.3724757,1
0.3751572,0.2684994,0.3563434,1
0.38337842,0.23845792,0.37816367,0
0.31078634,0.403932,0.28528163,0
0.38389736,0.23721147,0.3788912,0
0.32779863,0.32030874,0.3518926,0
0.39086124,0.25843474,0.350704,1
0.3700232,0.2698477,0.36012906,0
0.38710186,0.23183256,0.3810656,0
0.34514734,0.3012005,0.35365215,0
0.37819532,0.25238132,0.3694234,1
0.31822988,0.36732253,0.3144476,0
0.3058508,0.36627337,0.32787588,0
0.35460997,0.28213173,0.3632583,0
0.32352695,0.3741433,0.30232978,0
0.29831916,0.3869257,0.31475517,0
0.35688445,0.30837926,0.33473635,0
0.2906517,0.39021465,0.31913364,0
0.24179596,0.5041202,0.25408387,0
0.3037242,0.40744188,0.28883395,0
0.35117644,0.33522385,0.3135997,0
0.3285898,0.3513702,0.32004008,0
0.35144132,0.33815846,0.31040016,0
0.30748862,0.38176152,0.31074983,0
0.32641247,0.3369682,0.3366193,0
0.37343636,0.2693335,0.35723013,0
0.39859602,0.24797912,0.35342485,1
0.37380776,0.269205,0.35698727,0
0.37492234,0.27708575,0.34799188,0
0.37494946,0.2688096,0.35624093,0
0.42188084,0.26637587,0.31174326,1
0.38020715,0.26471007,0.35508272,1
0.36314654,0.2690788,0.3677746,0
0.38710186,0.23183256,0.3810656,0
0.3667838,0.29354784,0.3396684,0
0.38020372,0.2919472,0.32784912,1
0.41921142,0.3226843,0.25810426,1
0.38710186,0.23183256,0.3810656,0
0.31516492,0.35149658,0.33333853,0
0.33497837,0.3274317,0.3375899,0
0.3136183,0.36178133,0.32460034,0
0.3276264,0.349268,0.32310557,0
0.2830192,0.40725148,0.3097294,0
0.37473634,0.2685684,0.35669526,0
0.33137202,0.33350584,0.33512208,0
0.36350825,0.28638014,0.35011163,0
0.37387568,0.2691815,0.35694286,0
0.3727076,0.2509939,0.37629846,-1
0.30875897,0.3556813,0.3355598,0
0.3363413,0.34991142,0.31374726,0
0.32666653,0.32229635,0.35103717,0
0.33834407,0.32676834,0.33488753,0
0.37327504,0.26531845,0.36140648,0
0.3008579,0.38289586,0.31624618,0
0.33486077,0.3456299,0.31950933,0
0.37420174,0.26906857,0.35672966,0
0.33642146,0.32448202,0.33909652,0
0.31751463,0.35305575,0.32942963,0
0.3487289,0.32270923,0.32856184,0
0.298868,0.3866602,0.31447187,0
0.40453318,0.26499355,0.33047327,1
0.3755831,0.2693398,0.35507712,1
0.3707623,0.26907757,0.36016014,0
0.2779637,0.41825774,0.30377862,0
0.3403613,0.37943724,0.2802015,0
0.37480104,0.25268084,0.3725181,0
0.3102077,0.3650838,0.3247085,0
0.30772275,0.36645547,0.32582182,0
0.36993247,0.27022642,0.3598411,0
0.38493297,0.23420043,0.3808666,0
0.37422892,0.26905918,0.35671183,0
0.34787825,0.34391946,0.30820227,0
0.37412688,0.2690945,0.35677862,0
0.38710186,0.23183256,0.3810656,0
0.3756935,0.25634816,0.36795834,1
0.35122886,0.3127164,0.3360548,0
0.3782968,0.2519755,0.3697277,1
0.29048908,0.39834276,0.3111681,0
0.3434557,0.3070892,0.34945503,0
0.3759545,0.2679823,0.35606322,1
0.38472018,0.23764211,0.3776377,0
0.37422153,0.26906174,0.3567167,0
0.4515771,0.25951147,0.28891137,1
0.31294748,0.3505478,0.33650476,0
0.3859721,0.23416376,0.37986416,0
0.3239108,0.37892115,0.29716808,0
0.31508687,0.38867477,0.2962384,0
0.2931421,0.39126548,0.31559244,0
0.34601632,0.3269961,0.32698753,0
0.37600175,0.26600853,0.3579898,1
0.3365397,0.3258415,0.3376188,0
0.2833486,0.4026521,0.31399933,0
0.36574605,0.2676024,0.36665156,0
0.29723105,0.38502184,0.31774715,0
0.33396518,0.36044204,0.30559275,0
0.31752336,0.34850395,0.3339727,0
0.3121779,0.35311723,0.33470485,0
0.3133584,0.36479783,0.32184377,0
0.28404206,0.41318673,0.30277127,0
0.35724613,0.27996522,0.36278865,0
0.3743863,0.26659852,0.35901517,0
0.3678235,0.32049125,0.3116853,0
0.33040282,0.3575176,0.31207955,0
0.28020474,0.40714642,0.31264883,0
0.29689032,0.37874898,0.32436076,0
0.3188982,0.41395202,0.26714972,0
0.20980074,0.5389082,0.2512911,0
0.29076624,0.42583808,0.28339568,0
0.3526586,0.31888312,0.3284583,0
0.33642024,0.35882568,0.30475414,0
0.33061776,0.33639517,0.33298704,0
0.31556308,0.36365741,0.3207795,0
0.36990756,0.26883927,0.36125323,0
0.33758977,0.3237802,0.33863,0
0.36771017,0.25782892,0.37446088,0
0.32968348,0.329876,0.34044054,0
0.3282269,0.37671083,0.2950623,0
0.3472239,0.3133884,0.33938769,0
0.22631176,0.50827616,0.26541212,0
0.27800918,0.41694802,0.30504283,0
0.33535078,0.3601237,0.30452552,0
0.23208845,0.49798116,0.26993045,0
0.2633553,0.44282782,0.2938168,0
0.3418456,0.3204004,0.33775404,0
0.31341395,0.39614058,0.29044548,0
0.3349851,0.33047846,0.3345364,0
0.21486846,0.5242534,0.26087812,0
0.3103197,0.36611754,0.32356274,0
0.33446783,0.31961268,0.34591943,0
0.28368714,0.39746994,0.31884292,0
0.34014547,0.33551478,0.32433978,0
0.2876113,0.456653,0.25573567,0
0.2961698,0.40683985,0.29699042,0
0.34872344,0.32163036,0.32964617,0
0.24214369,0.47606257,0.28179374,0
0.34279114,0.35031238,0.3068965,0
0.3144899,0.3628807,0.3226294,0
0.31132215,0.3834469,0.30523092,0
0.3723129,0.29700986,0.33067724,0
0.2498736,0.4677551,0.28237134,0
0.3322717,0.33694834,0.33077994,0
0.32202706,0.37319127,0.3047817,0
0.32834867,0.32761362,0.34403774,0
0.28357497,0.41156998,0.30485508,0
0.3364221,0.33229494,0.331283,0
0.31048384,0.36289328,0.32662284,0
0.37294093,0.26150253,0.36555654,0
0.37455592,0.2799485,0.3454956,0
0.32478637,0.3759569,0.29925674,0
0.3742477,0.26901966,0.35673267,0
0.33390257,0.37469062,0.29140678,0
0.3712541,0.2582846,0.3704613,0
0.37377864,0.27117786,0.35504347,0
0.35369116,0.27887642,0.3674324,0
0.3726042,0.26928487,0.35811093,0
0.24082388,0.48180774,0.27736846,0
0.35521138,0.3499751,0.2948135,0
0.32418182,0.34194165,0.3338765,0
0.3628611,0.28014752,0.35699147,0
0.33869338,0.32171217,0.3395945,0
0.3361242,0.34806144,0.31581435,0
0.32762215,0.34055033,0.33182752,0
0.3138335,0.36641416,0.3197523,0
0.27399066,0.41332647,0.3126829,0
0.24962656,0.50215846,0.24821502,0
0.33133882,0.3205698,0.34809136,0
0.37183157,0.26920936,0.3589591,0
0.33766297,0.32869297,0.33364406,0
0.37250128,0.292902,0.3345967,0
0.31778955,0.36759406,0.31461638,0
0.32871753,0.36604464,0.3052378,0
0.32153028,0.36508924,0.31338042,0
0.33251694,0.34602332,0.32145977,0
0.3737741,0.28500012,0.3412257,0
0.37991238,0.24845988,0.37162778,1
0.3740277,0.26295385,0.36301848,0
0.35061628,0.30019838,0.34918532,0
0.37203252,0.2635915,0.36437595,0
0.30041823,0.3880876,0.31149414,0
0.36144495,0.30968064,0.32887447,0
0.30237558,0.37225524,0.3253692,0
0.25828266,0.4521136,0.28960365,0
0.2909997,0.38887247,0.32012776,0
0.31241238,0.37369365,0.3138939,0
0.3472935,0.3090219,0.3436846,0
0.34345937,0.33783695,0.31870374,0
0.27763182,0.4211826,0.30118555,0
0.34840992,0.32249406,0.329096,0
0.3506423,0.30822825,0.34112942,0
0.25827813,0.4441006,0.29762128,0
0.37538335,0.27427238,0.3503443,1
0.28238258,0.41084337,0.30677405,0
0.34040862,0.31274322,0.34684816,0
0.36370555,0.30277458,0.3335199,0
0.34556648,0.29830244,0.35613108,0
0.37868902,0.2794259,0.34188506,1
0.3745749,0.26015052,0.36527455,0
0.324599,0.34537247,0.3300286,0
0.37809256,0.24595399,0.37595347,0
0.32702053,0.34308824,0.3298912,0
0.38159853,0.23643696,0.38196456,0
0.36799484,0.28543603,0.34656915,0
0.38533333,0.26247594,0.35219067,1
0.36016333,0.3042783,0.33555838,0
0.3575163,0.29456526,0.34791842,0
0.32536012,0.35137868,0.32326117,0
0.30034983,0.37926742,0.32038268,0
0.3991133,0.28652626,0.31436038,1
0.37811315,0.26481396,0.3570729,1
0.34205824,0.31728736,0.34065446,0
0.37548384,0.2681541,0.35636204,1
0.35500696,0.30322838,0.34176463,0
0.29771525,0.43324164,0.26904318,0
0.33071798,0.3356632,0.33361882,0
0.36033958,0.26961455,0.37004587,0
0.37574318,0.2673458,0.35691094,1
0.33679172,0.32492036,0.33828798,0
0.38203108,0.30720538,0.3107636,1
0.36108142,0.27457815,0.36434042,0
0.34801948,0.3474182,0.30456236,0
0.34486073,0.31802428,0.33711493,0
0.37699166,0.26491097,0.35809737,1
0.41470805,0.3090511,0.27624094,1
0.37104908,0.26968682,0.35926405,0
0.37576568,0.2668672,0.35736716,1
0.33544967,0.32797086,0.33657953,0
0.3471425,0.32849687,0.32436067,0
0.37466455,0.28316462,0.34217083,0
0.37626013,0.26682782,0.35691205,1
0.37591442,0.25408798,0.36999756,1
0.37287143,0.2929093,0.33421922,0
0.37780315,0.32311106,0.29908586,1
0.3307341,0.3145232,0.3547427,0
0.3514396,0.27890044,0.3696599,0
0.3490167,0.33449888,0.3164844,0
0.35120508,0.32240024,0.3263947,0
0.29820317,0.3802927,0.32150412,0
0.38096368,0.24090964,0.37812662,0
0.30519584,0.37331468,0.32148948,0
0.37682498,0.27417928,0.34899575,1
0.26607046,0.43920454,0.294725,0
0.37397507,0.24577272,0.3802522,-1
0.3456926,0.31951448,0.33479285,0
0.3413843,0.32186392,0.3367518,0
0.30838764,0.36793697,0.3236754,0
0.34680206,0.2895854,0.36361253,0
0.3375939,0.3270468,0.33535922,0
0.3242291,0.3436887,0.33208227,0
0.3761394,0.27623767,0.3476229,1
0.34071353,0.32348606,0.33580038,0
0.29970527,0.38602027,0.3142745,0
0.29530776,0.3805533,0.324139,0
0.36867535,0.2778885,0.35343617,0
0.37479308,0.2684403,0.3567667,0
0.29908738,0.3766955,0.32421708,0
0.35685113,0.3104185,0.33273035,0
0.3132877,0.3600915,0.32662076,0
0.37666005,0.26369166,0.35964823,1
0.33508393,0.32729894,0.33761716,0
0.32624182,0.34245908,0.33129904,0
0.3702459,0.2669882,0.36276597,0
0.38710186,0.23183256,0.3810656,0
0.3338025,0.33211508,0.3340824,0
0.3239004,0.34473312,0.3313665,0
0.38255242,0.26679766,0.35064995,1
0.29830614,0.37846053,0.3232333,0
0.35024437,0.30877534,0.34098026,0
0.2576496,0.4546753,0.28767514,0
0.31345776,0.34966433,0.33687788,0
0.37289438,0.2724869,0.35461876,0
0.35421535,0.30217636,0.34360832,0
0.2799253,0.4174631,0.30261162,0
0.27583396,0.41921082,0.30495515,0
0.36080533,0.2939223,0.34527233,0
0.21201666,0.5330185,0.2549649,0
0.32195747,0.37779593,0.30024657,0
0.26143676,0.48787904,0.25068423,0
0.3772551,0.26347417,0.35927066,1
0.28045824,0.4295882,0.28995353,0
0.1904479,0.5746508,0.23490134,0
0.32850903,0.33321515,0.33827585,0
0.29845035,0.37677625,0.3247734,0
0.31350243,0.35676327,0.32973427,0
0.25016356,0.46751392,0.28232253,0
0.40268767,0.24567015,0.35164222,1
0.3343047,0.3299553,0.33573997,0
0.30044895,0.38522255,0.3143285,0
0.27177337,0.41782138,0.31040522,0
0.31426886,0.3624644,0.32326674,0
0.35711336,0.3198189,0.3230677,0
0.22918822,0.48915642,0.28165534,0
0.33944094,0.3118107,0.34874836,0
0.38495958,0.29929513,0.31574526,1
0.34805128,0.3408668,0.31108195,0
0.31243098,0.392987,0.29458207,0
0.34059954,0.29952413,0.35987636,0
0.37343633,0.2693335,0.3572301,0
0.37165412,0.2665828,0.36176315,0
0.37864113,0.27597037,0.34538844,1
0.27268967,0.4221323,0.30517808,0
0.31394425,0.3515922,0.33446348,0
0.3171949,0.34977672,0.3330284,0
0.34981436,0.32169807,0.32848752,0
0.29431242,0.43312874,0.2725588,0
0.25068942,0.4652662,0.2840444,0
0.33918393,0.34206858,0.31874752,0
0.3002414,0.38127172,0.31848684,0
0.28581694,0.39867145,0.31551164,0
0.25262994,0.4439633,0.30340686,0
0.37620485,0.2613439,0.3624513,1
0.33701286,0.33047256,0.33251455,0
0.37468487,0.2689013,0.35641384,0
0.3262746,0.3425958,0.3311296,0
0.38062555,0.24548325,0.3738912,1
0.29023296,0.4000782,0.30968887,0
0.3750991,0.26748607,0.3574149,1
0.34546655,0.31233245,0.342201,0
0.37353384,0.259104,0.3673621,0
0.37435907,0.26901412,0.35662684,0
0.3746234,0.250248,0.37512866,-1
0.3779367,0.26596695,0.35609636,1
0.38256767,0.24273685,0.37469548,1
0.37443295,0.25326133,0.37230572,0
0.38438484,0.2351685,0.38044664,0
0.35570568,0.30023688,0.34405744,0
0.38877708,0.24681444,0.3644085,1
0.26634908,0.4369305,0.29672036,0
0.26954177,0.42989582,0.3005624,0
0.3188897,0.35500193,0.32610837,0
0.31799698,0.41173816,0.27026492,0
0.26873884,0.4358917,0.29536948,0
0.3290833,0.34270006,0.32821664,0
0.35718724,0.30083197,0.34198081,0
0.35670203,0.3242979,0.3190001,0
0.27923504,0.4081415,0.31262347,0
0.34173566,0.30530518,0.35295916,0
0.37428427,0.2625926,0.36312312,0
0.37364262,0.26839095,0.35796645,0
0.39905185,0.30831236,0.29263577,1
0.37958494,0.2577174,0.3626976,1
0.37796474,0.2885425,0.33349285,1
0.33232358,0.31714028,0.35053614,0
0.37343636,0.26933348,0.35723013,0
0.38574222,0.23601718,0.37824053,0
0.38817272,0.26752967,0.34429768,1
0.37574866,0.2550932,0.36915812,1
0.28105086,0.4154359,0.30351326,0
0.38351882,0.24225836,0.37422287,1
0.33791408,0.3244703,0.33761564,0
0.38000256,0.23687357,0.38312382,0
0.37520656,0.26847377,0.35631964,1
0.28728735,0.39920017,0.31351244,0
0.36815625,0.278392,0.3534518,0
0.35358945,0.2862681,0.36014238,0
0.35694933,0.30266604,0.34038457,0
0.2919286,0.3983375,0.30973387,0
0.27737153,0.42057806,0.30205038,0
0.35860026,0.2901407,0.35125908,0
0.30662724,0.4416063,0.25176644,0
0.27201796,0.42524752,0.30273452,0
0.3273203,0.3502644,0.32241535,0
0.3498064,0.32603437,0.3241592,0
0.37343636,0.2693335,0.35723013,0
0.37343633,0.2693335,0.3572301,0
0.45596248,0.25911012,0.28492746,1
0.37594423,0.25753516,0.36652064,1
0.37429672,0.29441842,0.33128488,0
0.37179855,0.251165,0.37703642,-1
0.40678307,0.26546636,0.3277506,1
0.3831492,0.24076085,0.37608996,0
0.33033487,0.33434722,0.33531788,0
0.3396203,0.318932,0.3414477,0
0.33502343,0.36040345,0.30457315,0
0.26294625,0.443036,0.2940178,0
0.28683463,0.40006882,0.31309655,0
0.3162106,0.35448995,0.32929936,0
0.33695617,0.32741755,0.33562627,0
0.3212038,0.34956747,0.3292287,0
0.33046767,0.36722597,0.30230635,0
0.31311965,0.38064173,0.30623868,0
0.32436562,0.37272373,0.30291063,0
0.25915998,0.44422066,0.2966194,0
0.31083065,0.36182415,0.32734513,0
0.32195264,0.38982728,0.28822014,0
0.30964035,0.3646519,0.3257078,0
0.3206273,0.381147,0.29822564,0
0.31730032,0.35650164,0.32619807,0
0.34431326,0.31250742,0.34317937,0
0.3487767,0.34178725,0.30943605,0
0.32756954,0.36397627,0.3084541,0
0.3201586,0.3811901,0.29865128,0
0.29332823,0.41432312,0.29234862,0
0.3598004,0.2938007,0.34639895,0
0.35386118,0.3364049,0.30973396,0
0.3725934,0.29235408,0.33505255,0
0.4119669,0.27266574,0.31536737,1
0.37963048,0.3110878,0.30928177,1
0.33799213,0.32300532,0.33900255,0
0.2926588,0.4329505,0.2743908,0
0.25834167,0.4534948,0.28816354,0
0.24550672,0.47454172,0.2799515,0
0.3132478,0.35183164,0.33492056,0
0.26944253,0.43429098,0.29626656,0
0.25674322,0.45621094,0.28704584,0
0.29572955,0.44080707,0.26346344,0
0.30595636,0.38020104,0.31384265,0
0.28694966,0.42426875,0.2887816,0
0.3681029,0.29103854,0.34085855,0
0.3295868,0.3329863,0.33742696,0
0.37400156,0.26874033,0.3572581,0
0.3737516,0.26922444,0.357024,0
0.37103534,0.25129795,0.37766668,-1
0.3903644,0.32411608,0.2855195,1
0.37425962,0.26029786,0.3654425,0
0.4146152,0.2916494,0.29373538,1
0.38853568,0.23177838,0.37968603,0
0.3753177,0.28830287,0.33637944,1
0.36706686,0.31544155,0.31749156,0
0.31790778,0.3829488,0.2991435,0
0.4004677,0.2960061,0.3035262,1
0.2031098,0.55001956,0.24687059,0
0.28833124,0.40400904,0.30765963,0
0.34965798,0.3372557,0.31308636,0
0.36250097,0.28397056,0.3535285,0
0.32986102,0.37094498,0.29919404,0
0.34912974,0.3615174,0.2893528,0
0.19448797,0.5639629,0.24154907,0
0.32128593,0.34972572,0.32898834,0
0.34550607,0.29766846,0.35682547,0
0.35037792,0.30581227,0.34380975,0
0.30389854,0.38005024,0.31605121,0
0.329363,0.37227124,0.29836577,0
0.35173073,0.3184445,0.3298247,0
0.26406756,0.44203493,0.29389754,0
0.30623278,0.355784,0.33798325,0
0.3501777,0.3697233,0.280099,0
0.37421945,0.25718382,0.36859676,0
0.30628696,0.3754981,0.31821492,0
0.30202347,0.4384472,0.2595293,0
0.2766613,0.46611023,0.25722852,0
0.16131273,0.62714577,0.21154149,0
0.33506572,0.32529622,0.33963808,0
0.23953134,0.48585042,0.2746183,0
0.2936794,0.38510266,0.32121798,0
0.34407064,0.34967703,0.30625236,0
0.2725461,0.41929144,0.30816248,0
0.27062714,0.43272117,0.2966517,0
0.3808186,0.31554717,0.30363426,1
0.2498419,0.46806842,0.28208968,0
0.22708015,0.5079053,0.26501444,0
0.2540784,0.44683683,0.29908472,0
0.31226423,0.43828687,0.2494489,0
0.31583115,0.39080092,0.29336792,0
0.26995343,0.43385145,0.29619515,0
0.26071662,0.441496,0.2977873,0
0.35722798,0.36319053,0.2795815,0
0.22423287,0.51295626,0.26281083,0
0.34818193,0.3536797,0.2981384,0
0.34784672,0.31187382,0.34027952,0
0.23024493,0.5014485,0.2683066,0
0.2855523,0.4084119,0.3060358,0
0.35650733,0.35484198,0.28865072,0
0.36591583,0.28142545,0.35265875,0
0.33081087,0.3722296,0.29695955,0
0.28312013,0.3954377,0.32144216,0
0.3199139,0.40521103,0.27487507,0
0.28891578,0.40308538,0.3079988,0
0.36964136,0.26209718,0.36826143,0
0.43769908,0.30747437,0.25482655,1
0.37515888,0.27202925,0.35281184,1
0.28601918,0.39724725,0.31673357,0
0.2642842,0.44210276,0.2936131,0
0.35644343,0.34218314,0.30137342,0
0.31956336,0.35556778,0.32486883,0
0.27895036,0.41318998,0.30785963,0
0.2004219,0.55612135,0.2434568,0
0.33208883,0.33379593,0.33411527,0
0.3450932,0.3520526,0.30285424,0
0.3463035,0.33675966,0.31693682,0
0.37922093,0.27660513,0.34417397,1
0.2966985,0.38919377,0.31410772,0
0.3470949,0.32268706,0.33021805,0
0.37724954,0.27137068,0.35137987,1
0.36719227,0.25538903,0.37741867,-1
0.3279699,0.3365677,0.33546236,0
0.37546542,0.2683338,0.3562008,1
0.3903342,0.26128602,0.34837976,1
0.38570347,0.2347396,0.37955695,0
0.37475005,0.33554626,0.28970373,0
0.32286844,0.34296295,0.3341686,0
0.34022444,0.30928355,0.350492,0
0.33064118,0.36138502,0.30797374,0
0.3360424,0.32543966,0.33851787,0
0.3618286,0.28842917,0.3497422,0
0.33262047,0.37790024,0.2894793,0
0.3744081,0.26066926,0.36492267,0
0.31513822,0.39506954,0.28979227,0
0.35952207,0.3094693,0.33100855,0
0.27607873,0.4237086,0.3002127,0
0.35049188,0.31448284,0.33502528,0
0.37305868,0.27182856,0.35511273,0
0.33861884,0.30788818,0.35349298,0
0.3073642,0.37377945,0.3188564,0
0.35894573,0.31176952,0.32928482,0
0.30694073,0.36181548,0.33124375,0
0.32486016,0.33289492,0.34224486,0
0.3709107,0.26346114,0.36562812,0
0.37543717,0.26409888,0.36046404,1
0.33900252,0.3199539,0.34104362,0
0.36389795,0.3123108,0.32379127,0
0.27158707,0.4242612,0.30415168,0
0.36586776,0.30799928,0.32613298,0
0.2666144,0.42973888,0.30364674,0
0.39438498,0.2600763,0.3455387,1
0.34405348,0.32214254,0.333804,0
0.315501,0.36494747,0.31955156,0
0.34103256,0.31939995,0.33956748,0
0.37636548,0.26329055,0.3603439,1
0.37385315,0.2691893,0.3569576,0
0.37531397,0.2680824,0.35660356,1
0.3052536,0.3644367,0.3303097,0
0.31516567,0.39306015,0.29177424,0
0.31964448,0.3527299,0.32762563,0
0.30336744,0.3671092,0.32952332,0
0.29872975,0.37912214,0.32214808,0
0.35489103,0.30497253,0.34013644,0
0.20652707,0.5444893,0.24898368,0
0.30745032,0.37044248,0.32210714,0
0.33904824,0.38727042,0.27368137,0
0.29810345,0.39879432,0.3031023,0
0.34938842,0.30683944,0.34377217,0
0.37475175,0.267918,0.35733026,0
0.37343636,0.2693335,0.35723013,0
0.36761037,0.31207123,0.32031846,0
0.36548537,0.25356337,0.3809512,-1
0.3779338,0.26789904,0.35416713,1
0.39713106,0.24799432,0.3548746,1
0.37244287,0.2678593,0.3596978,0
0.37482294,0.31387934,0.31129768,0
0.38202733,0.24165103,0.3763216,0
0.32789302,0.32000893,0.352098,0
0.364763,0.2696665,0.3655705,0
0.37457037,0.2672021,0.35822758,0
0.36508623,0.28140667,0.3535071,0
0.37445378,0.26091677,0.36462942,0
0.30906853,0.3575077,0.33342373,0
0.33417386,0.32911345,0.33671275,0
0.36294845,0.31097096,0.32608062,0
0.32176444,0.33124763,0.34698793,0
0.33072525,0.34362903,0.32564571,0
0.37479162,0.25712395,0.3680844,0
0.32064238,0.40215865,0.27719903,0
0.374445,0.26313046,0.36242455,0
0.37288317,0.26869538,0.35842144,0
0.39035356,0.29437527,0.31527117,1
0.27772987,0.4182269,0.30404314,0
0.32944307,0.33507204,0.3354849,0
0.38258663,0.26476368,0.35264972,1
0.32134253,0.34940872,0.32924873,0
0.34310174,0.31613192,0.34076643,0
0.37433735,0.26902163,0.35664102,0
0.3429467,0.29725236,0.35980093,0
0.37478536,0.2681281,0.35708657,0
0.3621475,0.28572258,0.35212994,0
0.3766255,0.25959274,0.36378172,1
0.37762952,0.24732384,0.37504667,0
0.33376986,0.3093118,0.35691833,0
0.38151675,0.26330397,0.35517928,1
0.33442268,0.35243228,0.313145,0
0.24275254,0.47880012,0.2784473,0
0.27955273,0.4168593,0.30358797,0
0.3424691,0.31448227,0.3430486,0
0.3475027,0.30935916,0.3431381,0
0.28813624,0.40431747,0.30754632,0
0.37392226,0.26916534,0.35691237,0
0.35799637,0.3283833,0.3136204,0
0.28652537,0.41175044,0.3017242,0
0.30728367,0.36973128,0.3229851,0
0.36487973,0.28019404,0.35492626,0
0.3685058,0.27588177,0.35561243,0
0.3379801,0.3237176,0.33830228,0
0.36086878,0.293362,0.3457692,0
0.37965542,0.24802995,0.37231463,1
0.33964956,0.32424125,0.33610916,0
0.3244418,0.33516484,0.34039333,0
0.28070742,0.41619754,0.30309507,0
0.3531338,0.33652532,0.31034085,0
0.30086726,0.38149282,0.31763998,0
0.30538413,0.4098187,0.2847971,0
0.23329566,0.49691,0.26979434,0
0.2853633,0.40871206,0.30592468,0
0.33441183,0.32992283,0.33566535,0
0.32490277,0.3401363,0.3349609,0
0.2341839,0.49410284,0.27171332,0
0.32259965,0.36066172,0.31673867,0
0.3580265,0.30160406,0.34036943,0
0.30609047,0.38168532,0.31222418,0
0.28184384,0.42451003,0.29364616,0
0.22281569,0.515477,0.2617073,0
0.2833236,0.44435292,0.27232352,0
0.29368106,0.3966608,0.30965817,0
0.33683157,0.34435606,0.31881237,0
0.3587768,0.3275433,0.31367984,0
0.32607186,0.3671661,0.30676204,0
0.3521044,0.3537369,0.29415873,0
0.3290299,0.33800977,0.33296037,0
0.35842136,0.32445315,0.31712547,0
0.25364092,0.46073017,0.28562889,0
0.3091027,0.36970147,0.32119578,0
0.30723953,0.36404958,0.32871094,0
0.28399357,0.41089606,0.3051104,0
0.33096677,0.3715522,0.29748106,0
0.28924012,0.39723212,0.31352782,0
0.373294,0.26605064,0.3606554,0
0.38456765,0.31174695,0.30368537,1
0.25592792,0.47151807,0.27255395,0
0.29056722,0.39103067,0.31840214,0
0.31327078,0.36777508,0.31895417,0
0.27356908,0.4757136,0.2507173,0
0.30213264,0.38108674,0.3167806,0
0.21859932,0.51738584,0.26401493,0
0.28609985,0.40714097,0.30675918,0
0.343983,0.35310674,0.30291027,0
0.35644612,0.28690267,0.3566512,0
0.31009734,0.39120802,0.29869467,0
0.3736132,0.2741261,0.35226068,0
0.1934702,0.5690374,0.23749241,0
0.2653729,0.44968122,0.28494594,0
0.3048121,0.4081977,0.28699017,0
0.37190852,0.26349056,0.36460096,0
0.26610896,0.44032094,0.2935701,0
0.31243747,0.42538822,0.26217434,0
0.28181085,0.4144145,0.30377463,0
0.37897843,0.28557563,0.33544597,1
0.33486992,0.35532692,0.30980313,0
0.3513151,0.3032716,0.34541333,0
0.28583837,0.40795773,0.3062038,0
0.33613494,0.31718075,0.34668425,0
0.28024772,0.41056186,0.30919042,0
0.3108498,0.36761898,0.32153124,0
0.31618416,0.39097828,0.29283753,0
0.2594584,0.4496906,0.29085097,0
0.37570885,0.2678885,0.35640264,1
0.3745057,0.26809052,0.35740376,0
0.32413116,0.34384733,0.33202156,0
0.35831228,0.29805076,0.34363693,0
0.3141261,0.35664976,0.32922408,0
0.3264076,0.3240234,0.34956896,0
0.31922933,0.35868096,0.32208973,0
0.3708394,0.25587276,0.3732879,0
0.37404305,0.26892978,0.3570272,0
0.37415028,0.26199085,0.36385882,0
0.3487696,0.33168584,0.31954458,0
0.32540897,0.3265202,0.34807083,0
0.3764099,0.24991919,0.37367097,1
0.37922195,0.23895212,0.3818259,0
0.3295157,0.33574003,0.33474436,0
0.37450346,0.26225427,0.3632422,0
0.38574052,0.23464976,0.37960967,0
0.34241033,0.35467786,0.30291188,0
0.37403262,0.26790193,0.35806552,0
0.31609964,0.3425455,0.34135488,0
0.32797122,0.31975284,0.35227597,0
0.375665,0.26498786,0.35934716,1
0.36130467,0.2821102,0.35658512,0
0.33123538,0.3541115,0.3146531,0
0.34309357,0.32214564,0.3347608,0
0.20668148,0.5420097,0.2513089,0
0.3264609,0.34069717,0.33284193,0
0.36553848,0.28786287,0.34659868,0
0.3141133,0.39052302,0.29536366,0
0.31147373,0.36762556,0.32090074,0
0.33013088,0.35302022,0.31684887,0
0.380211,0.2692021,0.35058692,1
0.37165338,0.28782701,0.34051955,0
0.30891588,0.36297202,0.3281121,0
0.3678114,0.28573442,0.34645414,0
0.38003567,0.2508945,0.36906978,1
0.39493898,0.25727573,0.34778526,1
0.37482616,0.26777166,0.3574022,0
0.3759696,0.27163988,0.35239047,1
0.39117584,0.24056487,0.36825928,1
0.31373543,0.35292864,0.33333594,0
0.37563854,0.25762302,0.36673847,1
0.35104513,0.33468765,0.31426725,0
0.38367888,0.23887572,0.37744534,0
0.3742318,0.2986613,0.32710698,0
0.32108483,0.3334652,0.34545004,0
0.35267073,0.31645223,0.33087704,0
0.33193117,0.33966863,0.3284002,0
0.2922472,0.39156997,0.31618282,0
0.26233098,0.44492665,0.29274237,0
0.31121042,0.401773,0.28701657,0
0.2976815,0.3814654,0.32085305,0
0.3855129,0.30154404,0.312943,1
0.3293787,0.33770394,0.33291736,0
0.2349006,0.4727142,0.29238522,0
0.32710534,0.34297797,0.32991675,0
0.33120114,0.35684076,0.3119582,0
0.36940476,0.25987297,0.37072226,0
0.3734794,0.2684998,0.35802078,0
0.3115943,0.35869113,0.32971463,0
0.35374308,0.32674357,0.3195134,0
0.3761774,0.31993008,0.30389255,1
0.37869242,0.26872635,0.3525812,1
0.38717,0.2799036,0.3329264,1
0.32628396,0.34289882,0.3308172,0
0.34923849,0.32699564,0.32376584,0
0.2741921,0.42163932,0.3041686,0
0.3293051,0.34016696,0.33052796,0
0.36083743,0.337603,0.30155954,0
0.22665375,0.5086611,0.26468515,0
0.3684556,0.28727165,0.34427273,0
0.3370255,0.3560908,0.30688372,0
0.2785327,0.43103346,0.29043373,0
0.31109783,0.39581892,0.29308322,0
0.28809175,0.48302978,0.22887847,0
0.3351275,0.3568952,0.3079773,0
0.29687428,0.43562874,0.26749706,0
0.17971328,0.59485537,0.22543138,0
0.31472605,0.39511085,0.29016307,0
0.36942688,0.32360104,0.30697212,0
0.40492204,0.34735155,0.2477263,1
0.3750064,0.26849246,0.3565012,1
0.3799129,0.26449853,0.35558856,1
0.37343633,0.2693335,0.3572301,0
0.3407477,0.3182713,0.34098104,0
0.36501753,0.2533947,0.38158777,-1
0.37604138,0.26654044,0.35741812,1
0.38106653,0.27053818,0.34839526,1
0.3590651,0.30447483,0.33646005,0
0.29823807,0.3785869,0.32317504,0
0.34678724,0.28998625,0.3632265,0
0.38245028,0.24152426,0.37602538,0
0.36454394,0.2772673,0.35818884,0
0.37547886,0.28695312,0.33756804,1
0.3664223,0.31591758,0.31766015,0
0.25227964,0.46409684,0.28362352,0
0.3056195,0.36495432,0.32942617,0
0.3755416,0.3149041,0.30955425,1
0.37526807,0.31517738,0.30955458,1
0.22799239,0.506286,0.2657215,0
0.37264934,0.29585895,0.33149168,0
0.36840448,0.306596,0.32499948,0
0.34436062,0.31296384,0.34267554,0
0.33791286,0.3233909,0.33869624,0
0.37375873,0.29751801,0.3287233,0
0.32884467,0.35929158,0.3118637,0
0.38257587,0.27125955,0.34616455,1
0.35812396,0.27473283,0.36714318,0
0.3707959,0.27243128,0.35677272,0
0.33056208,0.35281727,0.31662065,0
0.37334153,0.24957125,0.37708724,-1
0.34183183,0.29916662,0.35900158,0
0.3417844,0.34068045,0.3175352,0
0.37325123,0.31151488,0.3152339,0
0.323285,0.38095045,0.2957646,0
0.3701839,0.26756114,0.36225495,0
0.32445306,0.34788993,0.32765698,0
0.3157454,0.3567659,0.32748872,0
0.27001855,0.43345067,0.2965308,0
0.37003452,0.3354721,0.29449332,0
0.36309618,0.2867766,0.35012725,0
0.33089763,0.3421911,0.32691127,0
0.3600917,0.30220377,0.3377045,0
0.2647122,0.44267967,0.29260805,0
0.34259102,0.37014213,0.28726688,0
0.29851955,0.46588635,0.23559411,0
0.22628756,0.50549716,0.2682153,0
0.28478295,0.4094782,0.30573884,0
0.33139768,0.39204532,0.27655697,0
0.3010509,0.38579,0.31315908,0
0.33175904,0.33425772,0.33398327,0
0.3390708,0.31512076,0.34580842,0
0.360073,0.29039428,0.34953266,0
0.3024031,0.41410628,0.28349063,0
0.20318693,0.54898465,0.24782844,0
0.33984137,0.3851773,0.27498135,0
0.34129143,0.32930192,0.32940665,0
0.33245274,0.3428114,0.32473588,0
0.32625264,0.35920015,0.31454718,0
0.3537177,0.319641,0.32664132,0
0.24315058,0.47965688,0.27719247,0
0.28826198,0.40325856,0.3084795,0
0.28760374,0.44968835,0.26270792,0
0.2912185,0.3983017,0.31047982,0
0.29762945,0.38933417,0.3130364,0
0.33210698,0.35206288,0.3158301,0
0.31141382,0.39400375,0.2945824,0
0.33427083,0.35601136,0.3097178,0
0.31654626,0.39124084,0.29221293,0
0.35841295,0.34227774,0.29930922,0
0.3358591,0.3690896,0.2950513,0
0.34741476,0.3392597,0.3133255,0
0.30018422,0.3912573,0.30855843,0
0.30519614,0.3707492,0.3240546,0
0.355277,0.3330138,0.3117092,0
0.37553993,0.28252956,0.34193057,1
0.35171917,0.32829213,0.3199887,0
0.30558705,0.39784497,0.296568,0
0.31427485,0.3549879,0.33073723,0
0.31615728,0.3591615,0.32468125,0
0.34293863,0.34787026,0.30919114,0
0.3733757,0.28617695,0.34044734,0
0.37437057,0.26901016,0.35661933,0
0.37430385,0.2690086,0.3566876,0
0.50025094,0.23230031,0.26744878,1
0.33510476,0.3712791,0.29361612,0
0.37596518,0.25984824,0.36418658,1
0.36167178,0.29236317,0.345965,0
0.36902615,0.2875743,0.34339952,0
0.29381865,0.39642614,0.30975518,0
0.26979157,0.43181947,0.29838896,0
0.355285,0.3323471,0.31236792,0
0.33989522,0.32183853,0.33826625,0
0.29425037,0.3968339,0.30891567,0
0.32730946,0.33703893,0.3356516,0
0.3754886,0.26508686,0.35942453,1
0.3782497,0.2622276,0.35952273,1
0.36580116,0.28399065,0.35020816,0
0.37482864,0.26725075,0.35792065,0
0.33012244,0.3219732,0.34790438,0
0.3689332,0.26738402,0.36368287,0
0.34797043,0.31298837,0.33904123,0
0.3461845,0.31684393,0.33697167,0
0.37912974,0.26924175,0.35162845,1
0.41529095,0.26401484,0.32069424,1
0.37610364,0.28017303,0.34372333,1
0.37690553,0.32174316,0.30135128,1
0.36480096,0.289165,0.3460341,0
0.3280357,0.3590362,0.31292808,0
0.34933913,0.33510715,0.31555375,0
0.24734737,0.47220987,0.28044277,0
0.39118248,0.26098257,0.34783497,1
0.31113857,0.36716622,0.3216952,0
0.28481975,0.44588447,0.26929578,0
0.37478963,0.28147635,0.343734,0
0.30250013,0.38918993,0.30830997,0
0.35541305,0.29929775,0.34528926,0
0.3121187,0.3619138,0.32596752,0
0.33096042,0.34538686,0.32365277,0
0.34137776,0.3582178,0.3004044,0
0.35089952,0.31931937,0.32978114,0
0.37426096,0.2690481,0.35669094,0
0.38294315,0.26740155,0.34965527,1
0.37220505,0.26966146,0.35813347,0
0.33877409,0.32454368,0.3366822,0
0.3603469,0.29348493,0.3461682,0
0.3649762,0.31639543,0.31862834,0
0.37427875,0.26849672,0.35722452,0
0.30371502,0.3796125,0.31667244,0
0.37772813,0.2565545,0.3657174,1
0.37231657,0.26952133,0.3581621,0
0.29138842,0.39123303,0.31737855,0
0.37393412,0.26903614,0.3570297,0
0.28785035,0.40017113,0.3119785,0
0.32884765,0.33004016,0.34111223,0
0.3311952,0.33519295,0.33361182,0
0.34194416,0.34660807,0.31144774,0
0.30758968,0.37342006,0.31899032,0
0.30207992,0.39080676,0.30711326,0
0.36447704,0.26996765,0.36555526,0
0.3710101,0.33224323,0.29674667,0
0.32620454,0.37320498,0.3005905,0
0.34707183,0.31083447,0.34209368,0
0.33815414,0.3398029,0.32204294,0
0.37343636,0.26933348,0.35723013,0
0.3668185,0.3032514,0.32993016,0
0.34399685,0.31245407,0.34354904,0
0.27545112,0.42363873,0.3009101,0
0.36008912,0.2963136,0.34359732,0
0.3484299,0.30746785,0.34410223,0
0.37727833,0.26353514,0.35918653,1
0.37118003,0.27072918,0.35809073,0
0.3776285,0.25987735,0.36249417,1
0.4494427,0.2738181,0.2767392,1
0.3757924,0.26154926,0.36265832,1
0.2585917,0.45306846,0.28833973,0
0.38033786,0.24706225,0.37259987,1
0.37474772,0.29552287,0.3297294,0
0.25073156,0.46504036,0.28422812,0
0.340837,0.34601164,0.3131513,0
0.3320507,0.31988028,0.348069,0
0.3204376,0.38757464,0.29198778,0
0.31957954,0.35420886,0.3262116,0
0.3204936,0.35246792,0.32703856,0
0.3737327,0.26686028,0.35940704,0
0.283295,0.41202083,0.30468413,0
0.30156428,0.36846304,0.32997265,0
0.32050374,0.35123253,0.32826373,0
0.3118624,0.36131385,0.32682368,0
0.3684914,0.280352,0.3511566,0
0.40180513,0.31496656,0.2832283,1
0.37447596,0.26669094,0.35883313,0
0.37438273,0.26875666,0.35686058,0
0.37275302,0.25360084,0.37364608,0
0.3737717,0.2692175,0.35701087,0
0.37710673,0.25114256,0.37175068,1
0.37580723,0.24917693,0.37501585,0
0.32500434,0.3364388,0.3385569,0
0.37085652,0.27665004,0.35249338,0
0.38561618,0.23381887,0.38056496,0
0.38595846,0.23747152,0.37657,0
0.33006832,0.35619923,0.31373248,0
0.3719749,0.27719992,0.3508252,0
0.33132774,0.3131948,0.35547745,0
0.40630668,0.26060086,0.33309242,1
0.3420768,0.31557882,0.3423444,0
0.31312737,0.35113418,0.3357385,0
0.37019527,0.26399577,0.36580893,0
0.38061464,0.2540128,0.36537257,1
0.37243003,0.2619833,0.3655867,0
0.37530702,0.26772684,0.3569662,1
0.3787982,0.23855789,0.38264394,0
0.3805244,0.24886735,0.37060827,1
0.38137916,0.23368187,0.38493896,0
0.3182508,0.38457075,0.29717842,0
0.37634665,0.28511617,0.33853716,1
0.38196617,0.24081454,0.37721932,0
0.44113457,0.24541388,0.31345153,1
0.3728019,0.26948658,0.3577115,0
0.42144153,0.2892871,0.28927144,1
0.39028025,0.2583098,0.3514099,1
0.33647218,0.32353646,0.33999136,0
0.3287152,0.33731416,0.3339706,0
0.374135,0.2699454,0.3559196,0
0.3607375,0.3082613,0.33100116,0
0.2810956,0.41497585,0.3039286,0
0.26741892,0.4559705,0.27661052,0
0.3737597,0.31257042,0.31366986,0
0.31157222,0.41903612,0.26939166,0
0.3774446,0.2682157,0.3543397,1
0.3174861,0.35710377,0.32541016,0
0.2940788,0.39089376,0.31502748,0
0.29906645,0.386316,0.31461754,0
0.29491463,0.43836725,0.26671803,0
0.29303783,0.396595,0.31036714,0
0.3681644,0.2799716,0.35186395,0
0.3324238,0.34030285,0.3272734,0
0.31074363,0.40383688,0.2854195,0
0.2646971,0.43424687,0.30105603,0
0.34710374,0.30535737,0.34753886,0
0.3427164,0.30659848,0.35068518,0
0.33385682,0.32981932,0.33632383,0
0.3479315,0.33352014,0.31854826,0
0.31633037,0.3474548,0.33621484,0
0.33271396,0.3171371,0.35014892,0
0.36960214,0.3171889,0.31320897,0
0.3382501,0.31134906,0.3504008,0
0.29837292,0.37785107,0.323776,0
0.3201488,0.36671758,0.31313366,0
0.30888987,0.3663897,0.32472044,0
0.28510368,0.4034803,0.311416,0
0.31958914,0.354691,0.3257199,0
0.36645058,0.2829904,0.35055903,0
0.23979054,0.48515144,0.27505797,0
0.30140078,0.38398156,0.31461763,0
0.33702302,0.36691335,0.29606357,0
0.37098062,0.25891164,0.37010774,0
0.33239034,0.35481736,0.31279224,0
0.2657112,0.43771544,0.29657346,0
0.29232,0.39669344,0.31098655,0
0.380894,0.24746752,0.37163845,1
0.3622201,0.296345,0.34143487,0
0.3557359,0.3261517,0.31811246,0
0.29664096,0.39091584,0.3124433,0
0.3685804,0.2940302,0.3373895,0
0.2750688,0.41886595,0.3060653,0
0.3700599,0.26397493,0.36596525,0
0.2802183,0.41698876,0.30279288,0
0.38440263,0.24109511,0.37450233,1
0.34791872,0.30315602,0.34892523,0
0.2825786,0.46603367,0.25138775,0
0.37367028,0.26925254,0.35707718,0
0.2419912,0.57677084,0.18123794,0
0.36721358,0.26556492,0.36722153,0
0.3414485,0.33103746,0.3275141,0
0.2902819,0.395832,0.31388608,0
0.22058794,0.48053008,0.29888198,0
0.36668193,0.29030523,0.34301287,0
0.38692933,0.26967657,0.34339404,1
0.35337383,0.31831747,0.3283087,0
0.39342123,0.28662542,0.31995335,1
0.28544608,0.40613854,0.30841532,0
0.30698538,0.37102243,0.32199216,0
0.26148233,0.45058492,0.28793275,0
0.32680473,0.3445288,0.32866642,0
0.3189134,0.3530242,0.32806236,0
0.37450185,0.26648554,0.35901257,0
0.33397782,0.3301599,0.33586225,0
0.3740277,0.26896146,0.35701084,0
0.37304878,0.26517287,0.36177832,0
0.37988812,0.26469955,0.35541233,1
0.37252003,0.27852976,0.34895018,0
0.37454653,0.26848477,0.35696873,0
0.34363672,0.3007406,0.35562265,0
0.28754166,0.39045942,0.32199895,0
0.37504566,0.2550752,0.36987913,1
0.3475192,0.34571436,0.30676642,0
0.31957054,0.38614774,0.29428172,0
0.22453876,0.48357353,0.2918877,0
0.32894546,0.3502296,0.320825,0
0.24180116,0.47990143,0.27829742,0
0.2862718,0.45652407,0.25720415,0
0.34344885,0.35685962,0.2996915,0
0.29304034,0.39623553,0.31072414,0
0.37343636,0.2693335,0.35723013,0
0.37421352,0.2708646,0.35492185,0
0.31103003,0.3680925,0.32087746,0
0.3762362,0.27342585,0.35033795,1
0.41669586,0.30164614,0.28165796,1
0.39042655,0.26135334,0.34822008,1
0.39179373,0.31399092,0.29421532,1
0.38092068,0.2888595,0.33021986,1
0.3742851,0.26890573,0.3568092,0
0.2869681,0.4003648,0.31266707,0
0.35109383,0.32204646,0.32685974,0
0.3739938,0.3096809,0.31632522,0
0.34766412,0.32529524,0.3270406,0
0.30641985,0.37528598,0.31829417,0
0.28156,0.4148196,0.3036204,0
0.29060343,0.4004231,0.30897343,0
0.31923056,0.416206,0.26456338,0
0.3410877,0.35339525,0.30551705,0
0.28826123,0.40870768,0.30303112,0
0.2534225,0.45977956,0.286798,0
0.26701254,0.43879732,0.2941901,0
0.3229552,0.40524605,0.2717987,0
0.2867238,0.4065536,0.3067226,0
0.35349354,0.30168447,0.344822,0
0.3635088,0.29350483,0.34298635,0
0.33027324,0.33593708,0.33378965,0
0.3357115,0.33727503,0.3270135,0
0.33578157,0.3462242,0.31799418,0
0.36939996,0.25994352,0.37065646,0
0.33000448,0.3391157,0.33087987,0
0.3558373,0.30584708,0.33831564,0
0.37646192,0.26578537,0.35775262,1
0.36350676,0.3071956,0.32929757,0
0.37343588,0.25977695,0.36678723,0
0.43682548,0.25402254,0.30915192,1
0.34780186,0.3175605,0.33463767,0
0.299137,0.4256001,0.27526286,0
0.32254222,0.36491248,0.31254536,0
0.26960942,0.42494798,0.3054426,0
0.34316906,0.33185583,0.32497504,0
0.30711013,0.37409133,0.3187986,0
0.3019561,0.42240977,0.2756341,0
0.22125731,0.51568735,0.26305532,0
0.33957347,0.36064157,0.29978502,0
0.30344018,0.36949232,0.3270675,0
0.25992668,0.4507953,0.289278,0
0.28930217,0.40247533,0.30822256,0
0.3115594,0.3614961,0.32694453,0
0.33778748,0.34493145,0.31728107,0
0.32145897,0.3685366,0.31000438,0
0.3248279,0.32985887,0.34531322,0
0.32790703,0.33661482,0.3354782,0
0.37471348,0.2694539,0.3558326,0
0.37386426,0.2691709,0.3569648,0
0.35727075,0.3072642,0.33546498,0
0.3510587,0.3267975,0.32214376,0
0.353031,0.3166134,0.3303556,0
0.3561002,0.3258422,0.3180577,0
0.2899525,0.39767814,0.3123694,0
0.35024145,0.30885112,0.34090734,0
0.37711942,0.25470844,0.36817217,1
0.37230012,0.26918983,0.35851014,0
0.37593886,0.27198473,0.3520764,1
0.37433845,0.26899567,0.35666582,0
0.40139285,0.29035187,0.30825529,1
0.37048018,0.26806113,0.36145872,0
0.32546622,0.36002162,0.3145122,0
0.37942767,0.2525304,0.36804193,1
0.35030746,0.354548,0.29514456,0
0.31958392,0.3384826,0.3419335,0
0.3686602,0.29918677,0.332153,0
0.38712737,0.23234598,0.38052666,0
0.24988301,0.4679976,0.28211945,0
0.3452039,0.3183006,0.33649546,0
0.37366104,0.26925573,0.3570832,0
0.38300404,0.2377149,0.37928104,0
0.31921434,0.35488445,0.32590124,0
0.36114258,0.28096628,0.3578911,0
0.38024274,0.24666664,0.37309065,1
0.38639233,0.23267029,0.38093743,0
0.36914068,0.261185,0.36967435,0
0.37762192,0.25073305,0.37164503,1
0.30977848,0.36481225,0.3254093,0
0.38000724,0.24742891,0.37256378,1
0.37759814,0.24270415,0.37969765,0
0.3313088,0.34250388,0.32618725,0
0.33634236,0.33690026,0.32675737,0
0.3194956,0.36070275,0.31980166,0
0.22319363,0.5125211,0.26428536,0
0.30516937,0.43943462,0.255396,0
0.29440665,0.396406,0.30918738,0
0.33546942,0.345419,0.31911156,0
0.22943069,0.51224524,0.25832406,0
0.28697369,0.43167573,0.28135052,0
0.28326946,0.4409028,0.2758278,0
0.3278422,0.34508342,0.32707444,0
0.28482985,0.40907708,0.30609316,0
0.2945355,0.42934963,0.27611488,0
0.30903047,0.3708441,0.32012543,0
0.3747111,0.2679121,0.3573768,0
0.37674987,0.2677281,0.355522,1
0.34556186,0.34407285,0.3103653,0
0.35762608,0.33631942,0.30605456,0
0.40731275,0.26700285,0.32568437,1
0.37338215,0.25273713,0.37388074,0
0.3715636,0.2733561,0.3550803,0
0.34192857,0.31753826,0.34053317,0
0.33000264,0.35104236,0.31895506,0
0.3797023,0.2854145,0.3348832,1
0.38023144,0.27051067,0.3492579,1
0.2988752,0.37664527,0.32447958,0
0.28597423,0.40594977,0.3080759,0
0.35172397,0.38772935,0.26054665,0
0.28294358,0.40996176,0.30709466,0
0.3745907,0.2691575,0.3562518,0
0.35604048,0.29095963,0.3529998,0
0.31582892,0.35784864,0.32632238,0
0.28446895,0.449961,0.26557004,0
0.33391213,0.33609098,0.32999685,0
0.34412396,0.32218146,0.33369455,0
0.3530665,0.3320378,0.3148957,0
0.33643425,0.32855093,0.3350148,0
0.26870516,0.4355488,0.29574603,0
0.37862566,0.2509031,0.37047124,1
0.36930454,0.27453682,0.35615864,0
0.36850014,0.27706107,0.3544388,0
0.29237682,0.39763308,0.30999014,0
0.35451886,0.28419456,0.3612866,0
0.30628705,0.3661364,0.32757655,0
0.2814296,0.40747806,0.3110924,0
0.31648487,0.37166664,0.31184852,0
0.22337511,0.51281816,0.26380676,0
0.3746932,0.26883405,0.3564727,0
0.36060488,0.2897152,0.3496799,0
0.32894695,0.33892378,0.33212933,0
0.35232326,0.31650543,0.33117136,0
0.37555647,0.24645017,0.3779934,0
0.330896,0.31398588,0.35511813,0
0.374741,0.26837528,0.3568837,0
0.36961523,0.26162255,0.36876222,0
0.36025798,0.297974,0.341768,0
0.34613103,0.30012095,0.35374802,0
0.27875084,0.44310066,0.27814844,0
0.3410074,0.3174491,0.3415435,0
0.25441965,0.5148721,0.23070821,0
0.37619248,0.24585205,0.37795547,0
0.36329034,0.3006528,0.33605686,0
0.30828872,0.40286624,0.28884512,0
0.3231003,0.3139948,0.36290488,0
0.3822765,0.23313293,0.38459066,0
0.3747964,0.26840982,0.35679382,0
0.37503806,0.27165052,0.35331154,1
0.4625554,0.19644623,0.34099835,1
0.35284162,0.30511528,0.3420431,0
0.38577506,0.2545915,0.3596334,1
0.3329538,0.35379788,0.31324825,0
0.3674014,0.28193358,0.350665,0
0.3302561,0.3333763,0.33636755,0
0.39060834,0.26300904,0.34638256,1
0.3721864,0.26932836,0.35848525,0
0.38145515,0.2426034,0.37594137,0
0.38098234,0.27037418,0.34864342,1
0.3814713,0.24518682,0.37334192,1
0.3752922,0.25194636,0.3727615,1
0.372714,0.25348783,0.37379816,0
0.30807027,0.37167546,0.32025433,0
0.35263082,0.35999754,0.28737164,0
0.38710186,0.23183256,0.3810656,0
0.26509583,0.42497048,0.30993366,0
0.32051268,0.3516225,0.3278648,0
0.3661546,0.26260307,0.37124225,0
0.3815456,0.24709113,0.37136325,1
0.37356797,0.26780736,0.3586246,0
0.3539549,0.31469402,0.3313511,0
0.37656152,0.27753916,0.3458993,1
0.37481755,0.31150052,0.31368193,0
0.36497548,0.28621647,0.3488081,0
0.3725793,0.26141202,0.3660087,0
0.38387376,0.24639012,0.36973616,1
0.34042725,0.3495625,0.3100102,0
0.29997975,0.37779653,0.32222366,0
0.38845885,0.3243127,0.28722847,1
0.38390246,0.23738322,0.37871435,0
0.29155397,0.39892668,0.30951935,0
0.37479687,0.2686673,0.35653588,0
0.30989236,0.3697303,0.3203773,0
0.24093334,0.48153305,0.27753362,0
0.316914,0.40563005,0.277456,0
0.37507096,0.24713448,0.37779456,0
0.27818394,0.4249234,0.29689273,0
0.25064877,0.46667796,0.28267333,0
0.37334332,0.26906553,0.35759112,0
0.3367679,0.3035931,0.359639,0
0.37344384,0.26933092,0.35722524,0
0.36729252,0.28273752,0.34996998,0
0.3830333,0.25211114,0.36485553,1
0.4125533,0.27709183,0.31035486,1
0.37385088,0.28722003,0.33892912,0
0.31610072,0.344949,0.3389503,0
0.38710186,0.23183256,0.3810656,0
0.37033132,0.3065708,0.3230979,0
0.3424168,0.33489576,0.32268745,0
0.37788692,0.2690038,0.35310927,1
0.38710186,0.23183256,0.3810656,0
0.32110742,0.35112065,0.32777187,0
0.37791467,0.2511121,0.3709732,1
0.3572304,0.28050256,0.36226705,0
0.38710186,0.23183256,0.3810656,0
0.3370351,0.34736905,0.31559587,0
0.33023307,0.3575984,0.31216857,0
0.3793645,0.2438795,0.37675595,0
0.38710186,0.23183256,0.3810656,0
0.37303883,0.3280195,0.2989416,0
0.37366566,0.26906005,0.3572743,0
0.33087528,0.33088,0.33824477,0
0.38589945,0.26428226,0.34981838,1
0.29217038,0.39760062,0.31022894,0
0.3747345,0.24962692,0.3756386,-1
0.37462884,0.2673127,0.35805848,0
0.3785118,0.2487121,0.37277606,1
0.37350225,0.26931074,0.35718706,0
0.33703443,0.34241697,0.32054856,0
0.37897733,0.24739318,0.37362948,1
0.37788737,0.25054535,0.37156728,1
0.3768728,0.26294252,0.36018467,1
0.37993714,0.2700348,0.35002807,1
0.37209693,0.314379,0.31352407,0
0.38439235,0.27282262,0.342785,1
0.35737818,0.31420362,0.3284182,0
0.2752598,0.42008144,0.3046587,0
0.2811442,0.41549137,0.3033644,0
0.34633842,0.3235146,0.330147,0
0.298835,0.38148215,0.31968287,0
0.31931287,0.35442808,0.32625914,0
0.31798914,0.38867486,0.29333594,0
0.29219294,0.39179534,0.31601173,0
0.2594785,0.45095932,0.28956217,0
0.26358223,0.43104872,0.3053691,0
0.33962044,0.32146108,0.3389185,0
0.36167195,0.28125718,0.35707086,0
0.31024855,0.3694866,0.32026488,0
0.3395164,0.34089866,0.3195849,0
0.25649327,0.46697634,0.27653039,0
0.30099413,0.38049233,0.31851354,0
0.35453558,0.30950132,0.33596313,0
0.3742455,0.28071657,0.34503794,0
0.3901131,0.28399494,0.32589197,1
0.34671077,0.32886535,0.3244239,0
0.37608865,0.28186417,0.34204713,1
0.37682775,0.26033476,0.36283746,1
0.38014042,0.26621518,0.3536445,1
0.32808012,0.36477414,0.3071457,0
0.2950245,0.39312923,0.3118462,0
0.37026122,0.25532255,0.37441623,0
0.2588006,0.45126012,0.28993922,0
0.3440618,0.326058,0.3298802,0
0.33108288,0.38919067,0.27972645,0
0.25317144,0.46034417,0.28648433,0
0.2624125,0.4465732,0.29101425,0
0.30980247,0.4175252,0.27267238,0
0.30067113,0.4203024,0.27902648,0
0.30304116,0.37653783,0.32042092,0
0.1947888,0.56212497,0.24308622,0
0.27560574,0.4211678,0.3032264,0
0.33794424,0.3663467,0.29570904,0
0.33877024,0.33657804,0.3246517,0
0.24349187,0.4790634,0.27744475,0
0.35775366,0.3110289,0.33121738,0
0.3478911,0.3375239,0.314585,0
0.37398386,0.26531062,0.36070555,0
0.37545803,0.2746408,0.3499011,1
0.37436244,0.3170124,0.3086252,0
0.3025045,0.4254466,0.2720489,0
0.3337672,0.3681761,0.29805672,0
0.32444757,0.40092614,0.27462628,0
0.24693154,0.4723383,0.28073016,0
0.30356678,0.37011278,0.3263205,0
0.22027673,0.5190481,0.26067522,0
0.29878578,0.38324836,0.31796592,0
0.32786587,0.34221852,0.3299156,0
0.3564722,0.36635014,0.2771777,0
0.333516,0.3386729,0.3278111,0
0.32614762,0.37756988,0.29628253,0
0.21245152,0.5264218,0.2611267,0
0.2906185,0.41201997,0.29736143,0
0.20674236,0.54340684,0.24985076,0
0.23362145,0.49546537,0.27091318,0
0.32995853,0.32945362,0.34058788,0
0.34561715,0.32792652,0.32645634,0
0.33703762,0.33107948,0.33188295,0
0.32818377,0.3631554,0.3086609,0
0.34838158,0.29856986,0.35304865,0
0.38375595,0.31529638,0.30094764,1
0.34295505,0.33420092,0.322844,0
0.2789084,0.41795695,0.30313465,0
0.20145717,0.55421126,0.24433154,0
0.39211246,0.30250388,0.3053836,1
0.34652323,0.3645529,0.28892386,0
0.3285551,0.3603419,0.31110305,0
0.32379204,0.3758807,0.30032736,0
0.3155166,0.38854104,0.29594234,0
0.23889513,0.48675126,0.2743536,0
0.32913604,0.33509338,0.3357706,0
0.35318232,0.322629,0.32418862,0
0.37794313,0.27288377,0.3491731,1
0.35370037,0.309749,0.33655062,0
0.32032958,0.3807151,0.29895532,0
0.36061585,0.2977108,0.3416733,0
0.28782344,0.4039069,0.30826962,0
0.30623883,0.35706523,0.3366959,0
0.29274356,0.39624754,0.31100887,0
0.2870686,0.4043669,0.30856448,0
0.30577895,0.4107008,0.28352028,0
0.29951718,0.42954424,0.27093858,0
0.33161524,0.35441846,0.3139663,0
0.34515908,0.33926052,0.31558046,0
0.34647876,0.32641372,0.32710746,0
0.3602353,0.31349567,0.326269,0
0.35894188,0.3410335,0.30002466,0
0.35236815,0.33189625,0.3157356,0
0.31258047,0.37237012,0.31504947,0
0.34893984,0.32612842,0.3249317,0
0.43503755,0.29876688,0.26619554,1
0.37285957,0.26946384,0.3576766,0
0.36292055,0.29700086,0.34007862,0
0.3566573,0.2961868,0.34715593,0
0.37859935,0.28837052,0.3330302,1
0.37165546,0.26998228,0.35836226,0
0.29551414,0.39271578,0.31177005,0
0.3348851,0.3587704,0.3063445,0
0.31926528,0.3547453,0.32598943,0
0.23635052,0.48957184,0.27407768,0
0.33340767,0.33343157,0.33316082,0
0.3749819,0.26052514,0.36449295,0
0.38839194,0.2812233,0.33038473,1
0.34161958,0.3190451,0.33933532,0
0.25744835,0.4550188,0.28753293,0
0.32253984,0.3350543,0.3424058,0
0.31429067,0.35896048,0.32674882,0
0.3141065,0.36493045,0.3209631,0
0.27705407,0.41917714,0.30376878,0
0.36934355,0.2760835,0.35457298,0
0.37094474,0.27402815,0.3550271,0
0.3574243,0.33615974,0.30641598,0
0.3396826,0.3227176,0.3375998,0
0.37007156,0.31022632,0.31970215,0
0.37418613,0.31053326,0.3152806,0
0.3346195,0.3294058,0.33597472,0
0.3723656,0.27105832,0.3565761,0
0.35869226,0.29340577,0.34790203,0
0.37396714,0.2691498,0.35688305,0
0.30511266,0.37527856,0.3196088,0
0.37286803,0.26351437,0.3636176,0
0.38167217,0.26148954,0.35683826,1
0.3349838,0.33509234,0.32992384,0
0.3743062,0.26903242,0.35666135,0
0.26630977,0.43590286,0.29778737,0
0.35902858,0.29770368,0.34326774,0
0.37491333,0.28665534,0.33843124,0
0.23996384,0.48464903,0.27538705,0
0.31815264,0.3859476,0.2958998,0
0.30470586,0.37509617,0.32019797,0
0.32287616,0.34312728,0.33399665,0
0.32184124,0.36159885,0.31655994,0
0.3365649,0.32842106,0.3350141,0
0.35202348,0.3037578,0.34421876,0
0.37382486,0.26918474,0.35699043,0
0.37343633,0.2693335,0.3572301,0
0.3742875,0.26903892,0.35667363,0
0.35103372,0.3156975,0.33326876,0
0.28876624,0.3895189,0.32171488,0
0.375885,0.2655195,0.35859543,1
0.4037913,0.26984143,0.3263672,1
0.3768998,0.25883126,0.3642689,1
0.36700454,0.29979196,0.33320352,0
0.3551022,0.31435016,0.33054763,0
0.3774654,0.26263723,0.35989746,1
0.23001741,0.50046086,0.26952168,0
0.3644277,0.31248677,0.3230855,0
0.35329875,0.3168922,0.32980904,0
0.3192048,0.33949322,0.34130198,0
0.28133547,0.41518226,0.30348223,0
0.3769555,0.25983176,0.36321276,1
0.37438533,0.26899567,0.35661903,0
0.3268502,0.33168533,0.34146443,0
0.31470156,0.36075267,0.3245457,0
0.29203612,0.41840422,0.28955966,0
0.28262144,0.41235262,0.30502596,0
0.37425104,0.2606937,0.3650553,0
0.3735541,0.26929277,0.3571531,0
0.37190008,0.26593977,0.36216015,0
0.35426867,0.32560885,0.32012248,0
0.38001,0.24736525,0.3726247,1
0.27516165,0.42492285,0.29991537,0
0.3193379,0.3540407,0.3266214,0
0.37161446,0.26116297,0.36722258,0
0.38897488,0.26901913,0.34200603,1
0.37523448,0.26846144,0.35630402,1
0.36887074,0.27315885,0.35797045,0
0.3789105,0.24192972,0.37915978,0
0.3765261,0.2592206,0.36425334,1
0.32874593,0.3184572,0.35279688,0
0.34992024,0.37900814,0.27107155,0
0.38710186,0.23183256,0.3810656,0
0.24228601,0.4722651,0.28544888,0
0.32798654,0.36755255,0.3044609,0
0.31022912,0.38110575,0.3086651,0
0.30545104,0.37040085,0.32414815,0
0.35492632,0.31155822,0.33351555,0
0.25582537,0.4577921,0.28638256,0
0.3186911,0.3560985,0.32521042,0
0.37392086,0.26811337,0.35796577,0
0.41664645,0.25537977,0.32797375,1
0.3620856,0.29069072,0.34722364,0
0.37128517,0.26177132,0.36694342,0
0.37565714,0.28096333,0.34337953,1
0.34123674,0.30960664,0.34915662,0
0.37333247,0.31694585,0.30972168,0
0.3552496,0.28271478,0.3620356,0
0.37699112,0.25299296,0.37001598,1
0.3747995,0.25116956,0.3740309,0
0.3737548,0.26922333,0.3570219,0
0.26108316,0.45016608,0.28875077,0
0.26197538,0.4455704,0.29245427,0
0.32767472,0.3401231,0.33220226,0
0.3009319,0.3838213,0.3152468,0
0.27231845,0.42988825,0.2977933,0
0.3657854,0.33294523,0.3012694,0
0.34349906,0.30873728,0.34776366,0
0.3263908,0.37746063,0.29614863,0
0.2996232,0.37799752,0.32237923,0
0.30342588,0.41123545,0.28533858,0
0.36998844,0.26982147,0.36019012,0
0.25215742,0.49762136,0.2502212,0
0.21230207,0.5288032,0.25889465,0
0.28431424,0.40518433,0.31050146,0
0.36068285,0.30752125,0.3317959,0
0.29058322,0.39574704,0.3136697,0
0.29265898,0.39885727,0.30848378,0
0.2768395,0.42247057,0.3006899,0
0.36754045,0.31148738,0.32097214,0
0.37959996,0.27188474,0.34851533,1
0.37343636,0.26933348,0.35723013,0
0.3735106,0.2787144,0.34777504,0
0.26423374,0.44334495,0.29242125,0
0.27854982,0.41321856,0.3082316,0
0.2906629,0.4021464,0.30719078,0
0.33587542,0.33411327,0.33001128,0
0.37649184,0.26732805,0.3561801,1
0.3676862,0.27986312,0.35245073,0
0.27476388,0.42321503,0.30202106,0
0.27836016,0.42000008,0.30163974,0
0.31175247,0.35516974,0.33307773,0
0.32472375,0.33430308,0.3409732,0
0.3077445,0.37410566,0.3181498,0
0.23666742,0.49098212,0.2723505,0
0.26360506,0.45559433,0.2808006,0
0.28945082,0.4780283,0.2325209,0
0.3179395,0.37382317,0.30823743,0
0.32247847,0.38078585,0.29673567,0
0.37345013,0.2693388,0.35721105,0
0.35055694,0.33327806,0.31616497,0
0.33456928,0.3599483,0.3054824,0
0.31602466,0.38661018,0.2973652,0
0.34565544,0.31589195,0.3384527,0
0.28485656,0.41139272,0.3037507,0
0.31669262,0.3923881,0.29091924,0
0.27167177,0.43097067,0.2973576,0
0.3769139,0.2504935,0.3725925,1
0.35053846,0.3575214,0.29194006,0
0.41676775,0.29757345,0.2856588,1
0.33091384,0.3349028,0.33418328,0
0.30146384,0.3813808,0.3171553,0
0.42750752,0.26841483,0.30407768,1
0.32398996,0.34637877,0.3296313,0
0.30980235,0.35467997,0.33551764,0
0.3278251,0.34382477,0.3283501,0
0.21773636,0.5287858,0.25347772,0
0.37445065,0.26898238,0.35656694,0
0.27723,0.4196408,0.30312914,0
0.3288614,0.32631087,0.34482774,0
0.30733407,0.31748682,0.37517908,-1
0.334668,0.31448367,0.35084826,0
0.34727293,0.3253346,0.32739243,0
0.41806176,0.27565387,0.3062844,1
0.39806688,0.2575942,0.34433892,1
0.37898093,0.26789394,0.35312515,1
0.37686375,0.2958829,0.32725334,1
0.3551816,0.34035444,0.30446395,0
0.34474528,0.32508376,0.33017093,0
0.3824622,0.2564742,0.3610636,1
0.37493244,0.2667591,0.35830843,0
0.3755055,0.27086407,0.35363048,1
0.38315606,0.24331976,0.3735242,1
0.29071146,0.39410365,0.31518495,0
0.3579944,0.29565933,0.34634626,0
0.34776792,0.313304,0.33892807,0
0.31795636,0.35094783,0.3310958,0
0.30691415,0.369421,0.3236648,0
0.32944563,0.34920204,0.3213524,0
0.34015667,0.3209552,0.33888808,0
0.36243695,0.290506,0.3470571,0
0.3419552,0.37690902,0.28113574,0
0.3737994,0.2868441,0.3393565,0
0.3038113,0.40124324,0.29494536,0
0.33480966,0.3259376,0.3392527,0
0.3103146,0.36897704,0.32070836,0
0.3636735,0.28434575,0.35198075,0
0.3481565,0.34305507,0.30878842,0
0.3746526,0.26665932,0.35868815,0
0.37765458,0.29033083,0.33201453,1
0.3794201,0.24374041,0.37683958,0
0.3815644,0.2719297,0.3465059,1
0.37978262,0.24483386,0.3753836,0
0.37397474,0.2547106,0.37131462,0
0.37083697,0.28711054,0.34205246,0
0.37040645,0.28591666,0.34367695,0
0.26543963,0.43786144,0.29669896,0
0.36071432,0.28886965,0.350416,0
0.3381933,0.34508324,0.31672347,0
0.26433846,0.4657415,0.2699201,0
0.3592135,0.3083562,0.3324303,0
0.34102988,0.3446174,0.31435266,0
0.3053169,0.37201852,0.32266465,0
0.29372057,0.3850347,0.3212447,0
0.35863551,0.34337008,0.29799446,0
0.34276575,0.34487405,0.31236026,0
0.2723724,0.43697512,0.2906524,0
0.3030479,0.37011358,0.32683858,0
0.36882195,0.3277473,0.30343077,0
0.36856055,0.28844604,0.34299335,0
0.39669448,0.26900232,0.3343032,1
0.3586492,0.2967346,0.3446162,0
0.42456394,0.29522598,0.28021008,1
0.33360162,0.35737014,0.30902824,0
0.3704053,0.25864747,0.37094718,0
0.37494823,0.26855555,0.3564962,0
0.37343636,0.26933348,0.35723013,0
0.37137502,0.26925993,0.35936505,0
0.3764842,0.26387516,0.3596406,1
0.3301243,0.3506472,0.31922853,0
0.37277305,0.30520838,0.32201856,0
0.3229874,0.33608112,0.3409315,0
0.38540766,0.25145867,0.36313367,1
0.27310666,0.42728823,0.2996052,0
0.3200199,0.35226077,0.32771936,0
0.32961777,0.3410044,0.32937783,0
0.2770166,0.41797906,0.30500436,0
0.24742578,0.5164963,0.23607789,0
0.29272097,0.3928304,0.31444862,0
0.32674626,0.38836128,0.28489247,0
0.35399795,0.32635638,0.31964564,0
0.31021905,0.36913788,0.32064313,0
0.34327617,0.31544045,0.3412834,0
0.32491064,0.3799101,0.29517925,0
0.28785595,0.39946422,0.31267986,0
0.33316362,0.33360785,0.33322856,0
0.36794615,0.27357274,0.35848105,0
0.37292764,0.2694634,0.35760903,0
0.37833703,0.28781626,0.3338467,1
0.32707587,0.3408821,0.33204204,0
0.3599023,0.29313692,0.34696072,0
0.3001456,0.3842869,0.3155675,0
0.359014,0.292129,0.34885702,0
0.34935415,0.30775028,0.34289554,0
0.32283422,0.3471876,0.3299782,0
0.32411036,0.37053695,0.30535272,0
0.3945031,0.25940588,0.34609097,1
0.37529117,0.26869118,0.35601768,1
0.37537256,0.26848462,0.35614288,1
0.3376365,0.32420197,0.33816153,0
0.32135996,0.3378936,0.34074643,0
0.36885682,0.33266497,0.29847822,0
0.37207857,0.30575898,0.32216248,0
0.37542993,0.26856008,0.35601,1
0.30740035,0.36482772,0.32777187,0
0.35183105,0.32994738,0.3182215,0
0.3284372,0.34910154,0.3224612,0
0.3605234,0.2927776,0.34669897,0
0.35361353,0.29274768,0.35363877,0
0.41735265,0.30637032,0.27627704,1
0.37383056,0.26916677,0.35700276,0
0.37626356,0.26150683,0.36222962,1
0.3360902,0.34300396,0.3209058,0
0.34903878,0.3460828,0.3048784,0
0.37590864,0.25448775,0.3696036,1
0.3755817,0.2553336,0.36908466,1
0.37290508,0.26866433,0.35843056,0
0.31718397,0.3571613,0.3256547,0
0.32782584,0.32014132,0.3520328,0
0.35142416,0.31359318,0.33498266,0
0.28295776,0.40993986,0.30710238,0
0.3103294,0.42626202,0.2634086,0
0.32119146,0.3537742,0.32503438,0
0.34888718,0.31589782,0.33521506,0
0.3203032,0.36221758,0.31747916,0
0.32705945,0.36297625,0.30996427,0
0.2457072,0.47292748,0.28136533,0
0.31137517,0.38554654,0.30307826,0
0.32267767,0.34183004,0.3354922,0
0.22466952,0.5091619,0.26616853,0
0.30618504,0.38268742,0.31112748,0
0.36786854,0.26487267,0.36725876,0
0.3680602,0.28704917,0.34489062,0
0.3086708,0.3762518,0.31507742,0
0.3750288,0.27430055,0.35067073,1
0.32141027,0.35228708,0.32630262,0
0.3694999,0.32137245,0.30912772,0
0.3824722,0.2611909,0.35633692,1
0.36993226,0.31163308,0.31843457,0
0.37457055,0.2654967,0.3599327,0
0.3386423,0.32357967,0.33777806,0
0.3880149,0.27741754,0.33456755,1
0.36918023,0.27821398,0.35260576,0
0.22730629,0.5066446,0.2660491,0
0.33592498,0.35014895,0.3139261,0
0.37653235,0.28543568,0.338032,1
0.39566973,0.2657322,0.33859813,1
0.3753932,0.26841372,0.3561931,1
0.3701608,0.3028547,0.32698452,0
0.37856895,0.29363558,0.3277955,1
0.23010845,0.5010505,0.26884106,0
0.39651567,0.32739076,0.27609348,1
0.37928152,0.26828235,0.35243616,1
0.3287861,0.3421847,0.32902917,0
0.36259696,0.31614885,0.32125422,0
0.37343633,0.2693335,0.3572301,0
0.37311023,0.3155645,0.31132528,0
0.36845922,0.29435584,0.33718497,0
0.32692575,0.354017,0.31905732,0
0.35484463,0.29962263,0.3455328,0
0.33832774,0.3466595,0.31501278,0
0.34455925,0.32281262,0.33262813,0
0.37324637,0.28798917,0.33876443,0
0.32990372,0.38285685,0.28723937,0
0.375201,0.26720133,0.35759768,1
0.36826402,0.268216,0.36351994,0
0.3724141,0.26563957,0.36194628,0
0.3657707,0.2770565,0.35717282,0
0.39095846,0.24709263,0.3619489,1
0.36567754,0.2878469,0.3464756,0
0.38405153,0.2568531,0.35909536,1
0.3933787,0.30078155,0.30583975,1
0.38205013,0.24307749,0.37487242,1
0.37722245,0.2589452,0.3638324,1
0.35870486,0.33693358,0.30436155,0
0.36693987,0.3542345,0.2788256,0
0.3812978,0.24104275,0.3776594,0
0.34306523,0.36146304,0.29547173,0
0.37384984,0.26919043,0.35695973,0
0.41146824,0.27548647,0.3130453,1
0.38627765,0.23331597,0.38040632,0
0.40190995,0.28368336,0.31440678,1
0.32160076,0.3558464,0.3225528,0
0.37668958,0.26776114,0.35554925,1
0.38686022,0.23243223,0.3807076,0
0.37364325,0.2692619,0.35709482,0
0.37101278,0.27107927,0.35790795,0
0.33826578,0.33679974,0.32493445,0
0.30469885,0.3663607,0.32894036,0
0.3781876,0.2463733,0.37543905,0
0.33241832,0.31826165,0.34932005,0
0.3336935,0.3386746,0.3276319,0
0.32703513,0.36337292,0.30959195,0
0.28112385,0.3992983,0.31957787,0
0.3516126,0.3238025,0.32458493,0
0.28070036,0.40929642,0.3100032,0
0.31937313,0.35218993,0.32843697,0
0.31339526,0.35658914,0.3300157,0
0.37293693,0.2666632,0.36039984,0
0.3741413,0.268794,0.35706466,0
0.37848604,0.2699842,0.35152975,1
0.33773255,0.3409135,0.32135388,0
0.37864846,0.25421906,0.36713257,1
0.39570802,0.2988795,0.3054124,1
0.3577275,0.3504045,0.29186803,0
0.37533447,0.2686603,0.35600522,1
0.387749,0.23966445,0.3725865,1
0.37441254,0.26879552,0.35679197,0
0.3713883,0.2698785,0.35873324,0
0.4318894,0.25540802,0.31270254,1
0.35219783,0.30502433,0.34277782,0
0.3762338,0.2621581,0.36160812,1
0.36651683,0.29125127,0.34223187,0
0.2601822,0.4573928,0.28242496,0
0.33498874,0.34010884,0.3249024,0
0.32628396,0.3231632,0.35055277,0
0.36284068,0.27800715,0.3591521,0
0.3602756,0.30561024,0.33411416,0
0.38171935,0.3091164,0.30916432,1
0.3055224,0.3941724,0.30030522,0
0.26626801,0.48819098,0.245541,0
0.2837687,0.3992772,0.31695405,0
0.33908215,0.34256542,0.31835246,0
0.30621803,0.36805514,0.3257269,0
0.37411144,0.26893812,0.3569504,0
0.3532016,0.32978487,0.31701353,0
0.34533665,0.32364652,0.33101678,0
0.37632486,0.27616218,0.34751293,1
0.3018124,0.41630247,0.28188515,0
0.36672986,0.2821456,0.3511246,0
0.38184336,0.3099915,0.30816516,1
0.3746289,0.266698,0.3586731,0
0.36426333,0.2871144,0.34862223,0
0.3377695,0.34847465,0.3137558,0
0.3738862,0.26917782,0.35693595,0
0.36544502,0.2618987,0.37265638,0
0.3709968,0.26518703,0.36381617,0
0.37064,0.27524662,0.35411337,0
0.3328206,0.34293973,0.32423967,0
0.29186863,0.38943452,0.31869686,0
0.32279572,0.35148448,0.3257198,0
0.35308036,0.30968708,0.33723262,0
0.25974607,0.44691825,0.29333574,0
0.28246412,0.4104738,0.30706215,0
0.29873103,0.38622206,0.31504685,0
0.28205323,0.40799832,0.30994844,0
0.3380613,0.351006,0.31093276,0
0.2631108,0.43857476,0.29831448,0
0.30403528,0.37556556,0.32039922,0
0.31429955,0.36615685,0.3195436,0
0.3335485,0.33019957,0.33625194,0
0.35082924,0.33271596,0.31645477,0
0.3730651,0.29015237,0.3367825,0
0.40068027,0.27211073,0.32720897,1
0.35231146,0.3053929,0.34229562,0
0.4051722,0.29927453,0.2955533,1
0.36746055,0.27562088,0.3569185,0
0.3044127,0.37849495,0.31709236,0
0.33976072,0.32978523,0.330454,0
0.37371093,0.26923847,0.35705054,0
0.378692,0.2481115,0.3731965,1
0.3833484,0.27001265,0.34663892,1
0.3418054,0.3254649,0.33272967,0
0.31007788,0.3692383,0.32068384,0
0.33787283,0.30276635,0.35936075,0
0.3086552,0.3614846,0.32986018,0
0.35407317,0.29490814,0.3510187,0
0.34607783,0.32287246,0.3310497,0
0.37409884,0.2852808,0.3406204,0
0.2625014,0.4506713,0.28682727,0
0.28887036,0.39385533,0.31727427,0
0.3400653,0.34425876,0.31567597,0
0.2907988,0.39365166,0.3155496,0
0.30929884,0.39366344,0.2970377,0
0.29841694,0.39047384,0.31110922,0
0.27271783,0.44121686,0.28606534,0
0.28692487,0.42009726,0.29297793,0
0.3744822,0.26876563,0.35675225,0
0.32229546,0.34916413,0.32854047,0
0.37389576,0.2690754,0.35702887,0
0.36305973,0.30931282,0.3276275,0
0.37616056,0.26511908,0.35872027,1
0.3867973,0.28337374,0.32982895,1
0.38087276,0.26284596,0.3562813,1
0.30978128,0.40853298,0.28168568,0
0.27647337,0.41773418,0.30579245,0
0.32886866,0.34288862,0.32824272,0
0.3696993,0.32738966,0.30291104,0
0.37380898,0.2691443,0.3570467,0
0.2560767,0.4573622,0.2865611,0
0.35833827,0.3094765,0.3321852,0
0.19191204,0.57110685,0.23698114,0
0.2491475,0.46782795,0.2830246,0
0.3389688,0.31535292,0.34567827,0
0.29906195,0.44160888,0.25932917,0
0.23048168,0.5031012,0.26641715,0
0.27512386,0.43823647,0.28663963,0
0.26479778,0.5188173,0.21638486,0
0.25579995,0.45388478,0.29031518,0
0.29206026,0.3909066,0.3170331,0
0.31420225,0.36255383,0.32324392,0
0.32071376,0.35698205,0.32230413,0
0.3188081,0.38948518,0.2917067,0
0.345227,0.31239215,0.34238085,0
0.342275,0.33029598,0.32742897,0
0.38517535,0.28349644,0.3313283,1
0.26275468,0.4596603,0.27758503,0
0.3731083,0.26514205,0.36174965,0
0.31972137,0.40339488,0.27688372,0
0.32217604,0.34936062,0.32846335,0
0.19749655,0.5615319,0.24097157,0
0.2764124,0.4220882,0.3014994,0
0.35759586,0.29777664,0.34462753,0
0.31970635,0.34919524,0.33109835,0
0.3358345,0.35657957,0.30758592,0
0.2858389,0.42260504,0.29155603,0
0.3332526,0.35502306,0.31172433,0
0.2464317,0.4716846,0.2818837,0
0.2783395,0.4238569,0.29780358,0
0.28668436,0.40628937,0.30702624,0
0.26186505,0.44750184,0.2906331,0
0.25821128,0.47856003,0.26322868,0
0.28447637,0.42851087,0.2870127,0
0.27965993,0.42321828,0.29712182,0
0.29389954,0.39130884,0.31479168,0
0.27220854,0.4300722,0.29771927,0
0.3323306,0.33636048,0.33130884,0
0.31340137,0.36412916,0.32246947,0
0.30429855,0.41778573,0.27791575,0
0.3494981,0.35432357,0.29617837,0
0.26332787,0.45782197,0.27885008,0
0.31480235,0.3615561,0.3236415,0
0.2809869,0.41574565,0.30326748,0
0.3162156,0.35820118,0.32558322,0
0.3134265,0.36384475,0.3227288,0
0.30773076,0.36656594,0.32570326,0
0.35199198,0.30564928,0.34235874,0
0.37448266,0.26897132,0.356546,0
0.36498788,0.2791553,0.3558568,0
0.25071666,0.4617787,0.28750467,0
0.31269744,0.35886383,0.32843873,0
0.37400216,0.2669393,0.35905856,0
0.3812429,0.25419784,0.36455926,1
0.3012843,0.444377,0.25433865,0
0.3742053,0.26906738,0.35672736,0
0.21937026,0.4923937,0.28823605,0
0.31223002,0.35315055,0.33461943,0
0.32834867,0.3621186,0.30953273,0
0.27942413,0.41827488,0.30230102,0
0.37304398,0.26467672,0.36227936,0
0.34184363,0.31189716,0.3462592,0
0.317142,0.35767373,0.32518423,0
0.3752148,0.26847014,0.35631508,1
0.38052714,0.26366976,0.3558031,1
0.34226075,0.36553603,0.29220328,0
0.3752927,0.26722404,0.35748324,1
0.3419626,0.3333778,0.32465965,0
0.38316125,0.24452315,0.37231565,1
0.3717531,0.29367855,0.33456835,0
0.34993604,0.33091837,0.3191456,0
0.28466156,0.4025328,0.31280565,0
0.32589367,0.3883533,0.2857531,0
0.35641274,0.30984133,0.33374587,0
0.39180505,0.3078729,0.3003221,1
0.33904356,0.32104704,0.33990946,0
0.2515752,0.4646552,0.28376958,0
0.294854,0.39327973,0.31186625,0
0.35485122,0.32495335,0.32019544,0
0.36656535,0.2709869,0.3624478,0
0.2905545,0.40222472,0.30722082,0
0.29506287,0.39342254,0.31151462,0
0.26170325,0.44712588,0.2911709,0
0.35730618,0.29633573,0.34635812,0
0.37387034,0.2688696,0.3572601,0
0.31656694,0.35670352,0.3267295,0
0.35721678,0.31332633,0.32945693,0
0.32026285,0.34699374,0.3327434,0
0.36844528,0.28620005,0.34535465,0
0.29516524,0.39299646,0.31183827,0
0.28334248,0.40191588,0.31474167,0
0.31491363,0.36073127,0.32435516,0
0.36376145,0.32471725,0.3115213,0
0.31378797,0.38936326,0.29684874,0
0.28058386,0.4231859,0.29623017,0
0.37391087,0.26910257,0.3569866,0
0.1804301,0.59134716,0.22822283,0
0.27391142,0.41940343,0.30668518,0
0.317523,0.35139918,0.3310779,0
0.37694764,0.2438885,0.3791639,0
0.3648048,0.31142932,0.32376584,0
0.2922614,0.39781442,0.3099242,0
0.36123523,0.3013915,0.3373733,0
0.3069827,0.38547364,0.30754364,0
0.33483768,0.33479655,0.3303658,0
0.27259892,0.4935735,0.23382765,0
0.2645073,0.44302619,0.2924665,0
0.30022365,0.37785164,0.32192466,0
0.3325358,0.34340227,0.32406196,0
0.31018367,0.3614326,0.3283837,0
0.32395655,0.3413783,0.33466512,0
0.35719776,0.29476798,0.3480343,0
0.3747105,0.27030718,0.35498235,0
0.4391271,0.2757078,0.2851651,1
0.37289235,0.2666333,0.36047432,0
0.340348,0.33219972,0.32745218,0
0.37287393,0.26485428,0.36227182,0
0.28805056,0.404453,0.3074965,0
0.3541709,0.3083809,0.33744827,0
0.37292305,0.26689774,0.36017922,0
0.29281318,0.45188197,0.25530484,0
0.28656495,0.4487849,0.2646502,0
0.3068479,0.41236266,0.28078938,0
0.30806562,0.37661216,0.31532222,0
0.28564653,0.40207985,0.31227362,0
0.27556217,0.43233165,0.29210618,0
0.28210306,0.40859726,0.3092997,0
0.30518216,0.37581465,0.31900328,0
0.28820956,0.39400813,0.31778234,0
0.29594368,0.3899285,0.31412786,0
0.28519443,0.39941671,0.3153889,0
0.34098527,0.31595728,0.34305745,0
0.37013677,0.28041387,0.34944934,0
0.40414682,0.3199125,0.2759407,1
0.37424016,0.2690553,0.35670453,0
0.31503415,0.34877768,0.3361882,0
0.367414,0.28135785,0.35122818,0
0.37343636,0.26933348,0.35723013,0
0.37427378,0.26845035,0.3572759,0
0.3736056,0.26539072,0.36100358,0
0.38333464,0.24096817,0.37569717,0
0.31513333,0.3610062,0.32386047,0
0.35625544,0.28917497,0.35456958,0
0.30534357,0.36525306,0.3294034,0
0.2953592,0.4227571,0.28188372,0
0.25297302,0.4606743,0.28635263,0
0.32546407,0.35107967,0.3234562,0
0.36242372,0.32983997,0.3077363,0
0.29348698,0.4334105,0.27310255,0
0.2488132,0.46984336,0.28134346,0
0.27534947,0.42230064,0.30234987,0
0.31802166,0.397048,0.2849303,0
0.2949757,0.383763,0.32126138,0
0.3618478,0.32381454,0.31433767,0
0.29168248,0.39724612,0.31107146,0
0.33721393,0.32597047,0.3368156,0
0.380218,0.26448232,0.3552997,1
0.37551725,0.27522922,0.3492535,1
0.33609897,0.3273589,0.3365421,0
0.31405613,0.3735126,0.31243125,0
0.3296622,0.33694306,0.3333947,0
0.37021217,0.27631307,0.35347474,0
0.36537945,0.2752266,0.35939398,0
0.37048367,0.28550208,0.34401435,0
0.3275122,0.3584822,0.31400555,0
0.33334026,0.35223716,0.31442255,0
0.29114825,0.39664328,0.31220847,0
0.3334788,0.34174436,0.3247769,0
0.20781901,0.5420428,0.25013822,0
0.24286082,0.47909173,0.27804744,0
0.31936732,0.44076145,0.23987126,0
0.26003507,0.45241302,0.28755194,0
0.24939248,0.46702552,0.28358197,0
0.30442977,0.37874287,0.31682727,0
0.28835082,0.4039782,0.307671,0
0.26591694,0.44064498,0.2934381,0
0.30830342,0.36938593,0.32231066,0
0.31601715,0.42703575,0.2569472,0
0.3531635,0.33051926,0.31631732,0
0.20442365,0.5432452,0.2523311,0
0.29798484,0.3861069,0.31590834,0
0.34982404,0.35003653,0.3001394,0
0.32614127,0.33356324,0.34029546,0
0.3742202,0.26884848,0.35693136,0
0.25490347,0.4593701,0.28572646,0
0.24295044,0.4787816,0.27826798,0
0.28169826,0.40785587,0.31044587,0
0.32230952,0.33127278,0.34641764,0
0.2795758,0.41940063,0.30102357,0
0.32402554,0.34350353,0.33247086,0
0.36173594,0.2972257,0.34103835,0
0.27678812,0.43391833,0.28929353,0
0.23160213,0.49001902,0.2783789,0
0.26852393,0.4264902,0.30498585,0
0.37056223,0.2589211,0.37051675,0
0.3543909,0.31317428,0.3324349,0
0.26253876,0.4463591,0.29110208,0
0.24784441,0.47151712,0.28063843,0
0.36012542,0.30907577,0.33079886,0
0.35894144,0.28606457,0.35499397,0
0.3419373,0.34505826,0.3130044,0
0.25876302,0.44734675,0.2938902,0
0.26455098,0.4429523,0.2924967,0
0.341443,0.3745311,0.28402594,0
0.34579676,0.35101533,0.3031879,0
0.2983988,0.39218995,0.3094113,0
0.3061029,0.37579212,0.31810507,0
0.32438615,0.34727395,0.32833987,0
0.3727574,0.26844192,0.3588007,0
0.37390336,0.2834772,0.34261945,0
0.31583726,0.3861166,0.2980461,0
0.33235076,0.33280084,0.3348484,0
0.38990754,0.29697752,0.31311488,1
0.3632627,0.28396672,0.35277054,0
0.37343636,0.26933348,0.35723013,0
0.37338495,0.25796896,0.36864612,0
0.37505856,0.2682648,0.35667658,1
0.32863447,0.3235134,0.34785214,0
0.36843482,0.32764626,0.30391896,0
0.37943292,0.23986338,0.3807037,0
0.25951877,0.46634072,0.2741404,0
0.34355786,0.33990747,0.3165346,0
0.2893726,0.43767282,0.2729546,0
0.33021253,0.32000837,0.3497791,0
0.23392753,0.45935643,0.30671605,0
0.2942777,0.38884148,0.31688076,0
0.31204522,0.3588593,0.3290955,0
0.33444223,0.31778008,0.34777763,0
0.37657046,0.26823416,0.35519534,1
0.3758862,0.2677346,0.35637924,1
0.35226566,0.30547693,0.34225738,0
0.37666842,0.26897177,0.35435975,1
0.3737181,0.30192593,0.32435596,0
0.37453967,0.24788904,0.37757125,-1
0.36061576,0.34331343,0.2960708,0
0.32860574,0.34143952,0.3299547,0
0.36783955,0.30405957,0.3281009,0
0.3349315,0.30671287,0.35835567,0
0.30570763,0.37662727,0.31766507,0
0.3861946,0.28026018,0.33354524,1
0.2864034,0.4072878,0.30630884,0
0.27859178,0.41263333,0.3087749,0
0.22306548,0.50985855,0.26707593,0
0.37167308,0.28922787,0.339099,0
0.29232228,0.4452276,0.26245007,0
0.21443926,0.5304711,0.25508973,0
0.26615584,0.42496255,0.3088816,0
0.32665503,0.3502706,0.32307437,0
0.33783102,0.34101892,0.32115,0
0.3295449,0.3635299,0.3069252,0
0.37354538,0.2768259,0.3496287,0
0.27590436,0.4239925,0.3001031,0
0.41575417,0.2315759,0.3526699,1
0.35894808,0.29514083,0.3459111,0
0.37379664,0.26901528,0.35718805,0
0.40107825,0.27853233,0.32038942,1
0.3841279,0.25543457,0.36043745,1
0.38423473,0.3346708,0.28109446,1
0.3685532,0.3268521,0.3045947,0
0.2826458,0.3971402,0.32021403,0
0.38449734,0.26886743,0.3466352,1
0.33629692,0.33946002,0.3242431,0
0.24393144,0.4719169,0.2841517,0
0.37385455,0.26651233,0.35963318,0
0.28831893,0.40361875,0.3080623,0
0.33222854,0.34971166,0.3180597,0
0.27853876,0.4009729,0.32048836,0
0.31347504,0.35921204,0.3273129,0
0.3445881,0.29986402,0.3555479,0
0.3210148,0.35127336,0.32771185,0
0.32291076,0.35052392,0.32656536,0
0.31565714,0.3594438,0.324899,0
0.3195292,0.3544493,0.32602146,0
0.3548068,0.32494995,0.3202432,0
0.33075672,0.33588523,0.33335805,0
0.30715013,0.4165046,0.27634528,0
0.3079115,0.37731764,0.31477088,0
0.32738957,0.3425155,0.33009493,0
0.35248882,0.30547345,0.34203765,0
0.3198831,0.35276264,0.32735422,0
0.37380597,0.26878008,0.35741392,0
0.3742557,0.26904994,0.3566944,0
0.3628836,0.28807098,0.34904543,0
0.34942588,0.34224364,0.30833042,0
0.32979277,0.34565064,0.32455662,0
0.3650415,0.3186145,0.31634405,0
0.30937088,0.4061282,0.28450096,0
0.30443558,0.37643713,0.31912726,0
0.2996326,0.4159964,0.28437105,0
0.27845314,0.4153964,0.30615047,0
0.30331627,0.40323973,0.29344398,0
0.3157021,0.36558694,0.31871098,0
0.3245167,0.34644082,0.32904246,0
0.25123906,0.463387,0.2853739,0
0.32715783,0.34154478,0.33129737,0
0.33291453,0.39999318,0.26709232,0
0.37364325,0.2941933,0.33216342,0
0.35981533,0.3158765,0.32430816,0
0.38075903,0.28646263,0.33277833,1
0.35728258,0.31115004,0.33156732,0
0.3181622,0.35132286,0.330515,0
0.34581807,0.3562136,0.29796836,0
0.36381754,0.2855636,0.35061887,0
0.3811291,0.2811923,0.33767858,1
0.37446412,0.26874486,0.35679105,0
0.34093726,0.31628165,0.34278116,0
0.37420782,0.26001063,0.36578155,0
0.37267837,0.28244618,0.34487543,0
0.32857606,0.36366248,0.3077615,0
0.32579502,0.36880624,0.30539873,0
0.2662139,0.43761414,0.29617187,0
0.37849206,0.24890965,0.3725983,1
0.3787699,0.25188258,0.36934745,1
0.3300403,0.36112732,0.30883226,0
0.2203879,0.519806,0.25980604,0
0.2553639,0.45579103,0.28884506,0
0.26741558,0.43645012,0.29613423,0
0.3564436,0.29538998,0.34816644,0
0.3565793,0.3236846,0.3197361,0
0.3644853,0.2846599,0.35085478,0
0.32096073,0.35535735,0.32368195,0
0.3290337,0.36302033,0.30794594,0
0.34160283,0.31972167,0.33867553,0
0.37069866,0.2578775,0.37142387,0
0.3722605,0.26314384,0.36459568,0
0.37820336,0.25100923,0.37078735,1
0.3751611,0.26816508,0.3566738,1
0.3244447,0.32598305,0.3495723,0
0.37153485,0.27078196,0.35768324,0
0.31537032,0.3473554,0.33727425,0
0.32612756,0.32812837,0.34574407,0
0.35139084,0.35660774,0.29200137,0
0.2753073,0.42309973,0.30159295,0
0.3273561,0.36685753,0.30578634,0
0.33885798,0.35246056,0.3086815,0
0.22256762,0.51585,0.26158237,0
0.35450718,0.33207282,0.31342003,0
0.34372827,0.34967268,0.30659914,0
0.23799552,0.4885149,0.27348965,0
0.28676426,0.4064894,0.30674627,0
0.29722145,0.38859463,0.31418386,0
0.31293365,0.36453938,0.32252693,0
0.28675815,0.40649915,0.30674273,0
0.36070123,0.34248605,0.29681262,0
0.3356808,0.331125,0.33319414,0
0.3330869,0.36071122,0.30620182,0
0.32807365,0.36648256,0.30544388,0
0.36600935,0.30382848,0.33016214,0
0.3119784,0.35522637,0.33279526,0
0.2588752,0.4525855,0.2885393,0
0.35521474,0.34579372,0.29899147,0
0.37399668,0.26439846,0.36160484,0
0.33806387,0.3169599,0.34497625,0
0.2850553,0.40920135,0.3057434,0
0.32442158,0.3456569,0.3299215,0
0.30578157,0.4028791,0.29133934,0
0.26627317,0.4306813,0.3030455,0
0.31192565,0.3596604,0.32841393,0
0.32189676,0.34553853,0.33256465,0
0.32328254,0.35296768,0.32374978,0
0.31826857,0.36073187,0.3209996,0
0.3260702,0.37079558,0.30313414,0
0.28416428,0.40230817,0.31352758,0
0.23534997,0.49329525,0.2713548,0
0.26267967,0.43370098,0.3036193,0
0.31788737,0.3595286,0.3225841,0
0.34301826,0.3256946,0.33128715,0
0.303595,0.38669294,0.30971205,0
0.24365975,0.47566164,0.28067863,0
0.31513306,0.3727923,0.31207472,0
0.32217342,0.3520097,0.32581693,0
0.2789039,0.40343568,0.31766045,0
0.33603653,0.34217662,0.32178685,0
0.34256315,0.3452608,0.3121761,0
0.34697655,0.3333969,0.31962654,0
0.3017299,0.37364566,0.32462445,0
0.32365504,0.34405097,0.33229402,0
0.3205675,0.35201016,0.3274223,0
0.36796921,0.28200957,0.35002124,0
0.321171,0.33609402,0.34273496,0
0.3515752,0.31287986,0.3355449,0
0.31640497,0.36127415,0.32232085,0
0.36171097,0.31784165,0.32044744,0
0.28523612,0.39440867,0.32035518,0
0.29810917,0.41748485,0.28440607,0
0.36810905,0.28608233,0.34580866,0
0.32238904,0.36940512,0.3082059,0
0.31894177,0.36418834,0.3168699,0
0.36002612,0.29922643,0.34074742,0
0.3807119,0.26400983,0.35527828,1
0.36955634,0.27154827,0.35889545,0
0.29979485,0.37298676,0.32721835,0
0.32969028,0.36087424,0.3094355,0
0.32344827,0.36200693,0.3145447,0
0.2876966,0.4049717,0.30733165,0
0.3725103,0.29980966,0.32768008,0
0.30235353,0.3763037,0.32134277,0
0.2955699,0.39041293,0.3140172,0
0.3747339,0.26882055,0.35644555,0
0.37350714,0.26948926,0.3570036,0
0.37794477,0.26850808,0.3535471,1
0.3214445,0.3776003,0.30095518,0
0.3738416,0.24990222,0.37625614,-1
0.3780278,0.24621843,0.3757538,0
0.29020828,0.39094374,0.31884798,0
0.34508562,0.3300355,0.3248788,0
0.38710186,0.23183256,0.3810656,0
0.3874782,0.2324418,0.38007998,0
0.38411736,0.30571648,0.3101661,1
0.31656745,0.35841265,0.32501993,0
0.32372117,0.35574573,0.3205331,0
0.30361614,0.43870553,0.25767827,0
0.32354215,0.34205124,0.3344067,0
0.28941026,0.41234523,0.29824454,0
0.3234934,0.37536174,0.30114493,0
0.29521677,0.393204,0.31157917,0
0.3733735,0.27048916,0.35613734,0
0.35947004,0.3256474,0.31488252,0
0.34127423,0.33724615,0.32147962,0
0.2702269,0.4333925,0.2963806,0
0.34848294,0.34685072,0.30466634,0
0.34453613,0.362855,0.29260883,0
0.30765837,0.36713317,0.3252085,0
0.36986417,0.27885062,0.35128516,0
0.37676907,0.25763938,0.36559153,1
0.38712826,0.27512416,0.33774757,1
0.37510377,0.26783276,0.35706344,1
0.3719574,0.26593998,0.3621026,0
0.28887108,0.44054437,0.2705845,0
0.37477452,0.2688702,0.35635525,0
0.38076776,0.26529643,0.3539358,1
0.3408639,0.32868865,0.33044735,0
0.1665131,0.6200815,0.21340546,0
0.30864695,0.36785823,0.32349485,0
0.33271384,0.3596502,0.30763596,0
0.30483872,0.4251286,0.27003267,0
0.34293112,0.36642087,0.29064798,0
0.3139623,0.40068337,0.2853543,0
0.3100459,0.38221294,0.30774117,0
0.34399498,0.32338437,0.3326206,0
0.3206305,0.3517768,0.32759267,0
0.38671136,0.2836099,0.32967865,1
0.370336,0.27513105,0.35453293,0
0.38374138,0.29948527,0.31677336,1
0.35693753,0.31260082,0.33046165,0
0.37493646,0.26702517,0.35803834,0
0.3739839,0.27657378,0.34944233,0
0.38073018,0.27187443,0.34739542,1
0.37358195,0.2573932,0.36902484,0
0.38088414,0.23974581,0.3793701,0
0.37781402,0.25339925,0.36878672,1
0.365299,0.28098884,0.35371223,0
0.37999555,0.24572441,0.37427998,1
0.24598305,0.47285625,0.28116077,0
0.28440103,0.40887013,0.3067288,0
0.35649627,0.32893625,0.3145675,0
0.24901977,0.4677354,0.28324488,0
0.267541,0.44632638,0.28613266,0
0.27561375,0.42242566,0.3019606,0
0.36981243,0.31196484,0.31822267,0
0.30992687,0.41068283,0.27939036,0
0.34456116,0.3329471,0.32249174,0
0.2606692,0.4337111,0.3056197,0
0.32308134,0.3929039,0.28401482,0
0.28562927,0.40393817,0.31043255,0
0.26311606,0.44538084,0.29150313,0
0.30444896,0.3740428,0.32150826,0
0.3495307,0.310048,0.3404213,0
0.361311,0.321153,0.31753597,0
0.32876396,0.35223147,0.31900454,0
0.30831805,0.37249765,0.31918433,0
0.37629166,0.26788592,0.3558225,1
0.37431043,0.26802537,0.35766423,0
0.36457095,0.2853759,0.35005322,0
0.3735001,0.26923797,0.35726184,0
0.37861502,0.25397277,0.36741218,1
0.29956514,0.37920532,0.32122952,0
0.32096857,0.35194147,0.3270899,0
0.36521897,0.26525542,0.36952564,0
0.2201715,0.5178589,0.26196963,0
0.30399644,0.37509638,0.32090724,0
0.34811646,0.35254014,0.29934344,0
0.358275,0.27832636,0.36339867,0
0.3138592,0.37957406,0.30656677,0
0.3188468,0.3824401,0.29871312,0
0.34130627,0.35157707,0.30711663,0
0.29407483,0.3900705,0.31585464,0
0.31827667,0.3502319,0.33149144,0
0.2705552,0.43284178,0.29660302,0
0.3167624,0.35101756,0.33222002,0
0.30983287,0.3703061,0.31986097,0
0.32634965,0.33910137,0.33454895,0
0.37645918,0.2704306,0.3531103,1
0.358141,0.31087297,0.33098605,0
0.3745488,0.28248537,0.34296587,0
0.38020876,0.269869,0.3499223,1
0.3506444,0.2849049,0.36445072,0
0.36777613,0.27597606,0.3562478,0
0.30063325,0.380187,0.31917977,0
0.36226216,0.2964066,0.3413312,0
0.32671005,0.32469577,0.34859425,0
0.31975698,0.39541632,0.28482667,0
0.2966765,0.40509528,0.29822823,0
0.32561374,0.39801833,0.27636793,0
0.2653991,0.43780485,0.29679608,0
0.22497596,0.50983435,0.26518974,0
0.30246457,0.37714788,0.3203875,0
0.29993948,0.42034027,0.2797203,0
0.24640676,0.466801,0.2867923,0
0.30090004,0.4165362,0.28256372,0
0.28727344,0.40517738,0.3075492,0
0.25556737,0.4541496,0.29028305,0
0.3430081,0.34742805,0.3095639,0
0.3325307,0.33535728,0.33211207,0
0.30483058,0.41582915,0.27934027,0
0.2929915,0.39773434,0.30927414,0
0.32190567,0.36329594,0.31479836,0
0.3148299,0.38593993,0.29923013,0
0.3309531,0.34620672,0.3228402,0
0.34192988,0.32219508,0.3358751,0
0.33582407,0.35686532,0.30731067,0
0.34058368,0.34860072,0.31081554,0
0.33240423,0.33817786,0.32941785,0
0.30716714,0.39517182,0.297661,0
0.18060063,0.59216356,0.22723582,0
0.29701772,0.3917979,0.31118438,0
0.28730625,0.40329272,0.30940104,0
0.29536483,0.3935129,0.3111223,0
0.23123567,0.4973738,0.2713905,0
0.29964367,0.3833431,0.31701326,0
0.2886438,0.4042487,0.30710745,0
0.2952247,0.38438872,0.32038656,0
0.26708612,0.437015,0.29589888,0
0.24251147,0.4806207,0.27686784,0
0.2856491,0.40845433,0.30589652,0
0.31900746,0.42354587,0.25744665,0
0.24458468,0.47264844,0.28276688,0
0.294552,0.42687163,0.27857634,0
0.2980853,0.37707752,0.32483724,0
0.3087347,0.37977004,0.31149524,0
0.26537952,0.4526535,0.28196698,0
0.28952685,0.40192404,0.3085491,0
0.23126732,0.47886896,0.28986377,0
0.29287446,0.39685145,0.31027403,0
0.32557172,0.34242085,0.3320074,0
0.37255943,0.30703148,0.32040912,0
0.38228932,0.32147437,0.2962363,1
0.35592008,0.33579805,0.30828187,0
0.29341102,0.41760817,0.28898084,0
0.3549294,0.31444922,0.3306214,0
0.30925536,0.39315405,0.29759055,0
0.35596874,0.30537653,0.3386547,0
0.2866956,0.39481053,0.31849387,0
0.3682083,0.27881438,0.3529774,0
0.31003445,0.36901337,0.32095215,0
0.3559538,0.29140183,0.35264432,0
0.3695018,0.27697113,0.35352707,0
0.31334972,0.39448556,0.29216474,0
0.33430764,0.3376525,0.32803982,0
0.20823295,0.5397603,0.2520067,0
0.29726213,0.37919253,0.32354537,0
0.35499942,0.30647022,0.3385303,0
0.31731424,0.3847317,0.297954,0
0.29547903,0.4118298,0.2926912,0
0.32735085,0.36212263,0.3105266,0
0.3093697,0.37052593,0.32010436,0
0.35361612,0.3013692,0.3450147,0
0.34763727,0.34202027,0.31034252,0
0.35063037,0.31253722,0.3368324,0
0.34840253,0.32522312,0.32637432,0
0.3774371,0.27484325,0.34771955,1
0.3886897,0.27027208,0.34103814,1
0.27197438,0.43046406,0.29756156,0
0.33760554,0.30564314,0.35675132,0
0.39534757,0.26819196,0.33646047,1
0.3800978,0.24877456,0.37112767,1
0.27434212,0.42653975,0.29911816,0
0.3777622,0.25075424,0.37148356,1
0.34022385,0.34193078,0.31784537,0
0.3105805,0.36057487,0.32884464,0
0.32812345,0.3330871,0.33878943,0
0.38293427,0.24145082,0.37561494,0
0.2635835,0.44201702,0.29439944,0
0.3750339,0.2686649,0.35630122,1
0.3542341,0.29910964,0.3466562,0
0.32373163,0.35431683,0.32195157,0
0.3277452,0.3637321,0.30852267,0
0.33109227,0.37052664,0.29838112,0
0.3323248,0.32125378,0.34642142,0
0.34352103,0.3137701,0.34270883,0
0.3711767,0.26484472,0.3639786,0
0.37018847,0.2692241,0.3605874,0
0.3746825,0.26318863,0.36212888,0
0.374407,0.26547173,0.3601213,0
0.38147494,0.24386777,0.3746573,1
0.37578985,0.27872553,0.34548464,1
0.38130757,0.23886693,0.37982553,0
0.3344038,0.35432458,0.31127164,0
0.31483448,0.3519327,0.33323285,0
0.37899902,0.24819334,0.37280765,1
0.3480459,0.32710466,0.3248495,0
0.30057332,0.4081861,0.2912406,0
0.30740628,0.36688793,0.32570574,0
0.32827365,0.3431633,0.32856303,0
0.33609077,0.34735075,0.3165585,0
0.3022446,0.3831217,0.31463376,0
0.29347515,0.38341752,0.32310736,0
0.3747786,0.3086529,0.3165684,0
0.37543726,0.2673694,0.35719338,1
0.26185372,0.46302325,0.275123,0
0.27678078,0.4117669,0.3114524,0
0.376587,0.26910093,0.3543121,1
0.33600804,0.3530888,0.31090316,0
0.32932815,0.3346774,0.3359945,0
0.37365338,0.26925838,0.35708818,0
0.33558032,0.3503012,0.31411847,0
0.3684811,0.2740398,0.3574791,0
0.37488753,0.28587377,0.3392387,0
0.37462336,0.25342375,0.37195292,0
0.39623398,0.27186757,0.33189842,1
0.37447646,0.26282692,0.36269668,0
0.38066506,0.2704584,0.34887648,1
0.3858038,0.23503834,0.37915793,0
0.32291347,0.34814757,0.32893902,0
0.2953001,0.43978447,0.2649154,0
0.33253253,0.320894,0.34657344,0
0.33339143,0.36613056,0.300478,0
0.20710844,0.5432411,0.24965057,0
0.27501574,0.42153734,0.30344695,0
0.34158233,0.3599237,0.29849398,0
0.26554307,0.4704836,0.26397336,0
0.37420216,0.26906845,0.3567294,0
0.37343636,0.26933348,0.35723013,0
0.25632998,0.45690107,0.28676894,0
0.28754067,0.4026712,0.3097881,0
0.30232278,0.37407273,0.32360452,0
0.3723699,0.26347265,0.36415747,0
0.3727848,0.27383032,0.35338485,0
0.40309477,0.2552875,0.34161767,1
0.34246406,0.3379935,0.31954244,0
0.38712403,0.2315741,0.3813018,0
0.2980554,0.37583065,0.32611394,0
0.38015422,0.271164,0.34868178,1
0.28142682,0.4150347,0.30353844,0
0.40030473,0.26784307,0.3318523,1
0.37529564,0.2714697,0.35323462,1
0.3320743,0.31879336,0.34913233,0
0.31071123,0.36833417,0.32095456,0
0.2594857,0.45137677,0.28913745,0
0.3268764,0.34031868,0.33280483,0
0.3394674,0.32253492,0.3379977,0
0.30207217,0.4193137,0.27861407,0
0.32322928,0.34847963,0.32829112,0
0.4042695,0.30742723,0.2883033,1
0.37343636,0.2693335,0.35723013,0
0.34765166,0.3425597,0.30978867,0
0.3859271,0.27049163,0.34358126,1
0.29179928,0.4103288,0.2978719,0
0.3129987,0.3600404,0.3269609,0
0.3741011,0.26907223,0.35682663,0
0.3769828,0.25224075,0.37077639,1
0.39161563,0.27523863,0.3331457,1
0.37371463,0.26763842,0.3586469,0
0.3826996,0.32100695,0.2962934,1
0.3861658,0.23561116,0.378223,0
0.3741552,0.2957714,0.33007345,0
0.37727836,0.26706287,0.35565874,1
0.36507833,0.28230652,0.3526151,0
0.3911847,0.2393278,0.36948758,1
0.35125655,0.33094862,0.31779474,0
0.2993143,0.39065397,0.31003168,0
0.31009564,0.3693394,0.3205649,0
0.29465893,0.38620147,0.31913957,0
0.32280156,0.3449809,0.3322175,0
0.3732416,0.29595807,0.3308003,0
0.35205796,0.35444713,0.29349497,0
0.35155967,0.31193832,0.33650205,0
0.25492856,0.4583408,0.28673065,0
0.3649583,0.27913848,0.3559032,0
0.35672966,0.31082717,0.33244315,0
0.34630647,0.32768664,0.32600686,0
0.3451362,0.3166296,0.3382342,0
0.38135058,0.26154462,0.35710487,1
0.22618078,0.5094992,0.26432005,0
0.34265321,0.31421098,0.34313577,0
0.37326103,0.33141834,0.2953206,0
0.2988406,0.3791486,0.32201087,0
0.36539295,0.2978466,0.33676043,0
0.29770383,0.39174667,0.31054953,0
0.30172676,0.373852,0.3244213,0
0.27976665,0.41512305,0.30511037,0
0.3826668,0.31127688,0.30605635,1
0.35270125,0.30706418,0.34023452,0
0.27469394,0.42578554,0.29952046,0
0.29044896,0.3972969,0.3122541,0
0.2392603,0.485986,0.2747537,0
0.29153737,0.41828814,0.29017448,0
0.2943935,0.40422055,0.30138594,0
0.3159232,0.3947925,0.28928426,0
0.19009715,0.57530653,0.23459624,0
0.28466633,0.40737176,0.30796197,0
0.31171027,0.3923186,0.29597118,0
0.279266,0.41853115,0.30220294,0
0.3108428,0.36488792,0.32426924,0
0.2148795,0.5296789,0.25544158,0
0.27172422,0.42824733,0.30002847,0
0.24406627,0.4785599,0.27737382,0
0.318469,0.40424755,0.2772835,0
0.29356673,0.3982324,0.3082008,0
0.25379083,0.45785892,0.2883503,0
0.35659608,0.29748377,0.34592018,0
0.31402668,0.3628459,0.32312742,0
0.327443,0.35977396,0.31278303,0
0.33482543,0.35574663,0.30942795,0
0.25868112,0.45291618,0.2884027,0
0.2920891,0.39808524,0.30982572,0
0.35675707,0.28650466,0.35673827,0
0.35159302,0.30952495,0.338882,0
0.31937057,0.35163936,0.3289901,0
0.31522226,0.38444215,0.3003356,0
0.37875825,0.24328943,0.37795234,0
0.38512218,0.270847,0.34403086,1
0.3726112,0.26582828,0.36156052,0
0.2966239,0.4320013,0.27137476,0
0.29743207,0.38538092,0.3171871,0
0.2949885,0.3853617,0.3196498,0
0.27959815,0.40233046,0.31807137,0
0.3475475,0.32261366,0.3298388,0
0.2895426,0.39975098,0.3107065,0
0.3196978,0.352784,0.32751817,0
0.36252147,0.28585652,0.35162205,0
0.3668523,0.28018785,0.35295984,0
0.3240295,0.34631386,0.32965672,0
0.3670827,0.27808037,0.35483697,0
0.38288134,0.26227012,0.35484853,1
0.36027256,0.30565172,0.33407572,0
0.37197545,0.26270023,0.36532432,0
0.37657467,0.24368767,0.37973768,0
0.37539154,0.31932923,0.30527925,1
0.37543023,0.2648485,0.35972124,1
0.32487464,0.3255872,0.34953812,0
0.3858048,0.23174569,0.38244954,0
0.37455428,0.2688643,0.35658145,0
0.38434565,0.2527723,0.36288205,1
0.37443185,0.2617357,0.36383247,0
0.38710186,0.23183256,0.3810656,0
0.37509063,0.26876068,0.35614866,1
0.3456251,0.29603806,0.3583368,0
0.37643024,0.24320863,0.38036114,0
0.38710186,0.23183256,0.3810656,0
0.38710186,0.23183256,0.3810656,0
0.38323456,0.25107232,0.36569315,1
0.3866453,0.23234224,0.38101247,0
0.38585082,0.23771326,0.37643602,0
0.38710186,0.23183256,0.3810656,0
0.39054182,0.24407397,0.36538416,1
0.38671136,0.23172238,0.3815663,0
0.38427848,0.2374306,0.37829086,0
0.40002123,0.24052198,0.35945678,1
0.38609937,0.23492362,0.37897706,0
0.38710186,0.23183256,0.3810656,0
0.38683906,0.23224412,0.3809168,0
0.40175572,0.25224727,0.345997,1
0.38706696,0.23328076,0.37965235,0
0.38710186,0.23183256,0.3810656,0
0.3860825,0.23318881,0.38072875,0
0.36177605,0.27643183,0.36179218,0
0.391085,0.23324534,0.37566966,0
0.38710186,0.23183256,0.3810656,0
0.3935235,0.23463807,0.37183842,1
0.38003898,0.24337411,0.37658685,0
0.38720688,0.23194559,0.38084754,0
0.38706452,0.23370662,0.37922886,0
0.38849282,0.2330351,0.37847215,0
0.38374442,0.23359819,0.38265735,0
0.39251304,0.24013308,0.3673539,1
0.38625383,0.23367174,0.38007444,0
0.31861874,0.3386905,0.3426907,0
0.38710186,0.23183256,0.3810656,0
0.34335384,0.29881954,0.35782668,0
0.3762244,0.25720334,0.3665722,1
0.36313674,0.31038156,0.32648173,0
0.38710186,0.23183256,0.3810656,0
0.37718052,0.24802557,0.37479392,1
0.38257542,0.24345419,0.3739704,1
0.37388593,0.26740256,0.35871145,0
0.3941185,0.23478144,0.37110004,1
0.37378463,0.27013293,0.3560824,0
0.38427877,0.23643601,0.37928528,0
0.38969186,0.2661446,0.34416354,1
0.3870555,0.23263696,0.3803075,0
0.3774433,0.25197184,0.3705849,1
0.38710186,0.23183256,0.3810656,0
0.38107234,0.24352896,0.37539873,0
0.38716343,0.23254646,0.38029012,0
0.38326162,0.23801449,0.3787239,0
0.38710186,0.23183256,0.3810656,0
0.38604826,0.23445635,0.37949538,0
0.38710186,0.23183256,0.3810656,0
0.38710186,0.23183256,0.3810656,0
0.38707933,0.23340157,0.37951913,0
0.30835858,0.38923714,0.30240428,0
0.3322762,0.34100795,0.32671583,0
0.37350154,0.2552714,0.37122703,0
0.3513389,0.3061571,0.34250402,0
0.37466592,0.26874146,0.3565926,0
0.37288278,0.26916906,0.35794818,0
0.3832088,0.23868841,0.3781027,0
0.37504315,0.2673154,0.35764152,1
0.37315354,0.25126407,0.37558243,-1
0.37631872,0.2590468,0.36463448,1
0.38454178,0.23382136,0.38163692,0
0.37692562,0.28336352,0.33971086,1
0.43735132,0.25367165,0.30897704,1
0.38710186,0.23183256,0.3810656,0
0.38710186,0.23183256,0.3810656,0
0.37726572,0.2577189,0.36501542,1
0.3741985,0.26895654,0.35684493,0
0.38710186,0.23183256,0.3810656,0
0.38710186,0.23183256,0.3810656,0
0.380289,0.24043489,0.37927607,0
0.40174326,0.2691936,0.32906318,1
0.38710186,0.23183256,0.3810656,0
0.38298354,0.26106077,0.35595566,1
0.38677788,0.23538724,0.37783483,0
0.38110343,0.25203013,0.36686644,1
0.38710186,0.23183256,0.3810656,0
0.37506977,0.25419188,0.3707384,1
0.3881475,0.23832825,0.37352428,1
0.3849234,0.23940407,0.37567246,0
0.38710186,0.23183256,0.3810656,0
0.38468778,0.23922385,0.37608832,0
0.3991667,0.26892006,0.3319132,1
0.38710186,0.23183256,0.3810656,0
0.38710186,0.23183256,0.3810656,0
0.3860999,0.23428147,0.37961864,0
0.3778462,0.25616482,0.36598903,1
0.38710186,0.23183256,0.3810656,0
0.4011242,0.28172454,0.31715125,1
0.38685906,0.23210943,0.38103148,0
0.38266617,0.24325675,0.37407705,1
0.38710186,0.23183256,0.3810656,0
0.39416966,0.2741929,0.3316375,1
0.27048248,0.4284196,0.30109793,0
0.2940701,0.3863384,0.31959146,0
0.38710186,0.23183256,0.3810656,0
0.36858967,0.27629748,0.35511282,0
0.38478708,0.27134708,0.34386584,1
0.28221613,0.43155947,0.28622437,0
0.38710186,0.23183256,0.3810656,0
0.38676664,0.2376758,0.37555763,0
0.33822033,0.30571726,0.3560624,0
0.37343636,0.2693335,0.35723013,0
0.40809363,0.24873178,0.34317455,1
0.38823473,0.271993,0.33977225,1
0.37705013,0.2475669,0.37538305,0
0.37247878,0.26312554,0.36439565,0
0.38349685,0.2458463,0.37065685,1
0.29322338,0.4137465,0.29303002,0
0.381434,0.23424834,0.38431773,0
0.38710186,0.23183256,0.3810656,0
0.38553044,0.23731218,0.3771574,0
0.38031977,0.26920176,0.3504785,1
0.38712463,0.23180586,0.38106957,0
0.34479225,0.29125738,0.36395034,0
0.39162377,0.24952261,0.35885355,1
0.37242064,0.25267524,0.37490416,0
0.3871065,0.23184592,0.38104758,0
0.37847215,0.24667269,0.3748552,1
0.41126767,0.25996298,0.32876933,1
0.30084923,0.38090757,0.31824318,0
0.39133593,0.23336223,0.37530187,0
0.36000612,0.29074582,0.34924802,0
0.31265837,0.3939561,0.29338557,0
0.2532947,0.45609435,0.29061088,0
0.28153712,0.40108156,0.31738135,0
0.31714284,0.35184333,0.33101377,0
0.4199546,0.27017617,0.3098693,1
0.37343636,0.26933348,0.35723013,0
0.37389398,0.26836848,0.35773754,0
0.3742269,0.2690275,0.35674563,0
0.41355053,0.24423395,0.3422155,1
0.35708836,0.29819784,0.3447139,0
0.33004463,0.3403402,0.32961515,0
0.37645742,0.25676185,0.36678076,1
0.3670249,0.33853832,0.29443672,0
0.3523379,0.30534813,0.34231398,0
0.3186785,0.35429466,0.32702678,0
0.34720516,0.33511746,0.3176774,0
0.29604635,0.3918683,0.31208536,0
0.37516645,0.2681872,0.3566463,1
0.3718889,0.2720511,0.35606,0
0.24904148,0.46869,0.28226855,0
0.33141965,0.33428898,0.3342914,0
0.3420765,0.31739852,0.34052497,0
0.31708583,0.38709462,0.29581958,0
0.3683724,0.28047287,0.35115474,0
0.4276262,0.26994112,0.3024327,1
0.37560716,0.25849548,0.3658974,1
0.36978891,0.29239848,0.33781263,0
0.4217848,0.26984045,0.30837473,1
0.3738117,0.26866573,0.35752258,0
0.38031158,0.24182416,0.3778642,0
0.3748258,0.26756307,0.35761115,0
0.37431958,0.26887497,0.35680553,0
0.37670118,0.2572341,0.36606473,1
0.38710186,0.23183256,0.3810656,0
0.3821486,0.23810305,0.3797484,0
0.38251022,0.2589641,0.35852575,1
0.3325088,0.3421904,0.32530075,0
0.38710186,0.23183256,0.3810656,0
0.3363558,0.3151617,0.3484825,0
0.3842683,0.24292128,0.3728104,1
0.37402236,0.2691307,0.35684693,0
0.37679544,0.24646607,0.37673852,0
0.3744241,0.25910226,0.36647364,0
0.38532943,0.23540567,0.37926483,0
0.35067067,0.3295076,0.31982177,0
0.38483235,0.23453338,0.38063428,0
0.37924525,0.23898181,0.38177285,0
0.38697374,0.23402192,0.3790043,0
0.35866535,0.31838605,0.32294855,0
0.3254608,0.3401301,0.33440912,0
0.349848,0.2838938,0.36625823,0
0.38626918,0.23369588,0.38003495,0
0.37254602,0.26820302,0.359251,0
0.3750938,0.26873535,0.35617086,1
0.37961772,0.2440307,0.3763516,0
0.38713676,0.23195583,0.38090736,0
0.37795144,0.2517014,0.3703472,1
0.36458284,0.3263331,0.30908403,0
0.38377097,0.2525639,0.3636651,1
0.38710186,0.23183256,0.3810656,0
0.38710186,0.23183256,0.3810656,0
0.3473608,0.3164423,0.33619696,0
0.37897873,0.24716857,0.37385264,1
0.36761084,0.2594481,0.3729411,0
0.31375766,0.3482185,0.33802384,0
0.3498618,0.3112662,0.338872,0
0.3835662,0.23630124,0.38013256,0
0.36713755,0.30829632,0.32456607,0
0.372107,0.27640334,0.3514897,0
0.32911795,0.34250945,0.32837257,0
0.4142112,0.25221643,0.3335724,1
0.36047494,0.30532476,0.33420026,0
0.3204319,0.36254376,0.31702435,0
0.34924215,0.3144077,0.33635008,0
0.32100308,0.343731,0.335266,0
0.33820137,0.3193296,0.34246904,0
0.37470484,0.27254927,0.35274592,0
0.3700106,0.28716928,0.34282017,0
0.3970822,0.30159563,0.3013222,1
0.34235114,0.31834245,0.33930647,0
0.37397996,0.25574765,0.3702724,0
0.3775945,0.25416094,0.36824453,1
0.37342963,0.2693353,0.35723507,0
0.37416235,0.26469982,0.3611379,0
0.38670808,0.24872623,0.3645657,1
0.2642499,0.43980637,0.2959437,0
0.37617213,0.2640148,0.35981306,1
0.35320792,0.2914621,0.35532993,0
0.3167406,0.3503913,0.33286813,0
0.31440672,0.39153334,0.2940599,0
0.36181656,0.35534415,0.2828394,0
0.27205646,0.42552033,0.30242327,0
0.324907,0.33842233,0.33667073,0
0.37189066,0.2662061,0.36190328,0
0.36001453,0.33863088,0.3013546,0
0.37433642,0.29106835,0.33459523,0
0.3596448,0.2769333,0.36342186,0
0.39347726,0.2872908,0.31923193,1
0.37267286,0.26823264,0.35909447,0
0.39871588,0.26693162,0.33435252,1
0.37682012,0.24262705,0.38055283,0
0.32708102,0.33360636,0.33931255,0
0.37467963,0.26454166,0.36077872,0
0.37464684,0.25841814,0.36693498,0
0.3849078,0.23269852,0.3823936,0
0.3496585,0.32058454,0.329757,0
0.38710186,0.23183256,0.3810656,0
0.41444162,0.25872287,0.32683557,1
0.35477662,0.27732414,0.36789924,0
0.37673485,0.2507893,0.37247583,1
0.38710186,0.23183256,0.3810656,0
0.34938803,0.299493,0.35111895,0
0.38753474,0.24302287,0.36944237,1
0.39054152,0.24518242,0.364276,1
0.3934726,0.23442987,0.3720975,1
0.2958216,0.38111806,0.32306036,0
0.3958691,0.27424467,0.3298863,1
0.36079937,0.28575134,0.3534493,0
0.3555901,0.29989576,0.3445142,0
0.35717857,0.29559645,0.34722498,0
0.33508673,0.32024494,0.34466833,0
0.32654613,0.3274122,0.3460417,0
0.38378963,0.26659507,0.3496154,1
0.37305054,0.25004315,0.37690634,-1
0.37371004,0.25917757,0.36711246,0
0.37380168,0.25922737,0.36697096,0
0.37754923,0.26053894,0.3619118,1
0.38409898,0.23232447,0.38357654,0
0.36764315,0.2675581,0.36479875,0
0.37910807,0.23922704,0.38166484,0
0.4031864,0.2457125,0.35110104,1
0.38710186,0.23183256,0.3810656,0
0.3812399,0.24718997,0.37157014,1
0.39719376,0.30361882,0.29918748,1
0.38526234,0.24048187,0.37425578,1
0.30681595,0.3726201,0.32056397,0
0.35499924,0.2896178,0.3553829,0
0.38046145,0.27147573,0.34806284,1
0.3932662,0.24252571,0.36420804,1
0.37439188,0.26888913,0.35671896,0
0.36799487,0.34009704,0.29190812,0
0.3750363,0.26828364,0.35668012,1
0.3864707,0.23368537,0.37984392,0
0.37570205,0.2701341,0.35416383,1
0.37336773,0.27023947,0.35639286,0
0.3871,0.2328445,0.38005552,0
0.38677484,0.23287563,0.38034952,0
0.38060808,0.24150485,0.37788713,0
0.37410134,0.25997704,0.36592165,0
0.38710186,0.23183256,0.3810656,0
0.38710186,0.23183256,0.3810656,0
0.38467315,0.23349233,0.38183457,0
0.38716054,0.23201676,0.3808227,0
0.38710186,0.23183256,0.3810656,0
0.36900762,0.25750962,0.37348276,0
0.38269982,0.25517887,0.3621213,1
0.38710186,0.23183256,0.3810656,0
0.383091,0.31042796,0.306481,1
0.38323915,0.2368837,0.37987715,0
0.29479343,0.38470104,0.32050547,0
0.38710186,0.23183256,0.3810656,0
0.3716306,0.26901996,0.35934946,0
0.38429856,0.23224707,0.38345435,0
0.2870471,0.4042558,0.30869713,0
0.28835332,0.46135968,0.25028703,0
0.37467936,0.25500152,0.37031904,0
0.29445478,0.3925735,0.31297174,0
0.37361673,0.26903498,0.35734826,0
0.36431888,0.30012637,0.33555484,0
0.37774885,0.24504772,0.37720338,0
0.31970942,0.35349494,0.3267957,0
0.3738428,0.2489809,0.37717628,-1
0.37495545,0.2745118,0.3505327,0
0.38504457,0.23422712,0.38072833,0
0.3709458,0.26078135,0.36827284,0
0.38710186,0.23183256,0.3810656,0
0.3814435,0.24962445,0.36893207,1
0.37366566,0.2603323,0.36600205,0
0.21579017,0.526949,0.25726083,0
0.33006442,0.31579188,0.35414365,0
0.38385385,0.23561876,0.38052738,0
0.38161075,0.24603564,0.3723536,1
0.3898213,0.27288398,0.3372948,1
0.37480527,0.2590956,0.36609918,0
0.38574922,0.23323865,0.38101214,0
0.38771024,0.2605972,0.3516926,1
0.32063922,0.33618423,0.3431765,0
0.3643807,0.26050574,0.37511352,-1
0.39032906,0.23289289,0.37677804,0
0.33471808,0.31415734,0.35112455,0
0.37426132,0.2615951,0.3641436,0
0.39315528,0.29190454,0.31494015,1
0.38720432,0.23185775,0.38093793,0
0.37529212,0.25562862,0.36907932,1
0.39525625,0.25458714,0.3501566,1
0.37419912,0.26854977,0.35725108,0
0.38716206,0.23202342,0.38081455,0
0.38815555,0.24127156,0.37057292,1
0.3849682,0.24177064,0.37326115,1
0.37802076,0.25503224,0.366947,1
0.38710186,0.23183256,0.3810656,0
0.3868717,0.23322292,0.37990537,0
0.38600332,0.23598626,0.3780104,0
0.38710186,0.23183256,0.3810656,0
0.38710186,0.23183256,0.3810656,0
0.40827462,0.26238576,0.32933956,1
0.38710186,0.23183256,0.3810656,0
0.38710186,0.23183256,0.3810656,0
0.38710186,0.23183256,0.3810656,0
0.37872812,0.25779298,0.363479,1
0.38710186,0.23183256,0.3810656,0
0.29770383,0.37957886,0.32271725,0
0.38710186,0.23183256,0.3810656,0
0.3719403,0.28865874,0.339401,0
0.39577743,0.23580067,0.36842188,1
0.37513095,0.26851398,0.356355,1
0.38710186,0.23183256,0.3810656,0
0.37604398,0.2580828,0.36587316,1
0.38689533,0.23314594,0.37995878,0
0.38618252,0.25553,0.3582875,1
0.38291207,0.30282423,0.31426364,1
0.313398,0.35781965,0.32878232,0
0.3619522,0.28474826,0.35329956,0
0.38902232,0.2393642,0.37161344,1
0.3806112,0.29179388,0.32759488,1
0.3738957,0.26802233,0.35808197,0
0.37787482,0.25868776,0.3634374,1
0.38483927,0.23733638,0.37782428,0
0.34595641,0.30544654,0.34859708,0
0.37640494,0.2677621,0.35583296,1
0.3806022,0.24459092,0.3748069,1
0.32969475,0.31665647,0.35364878,0
0.36668983,0.2825716,0.35073858,0
0.42976496,0.30839273,0.26184228,1
0.38710186,0.23183256,0.3810656,0
0.24518947,0.472918,0.2818925,0
0.38066727,0.24243887,0.37689382,0
0.37322867,0.2694497,0.35732156,0
0.3745101,0.24979891,0.37569103,-1
0.373536,0.26929903,0.35716498,0
0.38724753,0.26776692,0.34498554,1
0.37477493,0.2717009,0.3535242,0
0.34026423,0.3003521,0.35938364,0
0.40839717,0.30380595,0.28779683,1
0.37742364,0.25673077,0.3658456,1
0.3683794,0.26224282,0.36937776,0
0.32680234,0.3277061,0.3454916,0
0.3739297,0.2691628,0.35690755,0
0.38031113,0.24026604,0.3794228,0
0.3775319,0.24558334,0.37688482,0
0.30658588,0.36274683,0.33066732,0
0.3380807,0.33112755,0.33079174,0
0.3442632,0.29204237,0.36369446,0
0.29725802,0.38039088,0.32235116,0
0.30303967,0.41791797,0.27904236,0
0.32013124,0.34681714,0.3330516,0
0.37181658,0.28452685,0.34365657,0
0.35995403,0.2918557,0.34819022,0
0.313116,0.35700664,0.32987738,0
0.338089,0.34889388,0.31301707,0
0.362111,0.27471903,0.36316997,0
0.3716139,0.2520789,0.37630713,-1
0.35167176,0.3030897,0.34523848,0
0.34217158,0.30231842,0.35551006,0
0.28158784,0.409792,0.30862015,0
0.33041582,0.3138611,0.35572308,0
0.34825447,0.2901037,0.36164182,0
0.3292247,0.35896388,0.31181142,0
0.26648083,0.4349342,0.29858497,0
0.36615756,0.2794475,0.3543949,0
0.40802267,0.28191715,0.31006017,1
0.34797522,0.32758018,0.32444468,0
0.37343633,0.2693335,0.3572301,0
0.3777203,0.24692452,0.37535518,0
0.37341377,0.2685099,0.35807636,0
0.3760029,0.26530698,0.35869014,1
0.32364997,0.34317487,0.33317515,0
0.38433546,0.23632021,0.37934428,0
0.37644532,0.2493466,0.37420806,1
0.35516402,0.3353115,0.3095244,0
0.26570347,0.4361787,0.29811794,0
0.30218038,0.3712033,0.32661632,0
0.30056298,0.37444615,0.3249908,0
0.2785876,0.417855,0.30355737,0
0.36145395,0.27908248,0.35946357,0
0.36991408,0.28667185,0.34341413,0
0.37516928,0.268458,0.35637268,1
0.37562346,0.26873833,0.3556382,1
0.36875668,0.26249155,0.36875185,0
0.37101206,0.26352918,0.3654587,0
0.3769204,0.306618,0.31646165,1
0.37287453,0.24972752,0.37739795,-1
0.38091934,0.25279212,0.3662885,1
0.37805122,0.252083,0.36986575,1
0.3742948,0.26852253,0.35718268,0
0.3877578,0.23229645,0.37994578,0
0.3625915,0.27288485,0.36452365,0
0.34081033,0.29718548,0.36200416,0
0.33183482,0.37136832,0.2967969,0
0.38690552,0.2323815,0.38071296,0
0.21057399,0.53555053,0.25387543,0
0.3725379,0.28928992,0.3381722,0
0.34426305,0.3073235,0.3484135,0
0.37547782,0.28754705,0.3369751,1
0.2741121,0.43030214,0.29558572,0
0.3599969,0.27271178,0.36729127,0
0.2927555,0.39479628,0.31244817,0
0.38348868,0.24231458,0.3741968,1
0.31639346,0.3545069,0.32909954,0
0.3222198,0.38608962,0.2916905,0
0.2475525,0.5427765,0.20967096,0
0.26203465,0.453564,0.28440136,0
0.26137644,0.4968319,0.24179164,0
0.299174,0.38554457,0.31528133,0
0.28568876,0.48510122,0.22921,0
0.33281276,0.33183426,0.33535302,0
0.34556037,0.32106888,0.33337072,0
0.30378595,0.41772524,0.2784888,0
0.31567913,0.36349687,0.3208239,0
0.2138357,0.5314559,0.2547084,0
0.31891474,0.35902923,0.32205603,0
0.36835715,0.27974886,0.35189396,0
0.38921133,0.25554076,0.35524786,1
0.32906887,0.33833447,0.33259666,0
0.27450255,0.42071846,0.30477896,0
0.30493566,0.37751624,0.31754804,0
0.24976479,0.46819806,0.2820372,0
0.32999033,0.38464403,0.28536564,0
0.37820458,0.32919818,0.29259717,1
0.31255168,0.40251577,0.28493258,0
0.2895879,0.40202433,0.3083878,0
0.22243416,0.51615644,0.26140943,0
0.28709733,0.40556702,0.30733564,0
0.37124422,0.2669504,0.36180538,0
0.2321385,0.48811182,0.2797496,0
0.3385912,0.32396916,0.33743972,0
0.37516764,0.26873398,0.35609835,1
0.35596412,0.31275672,0.33127916,0
0.37343633,0.2693335,0.3572301,0
0.3272715,0.39307156,0.27965686,0
0.3989336,0.2861223,0.31494412,1
0.37639683,0.26501074,0.3585924,1
0.34918648,0.30708566,0.34372783,0
0.31306598,0.36472934,0.32220465,0
0.27117905,0.43017188,0.29864907,0
0.38419926,0.23648567,0.37931508,0
0.37198374,0.2566276,0.37138873,0
0.34334642,0.31556603,0.34108758,0
0.32219875,0.3742906,0.3035107,0
0.36026135,0.3267034,0.31303528,0
0.291517,0.42917868,0.27930436,0
0.305525,0.3686183,0.3258567,0
0.3317221,0.38130438,0.28697348,0
0.28125224,0.41531682,0.30343097,0
0.29274917,0.39704823,0.31020263,0
0.33201793,0.3543359,0.31364617,0
0.34215358,0.32889393,0.32895252,0
0.2625255,0.4459405,0.29153404,0
0.28903213,0.3882191,0.32274878,0
0.2832782,0.40699127,0.30973047,0
0.29086468,0.39472184,0.31441352,0
0.32392702,0.3457563,0.33031663,0
0.3729754,0.26757237,0.35945216,0
0.36315787,0.28640327,0.35043892,0
0.35210526,0.3295112,0.3183835,0
0.3737845,0.267412,0.3588035,0
0.3797222,0.25190786,0.3683699,1
0.3724558,0.2505178,0.37702644,-1
0.3726007,0.2709073,0.35649192,0
0.3413515,0.3379226,0.3207259,0
0.3531255,0.33788827,0.3089863,0
0.3612117,0.2658888,0.37289947,0
0.32275367,0.34480134,0.332445,0
0.3342036,0.3278481,0.33794832,0
0.3227731,0.3499166,0.32731032,0
0.38211426,0.23876579,0.37911996,0
0.37418452,0.26406154,0.36175388,0
0.37317738,0.26229236,0.3645303,0
0.35026905,0.31865925,0.3310717,0
0.31630626,0.34189814,0.34179553,0
0.37797847,0.24206696,0.37995458,0
0.3798046,0.24556154,0.37463382,1
0.24142519,0.48200783,0.27656695,0
0.34532467,0.32887447,0.32580087,0
0.34147504,0.29620975,0.3623152,0
0.3871118,0.2318208,0.38106734,0
0.3472359,0.31022528,0.34253883,0
0.37755856,0.26410374,0.3583377,1
0.37760827,0.24857292,0.37381876,1
0.3678054,0.28893107,0.34326354,0
0.36820164,0.25369996,0.37809843,-1
0.39638108,0.28651768,0.3171013,1
0.38091457,0.23455639,0.38452908,0
0.37667057,0.26081043,0.36251894,1
0.38223988,0.2331477,0.38461235,0
0.3729548,0.26825997,0.35878527,0
0.38710186,0.23183256,0.3810656,0
0.38007247,0.2463881,0.3735394,1
0.27691182,0.4168128,0.30627537,0
0.37822825,0.2480198,0.37375197,1
0.36012983,0.2829038,0.35696632,0
0.27108175,0.4273761,0.30154222,0
0.3202922,0.3650849,0.31462288,0
0.37729937,0.25189927,0.3708013,1
0.37280568,0.30240846,0.32478583,0
0.37631163,0.2686647,0.35502368,1
0.3609597,0.28040496,0.35863534,0
0.3774983,0.2474243,0.37507743,0
0.35979939,0.29865795,0.34154272,0
0.27013046,0.42629737,0.30357215,0
0.37966314,0.24926215,0.3710747,1
0.36086062,0.33299476,0.30614457,0
0.38298365,0.2520277,0.36498868,1
0.29444662,0.39438623,0.3111671,0
0.38315725,0.23661429,0.3802285,0
0.35289854,0.33367532,0.31342608,0
0.3723589,0.25556964,0.37207147,0
0.37183273,0.2659037,0.36226356,0
0.3861193,0.23610723,0.37777343,0
0.37355646,0.26929197,0.3571516,0
0.38224706,0.23692845,0.38082454,0
0.45802605,0.26349133,0.27848256,1
0.38428244,0.26277176,0.35294577,1
0.2792775,0.45855224,0.26217017,0
0.25315827,0.46055618,0.2862855,0
0.31703722,0.3570034,0.32595938,0
0.3489959,0.37557283,0.27543125,0
0.3503936,0.3110771,0.33852935,0
0.3252797,0.35107493,0.3236454,0
0.3055176,0.4043866,0.2900958,0
0.23934522,0.48602873,0.27462608,0
0.29300544,0.3875079,0.31948668,0
0.30361292,0.40834513,0.28804195,0
0.3330232,0.33149385,0.33548293,0
0.35668752,0.29692194,0.34639052,0
0.37265447,0.27156058,0.35578498,0
0.3989275,0.28139785,0.31967458,1
0.3635031,0.28818646,0.34831047,0
0.36626387,0.25609353,0.37764254,-1
0.3719378,0.27976203,0.34830016,0
0.38007182,0.2625708,0.35735732,1
0.3488397,0.32075104,0.33040932,0
0.31756857,0.37529385,0.30713758,0
0.3839197,0.23834202,0.37773836,0
0.36282697,0.29973254,0.33744052,0
0.35945383,0.32973373,0.31081238,0
0.32794824,0.3546796,0.3173721,0
0.22142206,0.5033145,0.2752634,0
0.28658643,0.3996288,0.31378472,0
0.34085792,0.3753438,0.28379828,0
0.33393615,0.3461434,0.3199204,0
0.20372333,0.55003905,0.24623771,0
0.26764545,0.43760332,0.2947512,0
0.37417367,0.26892197,0.35690433,0
0.35022503,0.31963903,0.33013597,0
0.2863343,0.40686598,0.30679977,0
0.31381372,0.3600582,0.3261281,0
0.37140033,0.31703132,0.31156838,0
0.35319123,0.3185271,0.32828167,0
0.37144455,0.26589432,0.3626611,0
0.341618,0.330402,0.32798,0
0.34207234,0.34615585,0.3117718,0
0.38082883,0.24535438,0.37381682,1
0.35579967,0.29150364,0.35269663,0
0.3324566,0.32028732,0.3472561,0
0.34733987,0.3487428,0.30391732,0
0.34044,0.3429676,0.3165924,0
0.2321972,0.4968203,0.27098244,0
0.3125512,0.36693192,0.32051685,0
0.3399974,0.33287767,0.3271249,0
0.25006488,0.46651876,0.2834164,0
0.3242535,0.3537575,0.32198894,0
0.35766155,0.29612026,0.34621823,0
0.32610106,0.3551993,0.3186996,0
0.18841891,0.5784487,0.23313235,0
0.27712667,0.4084706,0.3144028,0
0.3547837,0.2945274,0.35068893,0
0.32194042,0.3568775,0.321182,0
0.3042514,0.4349119,0.2608367,0
0.29244977,0.44220755,0.2653427,0
0.27139887,0.4602562,0.26834488,0
0.31880265,0.3953978,0.2857996,0
0.30633363,0.37430435,0.31936198,0
0.32407528,0.34703082,0.32889387,0
0.33067766,0.3349908,0.33433148,0
0.314083,0.4049426,0.28097436,0
0.3012139,0.43418995,0.26459616,0
0.25365794,0.458165,0.28817707,0
0.29243731,0.38061905,0.32694358,0
0.26902485,0.43412003,0.29685518,0
0.31824657,0.355845,0.32590848,0
0.3483626,0.29837626,0.3532612,0
0.19074197,0.57406235,0.23519562,0
0.34003904,0.3849747,0.2749862,0
0.35127518,0.34981123,0.2989136,0
0.281218,0.4347786,0.28400347,0
0.29619798,0.39351356,0.31028846,0
0.34604242,0.31056345,0.3433942,0
0.28543675,0.48379207,0.23077121,0
0.25466564,0.45966366,0.2856706,0
0.2513473,0.47264406,0.27600858,0
0.28082734,0.4500239,0.26914877,0
0.36806864,0.27461803,0.35731336,0
0.31600395,0.4267422,0.25725383,0
0.31450146,0.39387065,0.29162788,0
0.29257515,0.40263745,0.30478746,0
0.33332273,0.35958683,0.30709043,0
0.2510656,0.46596014,0.28297424,0
0.3013047,0.39130554,0.30738974,0
0.3539222,0.32033983,0.32573795,0
0.2657176,0.44084895,0.2934334,0
0.3024509,0.38052094,0.3170281,0
0.36554953,0.2826481,0.3518024,0
0.3351821,0.3830406,0.28177732,0
0.30643108,0.375268,0.3183009,0
0.37959972,0.26481998,0.35558027,1
0.37640652,0.2625299,0.36106354,1
0.32737598,0.34077132,0.33185267,0
0.30557272,0.3596947,0.3347326,0
0.37477827,0.28080007,0.3444216,0
0.38785833,0.23244885,0.3796928,0
0.37692434,0.26629883,0.3567768,1
0.3722408,0.26446941,0.36328983,0
0.337459,0.34885818,0.31368288,0
0.2314371,0.49802592,0.270537,0
0.33555174,0.35058144,0.31386682,0
0.23487079,0.49392268,0.2712066,0
0.38437435,0.30303034,0.3125953,1
0.32304022,0.34979358,0.32716614,0
0.27780783,0.42060995,0.3015822,0
0.35481527,0.31480783,0.3303769,0
0.33518866,0.3275502,0.33726114,0
0.32896665,0.36953145,0.30150184,0
0.37435976,0.2689077,0.35673255,0
0.36506012,0.26584122,0.36909863,0
0.37586778,0.27141103,0.35272124,1
0.3469945,0.3433781,0.30962735,0
0.37286752,0.24994223,0.37719026,-1
0.36412543,0.28857127,0.3473033,0
0.35024464,0.29471958,0.35503572,0
0.3559019,0.3323969,0.31170115,0
0.32663533,0.36832088,0.30504382,0
0.27396232,0.4289647,0.29707298,0
0.28949255,0.405109,0.30539846,0
0.30617464,0.37567747,0.3181479,0
0.3321311,0.37591136,0.2919575,0
0.34779492,0.34171456,0.31049058,0
0.2893704,0.4480197,0.26260996,0
0.3323957,0.3289359,0.3386684,0
0.2612789,0.53710324,0.20161793,0
0.3253806,0.37780276,0.29681662,0
0.32491192,0.3622549,0.31283322,0
0.37211436,0.2558939,0.37199184,0
0.2335112,0.48962763,0.27686113,0
0.37216935,0.2862023,0.34162825,0
0.35763267,0.300589,0.34177837,0
0.3277958,0.31897458,0.3532296,0
0.39025533,0.2895847,0.3201599,1
0.3785104,0.2533141,0.36817542,1
0.33344683,0.3332401,0.33331305,0
0.3140738,0.35494867,0.3309775,0
0.28159347,0.4148625,0.30354398,0
0.26584825,0.4367132,0.29743853,0
0.32136187,0.35035533,0.3282828,0
0.37185952,0.30913773,0.31900272,0
0.37611616,0.2742348,0.34964904,1
0.349862,0.3106534,0.33948463,0
0.21456328,0.5301328,0.25530395,0
0.29117072,0.3985266,0.31030267,0
0.3662119,0.30949548,0.3242926,0
0.31996876,0.39978227,0.28024897,0
0.37313178,0.29135886,0.3355093,0
0.37541053,0.3200949,0.30449453,1
0.24640222,0.47340885,0.28018892,0
0.31401488,0.35558346,0.3304017,0
0.342548,0.31973794,0.33771408,0
0.24746521,0.47217286,0.28036192,0
0.29223993,0.39581382,0.31194624,0
0.27124202,0.43169048,0.2970675,0
0.27122596,0.42485383,0.3039202,0
0.37401778,0.2691323,0.35684997,0
0.3411048,0.31370357,0.34519166,0
0.33857322,0.33453307,0.32689366,0
0.27141988,0.42975482,0.29882523,0
0.3698885,0.2522488,0.3778627,-1
0.37219876,0.2960253,0.33177596,0
0.26044622,0.44256637,0.29698744,0
0.37435436,0.26901573,0.35662988,0
0.3720166,0.25954783,0.36843553,0
0.36471632,0.28742746,0.34785622,0
0.34183297,0.31769153,0.3404754,0
0.30879718,0.41180184,0.27940094,0
0.25683218,0.45465744,0.28851044,0
0.29429683,0.42991483,0.27578837,0
0.23543903,0.48794115,0.27661985,0
0.26862594,0.48391303,0.24746104,0
0.34671158,0.34698173,0.3063067,0
0.37044284,0.28823772,0.34131944,0
0.24303551,0.47985712,0.27710736,0
0.28702134,0.3970167,0.315962,0
0.35566366,0.30692744,0.3374089,0
0.37269008,0.26439396,0.36291602,0
0.319342,0.3528779,0.32778016,0
0.39077657,0.26702943,0.34219396,1
0.30449462,0.37836382,0.31714162,0
0.32458156,0.32843527,0.34698316,0
0.36874518,0.26062936,0.37062547,0
0.37625107,0.29161012,0.33213878,1
0.29057297,0.40047118,0.3089559,0
0.3927143,0.2887699,0.3185159,1
0.35591176,0.33371562,0.31037262,0
0.32935187,0.35587916,0.3147689,0
0.3285229,0.33143288,0.34004426,0
0.37366644,0.2688173,0.35751626,0
0.3191281,0.35438734,0.32648453,0
0.3056713,0.37590975,0.3184189,0
0.29738018,0.38605037,0.31656948,0
0.37958014,0.24388981,0.37653002,0
0.37738827,0.27315286,0.34945887,1
0.37352008,0.26920816,0.3572718,0
0.3200848,0.35558322,0.32433194,0
0.38251907,0.28902218,0.32845873,1
0.35236675,0.31135502,0.33627823,0
0.31964302,0.33600938,0.34434754,0
0.37305215,0.26515284,0.36179507,0
0.3584347,0.3175262,0.32403904,0
0.3239494,0.36380196,0.31224862,0
0.29532376,0.38834682,0.31632945,0
0.37731463,0.24341165,0.37927377,0
0.37436736,0.26901057,0.35662213,0
0.37150404,0.26954466,0.35895133,0
0.37585342,0.27298522,0.35116136,1
0.38710186,0.23183256,0.3810656,0
0.3762619,0.2673712,0.35636693,1
0.35921675,0.29689625,0.34388694,0
0.3548269,0.32627633,0.3188968,0
0.2706806,0.43630224,0.29301706,0
0.3487675,0.33482128,0.31641123,0
0.3402682,0.30531138,0.35442048,0
0.26196158,0.44683498,0.29120344,0
0.3703164,0.27929315,0.3503905,0
0.38152274,0.31226718,0.30621,1
0.37614945,0.25224966,0.37160093,1
0.38036627,0.2679044,0.35172942,1
0.3659826,0.26620704,0.36781043,0
0.37233713,0.27668697,0.35097587,0
0.23011784,0.50079393,0.26908818,0
0.30433476,0.36440915,0.3312561,0
0.38440734,0.2373579,0.37823474,0
0.37506977,0.26851,0.35642022,1
0.37672502,0.28608054,0.33719447,1
0.32599702,0.33907077,0.3349322,0
0.28367624,0.40503576,0.3112881,0
0.38736323,0.23206218,0.38057464,0
0.3722858,0.2635246,0.3641896,0
0.3722477,0.25782123,0.36993104,0
0.3751496,0.3114783,0.3133721,1
0.3748496,0.2683697,0.3567807,0
0.38009763,0.24013045,0.37977195,0
0.33287263,0.31026778,0.35685956,0
0.326867,0.3964549,0.27667812,0
0.30515423,0.40535527,0.28949046,0
0.36985207,0.26201665,0.36813128,0
0.36881182,0.27252772,0.35866043,0
0.2712162,0.4310716,0.29771215,0
0.32997346,0.33642146,0.3336051,0
0.306367,0.36285248,0.33078054,0
0.37023842,0.26500475,0.36475685,0
0.31199062,0.3696468,0.31836265,0
0.3592058,0.2952972,0.34549698,0
0.3656191,0.28053162,0.3538493,0
0.2912244,0.39424708,0.3145286,0
0.328785,0.3326255,0.3385895,0
0.36740032,0.299989,0.33261073,0
0.3157798,0.35246235,0.33175787,0
0.3747956,0.26872933,0.35647509,0
0.35042125,0.34466875,0.30491,0
0.27595443,0.42058432,0.30346134,0
0.37413794,0.2690907,0.35677138,0
0.3743078,0.24823141,0.37746072,-1
0.38598722,0.27411827,0.3398945,1
0.37459624,0.26880285,0.35660085,0
0.3756888,0.26470095,0.35961017,1
0.3890263,0.23231488,0.37865877,0
0.3489239,0.32152918,0.32954693,0
0.32398167,0.356152,0.31986633,0
0.3889123,0.23227672,0.3788109,0
0.37872925,0.25198817,0.36928263,1
0.3199189,0.3849139,0.29516718,0
0.34009907,0.33186403,0.32803693,0
0.38832405,0.23544145,0.3762345,0
0.27559924,0.42487904,0.2995217,0
0.32720003,0.34732458,0.3254754,0
0.32174146,0.3476627,0.33059588,0
0.30058572,0.3751227,0.3242915,0
0.33058152,0.34770423,0.32171428,0
0.29467586,0.38808787,0.3172363,0
0.3368809,0.3423015,0.32081765,0
0.37530893,0.26828668,0.3564044,1
0.40203932,0.25456172,0.34339896,1
0.37349233,0.2693141,0.35719347,0
0.37354,0.26929766,0.35716236,0
0.38492867,0.25381362,0.3612577,1
0.37923512,0.2552388,0.365526,1
0.3339406,0.33000195,0.33605745,0
0.3765123,0.260068,0.36341968,1
0.32420346,0.3709163,0.3048803,0
0.36415455,0.2737613,0.36208418,0
