prob_sell,prob_hold,prob_buy,predicted_signal
0.32631594,0.33237153,0.34131253,1
0.31799182,0.350736,0.3312722,0
0.31957304,0.35478538,0.32564154,0
0.28616235,0.40097913,0.31285846,0
0.32242942,0.3620879,0.3154827,0
0.33014438,0.32828298,0.3415726,1
0.32935637,0.32621717,0.34442645,1
0.33973315,0.3194608,0.34080607,1
0.3081745,0.40256178,0.2892637,0
0.284406,0.45340675,0.26218724,0
0.2839482,0.398893,0.31715876,0
0.27106076,0.48784575,0.24109344,0
0.25274447,0.4593383,0.28791726,0
0.2526232,0.46328157,0.2840953,0
0.30412924,0.43733197,0.2585388,0
0.37440312,0.2691078,0.35648912,-1
0.32996967,0.35062465,0.31940567,0
0.34297058,0.31990737,0.3371221,-1
0.33258504,0.3587329,0.30868208,0
0.3654873,0.29988572,0.33462697,-1
0.29792032,0.37094185,0.33113778,0
0.25807473,0.44321018,0.29871508,0
0.30724752,0.39246285,0.30028963,0
0.30496246,0.42011005,0.2749275,0
0.3230816,0.35439685,0.32252157,0
0.37415817,0.27880895,0.34703296,-1
0.24502386,0.47470462,0.28027144,0
0.2959146,0.3920794,0.31200597,0
0.32918647,0.3555118,0.3153017,0
0.33568433,0.32273346,0.3415822,1
0.25559396,0.45818803,0.28621805,0
0.3181141,0.35480517,0.3270808,0
0.3049677,0.38048166,0.3145506,0
0.28011832,0.40945485,0.31042692,0
0.3388481,0.3333499,0.32780188,-1
0.28321016,0.43436345,0.28242633,0
0.32306996,0.35237014,0.3245599,0
0.3737104,0.28816506,0.33812448,-1
0.31515953,0.34600902,0.33883142,0
0.25994456,0.45076486,0.28929055,0
0.2913578,0.38977918,0.318863,0
0.3391827,0.32615444,0.33466285,-1
0.31598058,0.3604418,0.32357764,0
0.2633795,0.49571148,0.24090903,0
0.17974548,0.59479433,0.2254602,0
0.25462896,0.45366693,0.29170412,0
0.33441174,0.31625885,0.3493294,1
0.31920037,0.3544533,0.32634637,0
0.32037368,0.3540587,0.32556763,0
0.3186993,0.36479288,0.3165078,0
0.26543847,0.4400838,0.29447776,0
0.3195582,0.37603748,0.3044043,0
0.34111813,0.32396126,0.33492061,-1
0.32313395,0.35244885,0.32441726,0
0.29160044,0.42253765,0.28586188,0
0.30656862,0.41088852,0.28254282,0
0.29823664,0.38522106,0.31654227,0
0.25405908,0.45979264,0.2861483,0
0.31835255,0.40945533,0.27219212,0
0.31904092,0.39463502,0.2863241,0
0.36116466,0.28763708,0.35119835,-1
0.25704014,0.45571572,0.28724414,0
0.29044113,0.40009218,0.30946666,0
0.33950776,0.3470902,0.31340212,0
0.3188814,0.339616,0.34150258,1
0.37343636,0.2693335,0.35723013,-1
0.37431443,0.26902956,0.35665596,-1
0.3744467,0.26884437,0.35670894,-1
0.31532717,0.35468403,0.3299888,0
0.341357,0.30736852,0.3512745,1
0.2936819,0.38376662,0.3225515,0
0.29664534,0.40276378,0.3005909,0
0.3328745,0.320132,0.34699357,1
0.33571061,0.31142324,0.3528661,1
0.3262517,0.3447649,0.32898346,0
0.3427023,0.31602538,0.34127238,-1
0.29334474,0.3851305,0.3215248,0
0.30487046,0.36828116,0.3268484,0
0.34093878,0.36896706,0.2900941,0
0.32384068,0.3401006,0.3360587,0
0.28269097,0.40776816,0.30954087,0
0.3067593,0.36746505,0.32577565,0
0.34864596,0.30114475,0.35020933,1
0.3197735,0.38016823,0.30005834,0
0.32185122,0.34472743,0.33342132,0
0.32203555,0.36155835,0.3164061,0
0.32120505,0.3464136,0.33238134,0
0.37549266,0.26214603,0.36236128,-1
0.35816303,0.28705332,0.35478362,-1
0.2881523,0.39381903,0.31802866,0
0.3269377,0.33302543,0.34003684,1
0.35308936,0.29430482,0.35260585,-1
0.32978928,0.31687313,0.35333756,1
0.37348992,0.26527852,0.3612316,-1
0.37000263,0.284374,0.3456234,-1
0.3404522,0.30592144,0.35362634,1
0.32845277,0.3430264,0.32852077,0
0.30411404,0.42354804,0.27233788,0
0.30907175,0.37608832,0.3148399,0
0.30604935,0.3640219,0.32992882,0
0.28294048,0.40516487,0.31189463,0
0.32730934,0.3484823,0.32420838,0
0.3130945,0.36717546,0.31973,0
0.28344625,0.40312877,0.31342503,0
0.2635139,0.4423002,0.29418594,0
0.31915763,0.35660654,0.32423586,0
0.33872062,0.3145453,0.34673414,1
0.2914128,0.39079738,0.31778976,0
0.2931023,0.3967059,0.31019175,0
0.3647466,0.28817192,0.3470815,-1
0.33855706,0.31277022,0.34867278,1
0.33063918,0.34912166,0.32023913,0
0.33524612,0.32472345,0.3400304,1
0.372545,0.2598885,0.3675665,-1
0.3517383,0.29935995,0.34890184,-1
0.3485294,0.2921317,0.35933894,1
0.3542332,0.28385583,0.36191103,1
0.36151338,0.27732152,0.36116508,-1
0.3759747,0.2511974,0.37282792,-1
0.37281471,0.25157067,0.3756146,1
0.36291528,0.27015024,0.3669345,1
0.34555048,0.29840717,0.35604236,1
0.3500086,0.28580466,0.36418673,1
0.2829267,0.40493307,0.31214023,0
0.27687758,0.41556093,0.3075615,0
0.27908146,0.4133089,0.3076096,0
0.31416148,0.36149636,0.3243422,0
0.3431047,0.3274128,0.3294824,-1
0.3628567,0.3163742,0.32076913,-1
0.30706787,0.37481123,0.3181209,0
0.3731534,0.27092186,0.3559248,-1
0.3718434,0.2669756,0.361181,-1
0.3639037,0.28131938,0.35477692,-1
0.3098389,0.35440892,0.3357522,0
0.3746722,0.2502148,0.37511304,1
0.3792437,0.26069382,0.36006245,-1
0.37844917,0.2444011,0.3771498,-1
0.37277302,0.26464123,0.36258584,-1
0.3750572,0.24886727,0.3760755,1
0.31300378,0.3497607,0.33723554,0
0.32495445,0.32834944,0.3466961,1
0.32699093,0.33178297,0.3412261,1
0.34085053,0.35760164,0.30154783,0
0.2797961,0.41221166,0.30799228,0
0.3181574,0.34708354,0.3347591,0
0.3124947,0.362758,0.32474732,0
0.32825732,0.35291728,0.31882536,0
0.32675573,0.34114164,0.33210266,0
0.28594974,0.39681938,0.31723094,0
0.28157368,0.47486854,0.24355778,0
0.27340642,0.42406166,0.30253196,0
0.2553384,0.44862807,0.2960336,0
0.31377777,0.36274046,0.3234818,0
0.3509387,0.3111503,0.33791098,-1
0.3364228,0.3535052,0.31007203,0
0.33269492,0.33202493,0.33528024,1
0.33248532,0.3206587,0.34685606,1
0.30652952,0.37595358,0.31751692,0
0.33539462,0.31752244,0.3470829,1
0.34388256,0.29656413,0.35955334,1
0.37206927,0.25716728,0.37076354,-1
0.37482625,0.26814726,0.3570265,-1
0.37464935,0.25805667,0.36729395,-1
0.3720682,0.25799173,0.36994007,-1
0.3762501,0.27021492,0.35353497,-1
0.3592886,0.27142274,0.36928868,1
0.38012698,0.23752853,0.3823445,1
0.3515185,0.28987584,0.35860565,1
0.36594725,0.2753939,0.35865885,-1
0.3411666,0.304663,0.35417032,1
0.31584933,0.34394646,0.34020418,0
0.32719752,0.36184114,0.3109613,0
0.33492112,0.34340838,0.32167053,0
0.3089015,0.40411586,0.2869826,0
0.2406386,0.48395473,0.2754067,0
0.28075692,0.40993637,0.30930668,0
0.32093668,0.34010792,0.3389554,0
0.27335498,0.42270476,0.30394024,0
0.29809642,0.38563615,0.31626746,0
0.3229073,0.3448032,0.33228946,0
0.32409433,0.35153654,0.32436916,0
0.31422815,0.36664128,0.3191306,0
0.27485242,0.47004294,0.25510472,0
0.32991213,0.32148403,0.3486038,1
0.286496,0.39607486,0.31742907,0
0.3355517,0.31626076,0.3481875,1
0.33458596,0.32662117,0.33879292,1
0.34101373,0.32325536,0.33573085,-1
0.30528718,0.41410175,0.2806111,0
0.3712037,0.2601754,0.36862084,-1
0.28426516,0.41045904,0.30527583,0
0.29159182,0.3870131,0.32139516,0
0.24625547,0.472349,0.28139555,0
0.30706933,0.37609708,0.3168336,0
0.32367498,0.33708918,0.33923587,1
0.28158563,0.41596314,0.30245122,0
0.2934273,0.3985661,0.30800658,0
0.27841133,0.47339737,0.24819134,0
0.28797793,0.42348316,0.28853884,0
0.22514617,0.50642604,0.26842773,0
0.22470994,0.5051549,0.27013513,0
0.31784502,0.376104,0.306051,0
0.3231256,0.34708485,0.32978964,0
0.31128865,0.36828944,0.3204219,0
0.33563498,0.32617205,0.338193,1
0.28522602,0.4619709,0.25280312,0
0.2899366,0.40147427,0.30858916,0
0.28663123,0.41585827,0.2975105,0
0.2837718,0.39855966,0.31766856,0
0.3047348,0.37895083,0.31631437,0
0.30081272,0.3823507,0.3168366,0
0.32863295,0.34049675,0.33087027,0
0.29874843,0.38889387,0.31235772,0
0.3626838,0.28395396,0.3533622,-1
0.32475126,0.3412061,0.33404264,0
0.31742522,0.35132718,0.33124757,0
0.3682456,0.27385354,0.3579009,-1
0.33291632,0.31631422,0.35076946,1
0.32336137,0.3419021,0.33473647,0
0.3219391,0.379095,0.2989659,0
0.2666033,0.43179452,0.30160215,0
0.2836911,0.42734814,0.2889607,0
0.28562784,0.40155748,0.31281468,0
0.2866883,0.39916348,0.31414825,0
0.29521248,0.3946114,0.31017613,0
0.3001788,0.38747796,0.3123433,0
0.26323828,0.4450019,0.29175988,0
0.24913241,0.51484597,0.23602168,0
0.31358966,0.37378448,0.31262589,0
0.30475506,0.38935962,0.30588531,0
0.28294158,0.40753883,0.3095196,0
0.32287982,0.35480663,0.32231352,0
0.3125474,0.40622422,0.2812284,0
0.32952225,0.33550984,0.3349679,0
0.3725641,0.2679065,0.3595294,-1
0.34530565,0.31369302,0.34100133,-1
0.3149145,0.3613698,0.32371572,0
0.3163212,0.35190475,0.33177415,0
0.34381965,0.2981427,0.35803765,1
0.3362807,0.34383142,0.31988782,0
0.31114388,0.394214,0.29464212,0
0.33364853,0.3352973,0.33105418,0
0.29954368,0.4232786,0.27717778,0
0.28517807,0.43488815,0.27993384,0
0.23904873,0.48660088,0.27435037,0
0.2553067,0.44954655,0.2951468,0
0.32225004,0.34839895,0.32935104,0
0.312852,0.3647493,0.32239866,0
0.334959,0.34939104,0.31564996,0
0.3059657,0.3761086,0.3179257,0
0.2727444,0.4304144,0.2968412,0
0.31267118,0.36591926,0.32140964,0
0.3258993,0.37926236,0.29483837,0
0.2733215,0.4204561,0.30622244,0
0.3344122,0.33181703,0.33377075,-1
0.37242842,0.26783797,0.35973367,-1
0.37343636,0.2693335,0.35723013,-1
0.29298738,0.3966742,0.31033844,0
0.26101303,0.43810716,0.30087984,0
0.2727585,0.4408985,0.286343,0
0.325112,0.3445646,0.3303234,0
0.37180257,0.26691556,0.3612819,-1
0.27590844,0.42384407,0.30024755,0
0.31147432,0.3641119,0.3244138,0
0.29683834,0.40758404,0.2955776,0
0.27753302,0.4128469,0.30962008,0
0.28797886,0.40662986,0.3053913,0
0.30321917,0.38247922,0.31430158,0
0.31956995,0.36666185,0.31376818,0
0.30879933,0.3778839,0.31331673,0
0.27880767,0.4202427,0.30094963,0
0.2538373,0.4594923,0.28667042,0
0.2945857,0.44251937,0.2628949,0
0.3407555,0.32345635,0.3357882,-1
0.27810082,0.46765807,0.25424117,0
0.2592883,0.4528659,0.28784582,0
0.30311787,0.38434586,0.31253633,0
0.30911848,0.3694085,0.32147303,0
0.3287433,0.3384935,0.33276322,0
0.33429006,0.3221951,0.3435149,1
0.37437296,0.27002046,0.3556066,-1
0.3510245,0.30243182,0.3465437,-1
0.3664372,0.28017092,0.35339183,-1
0.36819217,0.26318693,0.3686209,1
0.3090391,0.35643286,0.3345281,0
0.31645167,0.39240137,0.29114696,0
0.3204971,0.33556387,0.34393898,1
0.30644843,0.40612057,0.28743097,0
0.263603,0.4451016,0.29129544,0
0.29932588,0.378876,0.32179815,0
0.33655345,0.33228302,0.33116356,-1
0.26757237,0.43291196,0.2995157,0
0.29761392,0.42253852,0.27984762,0
0.3295052,0.34171018,0.32878467,0
0.2839117,0.4163489,0.2997394,0
0.29239577,0.39805445,0.30954987,0
0.22922245,0.50150436,0.2692732,0
0.31283313,0.37035045,0.31681648,0
0.28368416,0.41493377,0.30138206,0
0.32089692,0.35635358,0.3227495,0
0.34234312,0.33251742,0.32513946,-1
0.3631814,0.29166624,0.34515232,-1
0.3260062,0.34304076,0.330953,0
0.28368184,0.397295,0.31902316,0
0.37441474,0.24277265,0.38281253,1
0.32206655,0.3434153,0.33451822,0
0.35507083,0.28131884,0.3636103,1
0.3038746,0.37375194,0.32237342,0
0.3755172,0.26645097,0.35803178,-1
0.37735158,0.2765523,0.3460961,-1
0.3729071,0.26368693,0.3634059,-1
0.3054372,0.3623418,0.33222106,0
0.31878862,0.34239882,0.33881262,0
0.32000393,0.38245824,0.29753786,0
0.32440385,0.34451577,0.3310804,0
0.2684389,0.42509538,0.30646563,0
0.35549107,0.2945872,0.34992176,-1
0.3420141,0.30740938,0.35057652,1
0.37369618,0.28600436,0.3402995,-1
0.2957715,0.39137536,0.31285313,0
0.31346312,0.35661745,0.32991943,0
0.32254487,0.39057678,0.28687838,0
0.30032605,0.3769288,0.3227451,0
0.28539315,0.39687282,0.31773406,0
0.32665557,0.34250623,0.3308382,0
0.33232224,0.34945175,0.31822598,0
0.33016518,0.33760822,0.3322266,0
0.30854353,0.36543208,0.32602435,0
0.34913296,0.29699284,0.35387415,1
0.33832863,0.3427374,0.3189339,0
0.37110373,0.26171172,0.3671845,-1
0.3070983,0.35632738,0.33657426,0
0.3452431,0.29252163,0.36223528,1
0.3271315,0.36548993,0.30737853,0
0.3322518,0.3589042,0.30884397,0
0.25829053,0.44386396,0.29784554,0
0.27808407,0.4121191,0.30979684,0
0.35054368,0.3635865,0.28586984,0
0.31697872,0.3555989,0.32742232,0
0.30394346,0.41485307,0.28120342,0
0.29040873,0.40291628,0.30667502,0
0.32146162,0.35136172,0.3271767,0
0.3475835,0.30239236,0.35002407,1
0.31647974,0.34919852,0.3343218,0
0.35842603,0.2907856,0.35078835,-1
0.31480262,0.36118567,0.3240117,0
0.3704254,0.26772338,0.36185122,-1
0.35183302,0.29603043,0.3521366,1
0.35838264,0.28063828,0.36097908,1
0.29555875,0.381694,0.3227473,0
0.27373222,0.4275357,0.298732,0
0.30675012,0.4085224,0.28472748,0
0.35404807,0.27888638,0.36706552,1
0.3349004,0.32332733,0.34177223,1
0.3081005,0.37304166,0.31885785,0
0.3723155,0.2713765,0.356308,-1
0.3783283,0.24828772,0.37338403,-1
0.31562948,0.34320438,0.34116614,0
0.2826298,0.39715275,0.32021752,0
0.3115044,0.3682716,0.32022405,0
0.34117532,0.3291697,0.329655,-1
0.3125756,0.39606163,0.29136276,0
0.2599218,0.4460581,0.29402006,0
0.25040734,0.46709377,0.2824988,0
0.32365093,0.3826522,0.29369685,0
0.3221517,0.35051557,0.32733274,0
0.27895635,0.4157074,0.30533633,0
0.28646213,0.44655994,0.2669779,0
0.2336799,0.55899733,0.20732275,0
0.3120382,0.4238929,0.26406884,0
0.26849896,0.4234049,0.3080962,0
0.2216933,0.5174767,0.26083001,0
0.3408205,0.32036158,0.33881792,-1
0.3580723,0.31292158,0.3290061,-1
0.28983703,0.39329132,0.3168717,0
0.2406791,0.48396292,0.2753579,0
0.32556564,0.34672135,0.32771307,0
0.3404823,0.36458895,0.29492885,0
0.35770386,0.2966732,0.34562293,-1
0.32956392,0.343406,0.32703015,0
0.26018018,0.44757104,0.2922488,0
0.30001336,0.44005036,0.2599362,0
0.24955969,0.46772236,0.28271797,0
0.2682701,0.43312934,0.29860052,0
0.34952655,0.29716882,0.35330462,1
0.31020865,0.36962235,0.32016897,0
0.3356457,0.32738402,0.33697027,1
0.2861931,0.407395,0.3064119,0
0.26166883,0.44799167,0.29033947,0
0.3343308,0.3462388,0.31943035,0
0.34813312,0.30179667,0.35007018,1
0.2608284,0.43573987,0.30343172,0
0.33698788,0.32708597,0.3359261,-1
0.33797553,0.31679046,0.34523395,1
0.35914266,0.28792647,0.35293084,-1
0.334247,0.35992873,0.30582434,0
0.33520123,0.34432197,0.3204768,0
0.3272852,0.34071293,0.33200184,0
0.3280143,0.3391559,0.3328297,0
0.3595044,0.2743262,0.36616945,1
0.36655936,0.27077994,0.36266074,-1
0.34318477,0.30629605,0.35051924,1
0.29410625,0.3871125,0.3187813,0
0.3500466,0.2898718,0.36008164,1
0.3609259,0.2877736,0.3513005,-1
0.33339664,0.31308895,0.35351446,1
0.31314847,0.35743713,0.32941434,0
0.34024078,0.3086839,0.35107526,1
0.33603808,0.35535866,0.3086033,0
0.3256857,0.3337758,0.34053853,1
0.31021556,0.40924755,0.28053692,0
0.3273741,0.343793,0.3288329,0
0.3661625,0.2931432,0.3406943,-1
0.32064828,0.3470987,0.332253,0
0.31963733,0.34698424,0.33337843,0
0.2993199,0.3818573,0.31882277,0
0.32162145,0.34106234,0.33731622,0
0.34570038,0.307498,0.3468016,1
0.34185353,0.31585088,0.34229556,1
0.3046009,0.37488794,0.32051113,0
0.34227285,0.33059376,0.3271334,-1
0.3200844,0.35263088,0.32728463,0
0.3176466,0.3435521,0.33880126,0
0.37256375,0.26827332,0.35916293,-1
0.3402076,0.31231427,0.34747812,1
0.37346727,0.2691638,0.35736895,-1
0.34384227,0.30690554,0.3492522,1
0.34692124,0.30532354,0.3477552,1
0.35597712,0.2901555,0.3538674,-1
0.30506134,0.3654027,0.329536,0
0.32592556,0.33901367,0.33506075,0
0.38760737,0.23868777,0.37370482,-1
0.36378878,0.26384792,0.37236327,1
0.26424995,0.44106653,0.29468358,0
0.29524294,0.38308394,0.32167313,0
0.2900749,0.39784485,0.31208026,0
0.3390815,0.3251044,0.3358141,-1
0.3243827,0.3926269,0.28299046,0
0.31554076,0.39342076,0.29103845,0
0.32628563,0.35269073,0.3210236,0
0.29273412,0.38571876,0.32154706,0
0.2909586,0.40006143,0.3089799,0
0.37307817,0.26718587,0.359736,-1
0.33060482,0.3215465,0.34784865,1
0.3045576,0.375336,0.32010642,0
0.33379358,0.33155787,0.33464858,1
0.36831918,0.28137755,0.3503032,-1
0.34965885,0.32334313,0.32699805,-1
0.36193055,0.28596765,0.3521018,-1
0.34392622,0.3199873,0.3360865,-1
0.29151902,0.3921117,0.31636924,0
0.3109107,0.38347378,0.30561548,0
0.3484709,0.2904694,0.3610597,1
0.33372602,0.32105395,0.34522,1
0.33686954,0.32583272,0.33729777,1
0.37374127,0.26275507,0.3635036,-1
0.37794393,0.24817315,0.37388286,-1
0.30375144,0.36870268,0.32754594,0
0.34667695,0.2939003,0.35942283,1
0.34987766,0.3388233,0.31129906,-1
0.30963546,0.36244258,0.32792196,0
0.31904328,0.3460475,0.3349092,0
0.30176255,0.41934603,0.27889144,0
0.2593221,0.50960016,0.23107769,0
0.25998816,0.44970113,0.29031065,0
0.26559055,0.4297847,0.3046248,0
0.33427992,0.3385342,0.3271859,0
0.36771452,0.29582086,0.33646467,-1
0.28631175,0.40792063,0.30576766,0
0.30599344,0.37596694,0.31803966,0
0.32377908,0.34892228,0.3272986,0
0.31810096,0.35640913,0.3254899,0
0.3158115,0.34979343,0.33439508,0
0.3543588,0.3014875,0.3441537,-1
0.3732982,0.26462564,0.36207613,-1
0.3666875,0.29696834,0.33634418,-1
0.3705884,0.2631954,0.3662162,-1
0.34946546,0.2835036,0.36703098,1
0.3202884,0.4044719,0.2752397,0
0.28506342,0.40207657,0.31286004,0
0.23180759,0.49886984,0.26932257,0
0.34458157,0.32879052,0.32662794,-1
0.2930619,0.44220734,0.26473078,0
0.20875971,0.54080886,0.2504315,0
0.2601981,0.47042394,0.26937795,0
0.30499697,0.37910208,0.31590095,0
0.25683945,0.45514616,0.28801438,0
0.30474102,0.41694325,0.2783157,0
0.34557676,0.31035993,0.3440633,-1
0.32009107,0.35587952,0.32402945,0
0.37398085,0.26914507,0.3568741,-1
0.3426665,0.33320346,0.3241301,-1
0.3294794,0.3380173,0.33250326,0
0.30805746,0.35789153,0.33405104,0
0.35016313,0.34264323,0.30719367,-1
0.28526017,0.40898657,0.3057533,0
0.379096,0.2647664,0.35613766,-1
0.33147842,0.32456666,0.34395486,1
0.37179908,0.27228993,0.35591096,-1
0.31614077,0.35937318,0.3244861,0
0.31610882,0.3452425,0.33864865,0
0.34943196,0.30357876,0.34698933,-1
0.28285167,0.4084371,0.3087112,0
0.2832932,0.3965219,0.32018486,0
0.27774024,0.4171451,0.30511472,0
0.3417784,0.36827248,0.28994912,0
0.35106918,0.2963027,0.35262814,1
0.32413375,0.36977366,0.30609268,0
0.31027564,0.3674259,0.3222984,0
0.26749876,0.4379782,0.294523,0
0.28052855,0.411524,0.30794746,0
0.33327892,0.33193558,0.3347855,1
0.3167389,0.34241533,0.34084573,0
0.32963336,0.34319013,0.32717654,0
0.34135777,0.318568,0.34007424,-1
0.26880008,0.43395364,0.29724625,0
0.27283755,0.4321164,0.29504603,0
0.29629824,0.3944879,0.30921385,0
0.32584983,0.34991252,0.3242377,0
0.3353612,0.35542184,0.30921698,0
0.26578653,0.44084507,0.29336834,0
0.37140578,0.27336597,0.35522822,-1
0.34309685,0.30591416,0.350989,1
0.3419679,0.35040754,0.30762455,0
0.33895758,0.34346622,0.3175762,0
0.3486534,0.32164574,0.32970086,-1
0.31249967,0.3605723,0.32692808,0
0.23981257,0.48373845,0.27644902,0
0.25029987,0.4617321,0.287968,0
0.35445064,0.35297802,0.29257137,-1
0.3342878,0.35047114,0.31524107,0
0.31426716,0.39252818,0.29320472,0
0.37598273,0.26781332,0.35620388,-1
0.28957373,0.40155372,0.30887258,0
0.22229515,0.51640403,0.2613008,0
0.26477495,0.43554497,0.29968014,0
0.31625533,0.40379205,0.27995262,0
0.33332127,0.35515404,0.31152463,0
0.28514773,0.4079279,0.30692443,0
0.27376726,0.42747855,0.29875422,0
0.3065994,0.37787315,0.31552744,0
0.338984,0.30799404,0.35302192,1
0.30432102,0.36553568,0.3301433,0
0.3248344,0.33453548,0.34063005,1
0.3442476,0.3115799,0.3441725,-1
0.31149217,0.36730948,0.32119834,0
0.30017263,0.3736113,0.32621613,0
0.31418017,0.34477928,0.34104058,0
0.35993335,0.32448685,0.3155798,-1
0.36319607,0.28265417,0.3541498,-1
0.27666062,0.41263574,0.31070364,0
0.27793604,0.4697654,0.25229853,0
0.3596073,0.31499827,0.3253944,-1
0.30377686,0.3808484,0.31537476,0
0.37284002,0.27045637,0.35670358,-1
0.26115987,0.44842225,0.2904179,0
0.23444276,0.49334967,0.27220753,0
0.3125579,0.423555,0.26388708,0
0.27535614,0.4290434,0.29560044,0
0.30029392,0.39528236,0.30442363,0
0.35866737,0.32194299,0.31938964,-1
0.2933065,0.3961734,0.31052008,0
0.27437833,0.4255327,0.30008888,0
0.29757196,0.380504,0.3219241,0
0.31419483,0.3638388,0.3219664,0
0.3432116,0.30840474,0.34838364,1
0.34948462,0.32141763,0.32909772,-1
0.37960345,0.27033243,0.3500642,-1
0.3131011,0.36438653,0.32251233,0
0.30242795,0.40914008,0.28843197,0
0.36396205,0.26907745,0.36696056,1
0.33106658,0.3152859,0.35364753,1
0.3555454,0.30494505,0.33950955,-1
0.3172545,0.35428077,0.32846478,0
0.31551263,0.3947043,0.28978303,0
0.26376355,0.43921462,0.2970219,0
0.38004914,0.29167363,0.32827723,-1
0.3626794,0.28135508,0.35596552,-1
0.32508373,0.35380587,0.3211104,0
0.28411525,0.41069204,0.3051927,0
0.24724464,0.48765007,0.2651053,0
0.31007874,0.37658525,0.31333598,0
0.28159195,0.4134535,0.30495456,0
0.29602686,0.4244671,0.27950612,0
0.30464682,0.4006171,0.29473603,0
0.35739487,0.29520613,0.34739906,-1
0.29277852,0.39007682,0.31714475,0
0.3216834,0.3505129,0.3278036,0
0.29068625,0.40022826,0.30908552,0
0.32800117,0.33506215,0.33693677,1
0.3309073,0.32765114,0.3414416,1
0.35287738,0.29758424,0.3495384,-1
0.34438184,0.34080824,0.31480992,-1
0.3707954,0.26993483,0.35926977,-1
0.31940183,0.34069777,0.3399004,0
0.26736024,0.43176952,0.3008703,0
0.2850989,0.40372646,0.31117466,0
0.3421832,0.29584533,0.36197156,1
0.32518625,0.33784053,0.33697325,0
0.2904671,0.44616348,0.26336938,0
0.26179466,0.5003685,0.23783685,0
0.2759731,0.42406547,0.29996142,0
0.3271148,0.32998857,0.34289667,1
0.29005352,0.39729816,0.31264833,0
0.31017822,0.36920452,0.32061723,0
0.2624789,0.44646063,0.29106042,0
0.22323832,0.5146893,0.2620724,0
0.27415895,0.42662,0.29922104,0
0.32836878,0.3813431,0.29028806,0
0.28987074,0.40154973,0.3085795,0
0.31198972,0.39994553,0.28806478,0
0.3235958,0.36955282,0.30685133,0
0.35592902,0.30714083,0.33693007,-1
0.36646166,0.2741892,0.35934913,-1
0.3665222,0.29825875,0.33521903,-1
0.34241217,0.3167849,0.3408029,-1
0.3759985,0.26706445,0.35693696,-1
0.32505634,0.32320696,0.35173666,1
0.33779544,0.33009753,0.33210704,-1
0.28236967,0.4575016,0.26012874,0
0.28629676,0.40014723,0.31355608,0
0.29888073,0.37727687,0.32384232,0
0.37341174,0.26087847,0.36570984,-1
0.33940715,0.32431576,0.3362771,-1
0.28556573,0.40826914,0.30616516,0
0.32812503,0.34093076,0.33094418,0
0.33529058,0.35897163,0.30573782,0
0.33793768,0.34792575,0.31413662,0
0.3229185,0.3402159,0.3368656,0
0.32003242,0.34823143,0.33173618,0
0.23419826,0.49460426,0.27119753,0
0.34344846,0.3763758,0.28017572,0
0.32966432,0.32571658,0.34461907,1
0.32218888,0.3376384,0.34017268,1
0.3255287,0.3458718,0.32859954,0
0.3394104,0.3395097,0.3210799,0
0.32270908,0.34806305,0.3292279,0
0.32301956,0.33338937,0.34359112,1
0.35367703,0.29981157,0.34651142,-1
0.32648712,0.33870485,0.33480808,0
0.3461283,0.3457034,0.3081683,-1
0.27828467,0.41148028,0.31023502,0
0.34822488,0.31539634,0.3363788,-1
0.30454984,0.3747148,0.32073542,0
0.30412513,0.42432857,0.27154636,0
0.36591572,0.2798371,0.3542472,-1
0.31842047,0.34597424,0.33560532,0
0.2943161,0.38554734,0.32013658,0
0.2895094,0.398589,0.31190163,0
0.34046397,0.304383,0.35515302,1
0.28736198,0.4849077,0.2277303,0
0.28804344,0.42098317,0.29097342,0
0.23516516,0.49362007,0.27121484,0
0.2929908,0.3897007,0.3173085,0
0.32262713,0.35287112,0.3245018,0
0.30283538,0.42684278,0.27032182,0
0.3302771,0.33693144,0.3327915,0
0.29372355,0.39165822,0.31461817,0
0.29592335,0.39211035,0.31196633,0
0.37750453,0.29813915,0.32435626,-1
0.3688694,0.2693214,0.36180922,-1
0.34580296,0.30424654,0.34995052,1
0.29624674,0.3827711,0.3209821,0
0.34825456,0.32315975,0.3285857,-1
0.32061964,0.4137121,0.26566824,0
0.2429539,0.47506827,0.28197786,0
0.29962182,0.37331143,0.32706666,0
0.37417665,0.35371238,0.2721109,-1
0.28740287,0.40700907,0.30558807,0
0.33172107,0.34667623,0.32160267,0
0.29638612,0.37909836,0.32451552,0
0.26283637,0.44585475,0.29130894,0
0.32801947,0.33197597,0.34000462,1
0.34024116,0.300558,0.35920084,1
0.35883138,0.2941995,0.3469691,-1
0.29142928,0.4014905,0.30708018,0
0.29095802,0.38354802,0.3254939,0
0.23726644,0.48941052,0.27332306,0
0.27866167,0.4780229,0.24331543,0
0.21433133,0.5239921,0.26167658,0
0.23855194,0.4830553,0.27839273,0
0.31922305,0.42297447,0.25780252,0
0.32175887,0.34770003,0.33054107,0
0.3228976,0.34817356,0.32892883,0
0.31757867,0.35695043,0.32547086,0
0.32198054,0.34976122,0.32825825,0
0.27570412,0.48961923,0.2346767,0
0.25472462,0.44615766,0.29911777,0
0.29843235,0.39478794,0.30677974,0
0.32929853,0.3346831,0.33601838,1
0.29983726,0.3858973,0.31426546,0
0.29143322,0.40011752,0.30844924,0
0.23649015,0.48658434,0.2769255,0
0.31481728,0.3655121,0.31967065,0
0.34689155,0.32547763,0.32763082,-1
0.32781002,0.33030292,0.341887,1
0.29926497,0.44672403,0.254011,0
0.23485191,0.49400687,0.2711413,0
0.28876334,0.40890187,0.30233482,0
0.2668976,0.43171102,0.30139133,0
0.29450116,0.4520592,0.25343955,0
0.32740864,0.31508002,0.35751137,1
0.30773398,0.39079905,0.30146688,0
0.31418812,0.3642816,0.32153028,0
0.33304414,0.33844185,0.32851407,0
0.28602383,0.39850622,0.31546992,0
0.27285305,0.41947028,0.30767667,0
0.26799515,0.42895684,0.30304798,0
0.3385004,0.3796735,0.2818262,0
0.34551626,0.3018561,0.3526277,1
0.30547258,0.39710534,0.29742208,0
0.32631463,0.3426447,0.33104068,0
0.2833942,0.4118611,0.30474472,0
0.28612465,0.45590776,0.25796762,0
0.31181395,0.3566312,0.3315549,0
0.23055139,0.49596435,0.27348423,0
0.29972023,0.4304117,0.26986805,0
0.3173853,0.35771486,0.3248998,0
0.3130247,0.40118918,0.28578612,0
0.27612054,0.42758706,0.29629236,0
0.3612881,0.35838965,0.2803223,-1
0.31565577,0.38237,0.3019742,0
0.26266143,0.44615114,0.29118738,0
0.2987769,0.42801535,0.2732077,0
0.33960065,0.34591812,0.3144812,0
0.25341323,0.46160844,0.2849783,0
0.29192027,0.3983506,0.30972913,0
0.35189217,0.30405334,0.34405455,-1
0.30784145,0.37440297,0.31775552,0
0.3359009,0.33215418,0.3319449,-1
0.36810103,0.2725984,0.3593006,-1
0.27738398,0.4207395,0.3018766,0
0.29793075,0.38920975,0.31285954,0
0.35318193,0.3134021,0.33341604,-1
0.29087076,0.44654042,0.26258883,0
0.28441033,0.41022658,0.30536306,0
0.37296158,0.26781628,0.3592221,-1
0.2837938,0.407336,0.3088702,0
0.33212203,0.33394182,0.33393615,0
0.3221078,0.37402198,0.30387026,0
0.31238294,0.39740765,0.2902094,0
0.24463737,0.47707313,0.2782894,0
0.29351348,0.4423083,0.26417822,0
0.33330148,0.34443215,0.3222663,0
0.26432872,0.44283053,0.29284078,0
0.31320366,0.3656909,0.32110542,0
0.33324116,0.3278616,0.33889726,1
0.30666533,0.37621328,0.31712142,0
0.30058753,0.42988107,0.26953137,0
0.3055237,0.42828545,0.2661909,0
0.28282645,0.41241845,0.304755,0
0.29249465,0.39744794,0.31005743,0
0.33470267,0.34933496,0.3159624,0
0.32892483,0.33952492,0.3315503,0
0.34328386,0.32364267,0.33307356,-1
0.36190242,0.28373522,0.35436234,-1
0.32069382,0.38306022,0.29624596,0
0.3200904,0.35124972,0.32865986,0
0.30609474,0.35924128,0.334664,0
0.35727757,0.2741219,0.36860055,1
0.3362272,0.36887887,0.29489398,0
0.34352502,0.30098853,0.35548648,1
0.3061522,0.41223267,0.28161514,0
0.33472022,0.37430996,0.29096985,0
0.19234353,0.56839186,0.23926458,0
0.33555377,0.34819418,0.31625205,0
0.34111482,0.33376536,0.32511988,-1
0.29815686,0.38858333,0.31325987,0
0.28618595,0.40929323,0.30452085,0
0.30803743,0.4265127,0.26544985,0
0.33031008,0.34874293,0.32094702,0
0.30368304,0.3863059,0.3100111,0
0.29437405,0.37946835,0.3261576,0
0.3159771,0.371122,0.31290087,0
0.2937961,0.4363203,0.26988354,0
0.24840565,0.4599657,0.29162872,0
0.3013272,0.39107347,0.3075993,0
0.34710786,0.31159708,0.34129506,-1
0.3212007,0.3615629,0.31723633,0
0.36613774,0.28071037,0.3531519,-1
0.34984422,0.31677246,0.33338326,-1
0.3687354,0.27307853,0.3581861,-1
0.37978178,0.26864228,0.35157594,-1
0.36154965,0.2743998,0.36405057,1
0.2860284,0.39603645,0.3179351,0
0.36898214,0.27643895,0.35457897,-1
0.31845602,0.3520068,0.3295371,0
0.349959,0.28726962,0.36277142,1
0.33809912,0.3412801,0.32062078,0
0.38934204,0.23102582,0.3796321,-1
0.2913656,0.39403874,0.31459567,0
0.3074987,0.36038736,0.33211398,0
0.25810185,0.44833988,0.29355824,0
0.26163194,0.4454196,0.29294845,0
0.31382924,0.398782,0.28738874,0
0.3214089,0.3466734,0.3319177,0
0.30012426,0.40777928,0.29209647,0
0.31772065,0.3946223,0.287657,0
0.30878943,0.37012702,0.32108352,0
0.28944767,0.448953,0.26159936,0
0.25648743,0.45098662,0.29252598,0
0.2605064,0.448538,0.29095554,0
0.2955712,0.4535815,0.25084734,0
0.3724243,0.27071837,0.3568573,-1
0.37612382,0.26778713,0.35608914,-1
0.34165817,0.31795922,0.34038264,-1
0.3604406,0.29056305,0.34899628,-1
0.3589078,0.30402416,0.33706802,-1
0.37072188,0.25175568,0.37752244,1
0.36479834,0.2856802,0.34952146,-1
0.2742233,0.42673364,0.29904297,0
0.29009882,0.39600295,0.3138982,0
0.3252023,0.3410672,0.33373052,0
0.31970537,0.34091485,0.33937973,0
0.30603904,0.430958,0.2630029,0
0.33933815,0.34406036,0.31660149,0
0.27446175,0.42605457,0.2994837,0
0.29961833,0.37899587,0.32138586,0
0.3523504,0.34960738,0.29804215,-1
0.30080318,0.38065508,0.3185417,0
0.3373794,0.33249488,0.33012575,-1
0.34199926,0.34487063,0.31313014,0
0.29264745,0.3965553,0.31079724,0
0.29657966,0.43287364,0.27054664,0
0.36570132,0.26763108,0.36666763,1
0.37127104,0.2610958,0.3676331,-1
0.37599137,0.26782432,0.35618427,-1
0.37281728,0.26783568,0.35934702,-1
0.3606889,0.26602352,0.37328753,1
0.37914363,0.2470358,0.3738206,-1
0.3641064,0.2722791,0.36361447,-1
0.37111917,0.2825898,0.34629104,-1
0.34192172,0.29781824,0.36026004,1
0.32128778,0.33725423,0.34145802,1
0.35351267,0.28501734,0.36146998,1
0.38645184,0.23445015,0.37909803,-1
0.22253415,0.4916232,0.28584257,0
0.40087503,0.20557605,0.39354888,-1
0.37926713,0.2884835,0.33224943,-1
0.38647726,0.23345482,0.38006794,-1
0.37082115,0.29442933,0.33474955,-1
0.3722609,0.2540865,0.37365264,1
0.20173414,0.5521375,0.24612847,0
0.29962763,0.37599817,0.32437423,0
0.2653359,0.44428325,0.29038092,0
0.32737052,0.348485,0.3241445,0
0.36177042,0.3214091,0.31682044,-1
0.31100747,0.36762133,0.3213712,0
0.33306286,0.3646832,0.30225393,0
0.37208655,0.27221757,0.35569593,-1
0.36857843,0.27656284,0.35485873,-1
0.37284175,0.2658691,0.36128923,-1
0.3331986,0.3457247,0.3210767,0
0.26100767,0.44680327,0.29218906,0
0.29221562,0.39688465,0.31089976,0
0.31320873,0.41158113,0.2752101,0
0.37674978,0.25620767,0.36704254,-1
0.37316862,0.27979514,0.3470362,-1
0.35501626,0.29941595,0.34556782,-1
0.30710348,0.37419516,0.3187014,0
0.275268,0.42067966,0.3040524,0
0.37012377,0.25423163,0.37564462,1
0.026089357,0.9018647,0.072045915,0
0.61652285,0.026736537,0.35674068,-1
0.45326495,0.24786647,0.2988686,-1
0.3033183,0.37845853,0.3182232,0
0.3151912,0.34047523,0.34433353,1
0.3605047,0.31263483,0.32686046,-1
0.30709818,0.37500456,0.3178973,0
0.29140154,0.39758685,0.3110116,0
0.35511115,0.36290687,0.28198203,0
0.32349828,0.3144867,0.362015,1
0.32800034,0.35113668,0.32086298,0
0.28853133,0.39454773,0.3169209,0
0.28157064,0.4148024,0.30362695,0
0.3195484,0.36063847,0.3198132,0
0.3079347,0.3582952,0.33377004,0
0.29416984,0.38687852,0.31895173,0
0.33355898,0.36576143,0.3006796,0
0.32996956,0.3414408,0.32858962,0
0.3180265,0.3703597,0.31161377,0
0.31487718,0.3509341,0.3341887,0
0.33471522,0.35845733,0.30682752,0
0.30744532,0.36939916,0.3231555,0
0.30788064,0.41274834,0.27937102,0
0.36308035,0.2770574,0.35986218,-1
0.30808264,0.36928648,0.32263094,0
0.29819238,0.37839922,0.32340837,0
0.31500745,0.36369163,0.3213009,0
0.31860438,0.34897527,0.33242038,0
0.334168,0.38519865,0.28063336,0
0.29142153,0.38769048,0.32088798,0
0.35362694,0.31675538,0.32961768,-1
0.34649447,0.30428746,0.349218,1
0.29063913,0.40036693,0.30899397,0
0.36424923,0.28322956,0.35252124,-1
0.33231044,0.31788436,0.34980524,1
0.35112542,0.3225034,0.3263712,-1
0.32247868,0.3492108,0.3283105,0
0.3735283,0.25017476,0.3762969,1
0.37515432,0.2551122,0.36973345,-1
0.37302232,0.26303086,0.36394677,-1
0.37104502,0.2596068,0.36934817,-1
0.3766656,0.25297302,0.37036136,-1
0.32053992,0.3343825,0.34507757,1
0.3542525,0.3059094,0.3398381,-1
0.3059229,0.36255,0.33152705,0
0.3405015,0.3340742,0.32542437,-1
0.32168114,0.3439906,0.3343283,0
0.3527897,0.30088404,0.34632626,-1
0.3421708,0.34651986,0.31130937,0
0.32910982,0.3212536,0.34963658,1
0.33548945,0.3139044,0.3506062,1
0.30710274,0.4097703,0.28312695,0
0.34138265,0.32993495,0.32868242,-1
0.22962178,0.48974803,0.28063008,0
0.27961242,0.40617725,0.31421033,0
0.29400176,0.4420815,0.26391673,0
0.32852292,0.37567776,0.29579926,0
0.2602767,0.44979873,0.28992462,0
0.32958412,0.34318084,0.3272351,0
0.33638027,0.3196188,0.34400094,1
0.31994668,0.35303533,0.327018,0
0.3331096,0.33224183,0.33464858,1
0.33796585,0.33653972,0.32549447,-1
0.36777455,0.2786574,0.35356802,-1
0.37784702,0.27083322,0.35131973,-1
0.37272665,0.2734819,0.3537915,-1
0.25292015,0.45316413,0.29391575,0
0.3763306,0.25236884,0.37130055,-1
0.22135882,0.48911488,0.28952634,0
0.30671245,0.3579414,0.33534613,0
0.37429848,0.2814333,0.34426814,-1
0.29150715,0.39332163,0.3151712,0
0.3040216,0.3743388,0.32163957,0
0.24573153,0.5268823,0.22738618,0
0.25876877,0.46910915,0.27212203,0
0.1956492,0.5649589,0.23939188,0
0.27904648,0.41888693,0.30206665,0
0.33702305,0.32422334,0.3387536,1
0.32605976,0.36452582,0.30941448,0
0.304011,0.4149436,0.28104544,0
0.37372804,0.2692326,0.3570394,-1
0.35830054,0.29336455,0.34833494,-1
0.3548533,0.3025257,0.34262097,-1
0.3443407,0.30914384,0.34651542,1
0.37314904,0.24740106,0.37944984,1
0.35047725,0.3278345,0.3216882,-1
0.37543213,0.26682976,0.35773817,-1
0.32274574,0.34718782,0.33006647,0
0.38640583,0.2319101,0.38168406,-1
0.33431458,0.31710297,0.34858242,1
0.37219277,0.26176682,0.3660404,-1
0.33560613,0.3167682,0.3476256,1
0.3310474,0.3484853,0.32046735,0
0.3799308,0.2669644,0.35310483,-1
0.38243032,0.23970602,0.37786368,-1
0.3730778,0.25582173,0.37110052,-1
0.35838217,0.26143816,0.38017973,1
0.36373496,0.28011712,0.3561479,-1
0.36356047,0.3160186,0.32042092,-1
0.2620116,0.44415236,0.29383594,0
0.27515808,0.42378214,0.30105987,0
0.34493357,0.36772603,0.2873404,0
0.27265933,0.43074867,0.296592,0
0.30688745,0.40696973,0.28614277,0
0.30627707,0.4248018,0.26892108,0
0.33513457,0.35290277,0.3119627,0
0.33344176,0.3312909,0.33526736,1
0.31646135,0.3497499,0.33378872,0
0.33911848,0.321897,0.33898464,-1
0.3576805,0.31542504,0.32689446,-1
0.3361461,0.3076826,0.35617134,1
0.37543905,0.2669119,0.35764903,-1
0.2737948,0.4274335,0.29877168,0
0.3412179,0.3519542,0.3068279,0
0.28813958,0.39700952,0.31485084,0
0.30802444,0.3582223,0.3337533,0
0.3288311,0.33278915,0.3383797,1
0.37713033,0.32393578,0.29893392,-1
0.32402277,0.35959867,0.31637853,0
0.31897637,0.34896293,0.33206075,0
0.37249655,0.30335784,0.32414562,-1
0.24679792,0.44885746,0.30434462,0
0.3893918,0.22144407,0.3891641,-1
0.30520853,0.36257493,0.3322164,0
0.35033134,0.30972868,0.33994,-1
0.31707838,0.35857528,0.32434627,0
0.2943693,0.3931723,0.3124583,0
0.31008896,0.4164358,0.2734752,0
0.33524755,0.32513043,0.33962208,1
0.31031102,0.410348,0.27934098,0
0.28400433,0.41180727,0.30418843,0
0.2978911,0.3942227,0.3078862,0
0.33727047,0.315763,0.34696656,1
0.32627195,0.34260023,0.33112785,0
0.35860196,0.2887649,0.35263315,-1
0.36901787,0.2767367,0.35424545,-1
0.34621987,0.3139895,0.3397907,-1
0.33635482,0.33722624,0.32641894,0
0.29740152,0.37549412,0.32710442,0
0.3195897,0.35996675,0.32044345,0
0.35257277,0.3194959,0.32793137,-1
0.24049446,0.47925565,0.28024992,0
0.375752,0.27075526,0.35349274,-1
0.2780779,0.4199055,0.3020166,0
0.3175911,0.3462121,0.33619687,0
0.33870417,0.34255126,0.31874463,0
0.30485314,0.41231006,0.28283682,0
0.3474004,0.35356027,0.29903933,0
0.33764622,0.3155709,0.34678295,1
0.35232374,0.29038227,0.357294,1
0.32134396,0.39232668,0.28632945,0
0.30342948,0.38007033,0.31650025,0
0.3177486,0.35399014,0.3282612,0
0.34531996,0.336677,0.3180029,-1
0.3306168,0.34546724,0.323916,0
0.37499064,0.2685694,0.35643992,-1
0.25632325,0.45449734,0.2891794,0
0.358245,0.25616032,0.38559473,1
0.36435536,0.29573098,0.33991367,-1
0.3370554,0.35556322,0.30738136,0
0.37343633,0.2693335,0.3572301,-1
0.36427218,0.2714013,0.36432645,1
0.37330952,0.27318114,0.3535093,-1
0.34016562,0.32997933,0.32985505,-1
0.3735652,0.28559712,0.34083772,-1
0.29237226,0.39202526,0.31560257,0
0.32305944,0.3292,0.34774062,1
0.28784335,0.40453193,0.30762473,0
0.31765944,0.34716418,0.33517638,0
0.27182028,0.4318614,0.29631832,0
0.38372797,0.35331666,0.26295543,-1
0.16818126,0.5871641,0.24465461,0
0.3680984,0.24554768,0.38635388,1
0.24500002,0.46982443,0.28517553,0
0.3272036,0.4218621,0.25093427,0
0.3162226,0.37342802,0.31034932,0
0.27570117,0.4525258,0.27177304,0
0.25171044,0.46039653,0.2878931,0
0.2909779,0.39983332,0.30918878,0
0.2655733,0.44122505,0.29320168,0
0.30942532,0.42498064,0.2655941,0
0.3114806,0.39221132,0.296308,0
0.26954418,0.4345385,0.29591736,0
0.2945808,0.40461135,0.3008079,0
0.34993854,0.30557135,0.34449014,-1
0.3416976,0.32051787,0.33778453,-1
0.31378114,0.36254516,0.32367367,0
0.3296294,0.3285258,0.34184483,1
0.37752026,0.26243892,0.3600408,-1
0.3746601,0.26768833,0.35765165,-1
0.31292433,0.34940892,0.33766672,0
0.3744903,0.26225007,0.36325964,-1
0.31365767,0.35342348,0.33291885,0
0.29276106,0.43893307,0.26830587,0
0.33021805,0.33096108,0.33882087,1
0.30484882,0.36449718,0.33065405,0
0.31165558,0.36333025,0.32501417,0
0.3738339,0.26910067,0.35706544,-1
0.32154968,0.33610982,0.3423406,1
0.29119816,0.39472148,0.31408042,0
0.33465365,0.34623158,0.31911483,0
0.34359148,0.32176456,0.33464396,-1
0.30224353,0.37084866,0.32690778,0
0.31733006,0.3492981,0.33337185,0
0.29892614,0.37545788,0.32561597,0
0.3550639,0.2960366,0.34889948,-1
0.37535977,0.2792859,0.34535432,-1
0.24519661,0.47347102,0.28133234,0
0.37391767,0.26908416,0.35699815,-1
0.31941783,0.35570693,0.32487527,0
0.3718728,0.25755376,0.37057343,-1
0.337267,0.35839185,0.30434117,0
0.33586746,0.30663136,0.35750112,1
0.35464013,0.31792414,0.32743576,-1
0.35424688,0.291105,0.35464817,1
0.29827234,0.38646957,0.3152581,0
0.37686995,0.25067833,0.3724517,-1
0.31129295,0.3693444,0.3193626,0
0.3587077,0.27637637,0.36491597,1
0.3371542,0.33177435,0.33107138,-1
0.36923686,0.3272439,0.30351922,-1
0.29324973,0.3962465,0.31050378,0
0.27847153,0.41207114,0.30945733,0
0.36346185,0.29988045,0.33665773,-1
0.31600645,0.36072347,0.32327017,0
0.3305068,0.35795298,0.31154028,0
0.34105393,0.32051253,0.33843353,-1
0.2773722,0.41909164,0.30353615,0
0.3386997,0.3356976,0.32560268,-1
0.30337518,0.3698448,0.32678005,0
0.30584034,0.35926297,0.33489668,0
0.3432154,0.31335887,0.3434257,1
0.37430364,0.2610188,0.36467758,-1
0.34078065,0.34462246,0.3145969,0
0.37576035,0.27857807,0.34566152,-1
0.27681735,0.41187334,0.31130925,0
0.32467458,0.3404868,0.33483863,0
0.35945144,0.30659223,0.33395633,-1
0.37267265,0.2570326,0.37029472,-1
0.32129002,0.35081977,0.32789022,0
0.3238416,0.33677065,0.3393877,1
0.3041806,0.379016,0.3168034,0
0.34484968,0.3428903,0.31225997,-1
0.29121903,0.38262627,0.32615468,0
0.33316916,0.35165933,0.31517148,0
0.31648436,0.3595993,0.32391632,0
0.3284375,0.38318872,0.2883738,0
0.27084124,0.42449015,0.30466864,0
0.3257573,0.36084777,0.31339496,0
0.31837112,0.34912598,0.33250287,0
0.3130739,0.3620681,0.32485795,0
0.29802048,0.394688,0.30729157,0
0.34887815,0.2996621,0.35145974,1
0.3703684,0.28001308,0.3496185,-1
0.35976627,0.29984072,0.34039304,-1
0.27388075,0.4208093,0.3053099,0
0.30695987,0.3637198,0.3293203,0
0.33693883,0.31759754,0.3454637,1
0.3451986,0.30511868,0.34968275,1
0.30286688,0.41652924,0.28060386,0
0.33975163,0.34871614,0.31153223,0
0.3374368,0.3252394,0.3373238,-1
0.29527974,0.38685074,0.31786948,0
0.30374292,0.37197283,0.32428417,0
0.32893488,0.3837074,0.28735778,0
0.32940114,0.38472527,0.2858736,0
0.21900342,0.5222809,0.25871575,0
0.2925335,0.4648765,0.24259007,0
0.3094476,0.4096184,0.28093407,0
0.28123227,0.415349,0.30341864,0
0.31456083,0.36258927,0.32284993,0
0.34367818,0.3160277,0.3402942,-1
0.2802568,0.4169265,0.3028167,0
0.30799893,0.37289426,0.31910688,0
0.31110543,0.35551053,0.33338407,0
0.33672205,0.33005962,0.33321834,-1
0.36774752,0.29635456,0.33589792,-1
0.35808158,0.2819712,0.35994723,1
0.27726716,0.41118768,0.31154516,0
0.36985424,0.3084436,0.32170215,-1
0.3385887,0.31156394,0.34984738,1
0.3358175,0.30919638,0.35498607,1
0.3598244,0.3115807,0.32859495,-1
0.31814063,0.3515444,0.330315,0
0.28566277,0.40566608,0.30867115,0
0.30238518,0.3755071,0.32210773,0
0.33059606,0.37155223,0.29785177,0
0.2690518,0.43044394,0.30050424,0
0.2802359,0.41550246,0.30426165,0
0.30865923,0.3697639,0.32157692,0
0.34223887,0.3445017,0.31325948,0
0.32210428,0.3945603,0.28333533,0
0.32875612,0.36955404,0.30168974,0
0.24750626,0.4664792,0.28601456,0
0.3454031,0.3285716,0.32602537,-1
0.36211658,0.28742218,0.35046124,-1
0.3063304,0.409225,0.28444457,0
0.3395162,0.32483757,0.3356462,-1
0.27888355,0.41687354,0.30424285,0
0.34545988,0.33465523,0.31988493,-1
0.3628743,0.28219274,0.354933,-1
0.29896456,0.36939397,0.33164144,0
0.3417494,0.31863987,0.3396107,-1
0.31947842,0.35451734,0.32600424,0
0.31117946,0.3671164,0.32170412,0
0.29768828,0.38534367,0.31696802,0
0.34971303,0.29207218,0.35821483,1
0.27311888,0.4239703,0.30291077,0
0.30756447,0.36933956,0.32309598,0
0.3341491,0.32572186,0.34012905,1
0.35586992,0.29026338,0.35386664,-1
0.27845576,0.41785243,0.3036919,0
0.30660757,0.41017464,0.2832178,0
0.31206766,0.38911846,0.2988139,0
0.3394093,0.3278438,0.3327469,-1
0.33208674,0.34027115,0.32764214,0
0.18333615,0.5869376,0.22972625,0
0.26718068,0.44776842,0.2850509,0
0.33211872,0.32897145,0.3389099,1
0.2839023,0.48332122,0.23277655,0
0.28112823,0.41954377,0.299328,0
0.2995029,0.39780533,0.30269176,0
0.3451246,0.30665696,0.34821844,1
0.3285462,0.38936144,0.28209233,0
0.28323933,0.40813434,0.3086263,0
0.2589746,0.4524161,0.28860924,0
0.28407422,0.431649,0.28427672,0
0.38259014,0.2874683,0.3299416,-1
0.27054322,0.42196724,0.3074896,0
0.34836957,0.32268286,0.32894757,-1
0.317703,0.35828614,0.32401088,0
0.35092315,0.3261731,0.32290378,-1
0.3563073,0.31502247,0.32867026,-1
0.32363757,0.3741313,0.30223116,0
0.25072753,0.4665423,0.28273022,0
0.3211933,0.38743487,0.29137185,0
0.35989204,0.27922294,0.36088496,1
0.338815,0.31748083,0.34370413,1
0.28678828,0.40807086,0.30514094,0
0.3416641,0.36374387,0.29459202,0
0.3316559,0.3343209,0.3340232,0
0.26025,0.44982094,0.28992906,0
0.2708269,0.4179848,0.3111883,0
0.30532834,0.3784119,0.31625977,0
0.31740275,0.35872576,0.32387155,0
0.3528956,0.3190851,0.32801935,-1
0.33825785,0.322461,0.3392812,1
0.3214805,0.3503569,0.32816255,0
0.35608524,0.3359342,0.3079805,-1
0.28724214,0.3961827,0.31657517,0
0.30554825,0.3631627,0.33128902,0
0.356046,0.3250845,0.31886953,-1
0.33683527,0.32513395,0.33803082,1
0.33241707,0.3459098,0.32167315,0
0.3745429,0.26851708,0.35694003,-1
0.3601169,0.28257227,0.3573108,-1
0.33802283,0.31478497,0.34719223,1
0.32440326,0.3572009,0.31839582,0
0.3460236,0.32849517,0.32548136,-1
0.28661054,0.39998513,0.31340432,0
0.31743106,0.34900796,0.33356097,0
0.2883011,0.4773675,0.2343314,0
0.29861522,0.39683232,0.3045525,0
0.30341178,0.38387468,0.3127135,0
0.3068514,0.3634707,0.3296779,0
0.22952512,0.5033703,0.26710466,0
0.31487116,0.36634636,0.31878248,0
0.3322702,0.32916653,0.33856326,1
0.2928241,0.44228345,0.26489246,0
0.2824903,0.41621527,0.30129445,0
0.27037904,0.45195624,0.27766475,0
0.33280352,0.33296683,0.33422968,1
0.34226343,0.32195356,0.33578295,-1
0.37343636,0.26933348,0.35723013,-1
0.37583488,0.26993227,0.35423288,-1
0.370903,0.27413023,0.35496682,-1
0.37300965,0.30183333,0.32515705,-1
0.37171853,0.2522654,0.37601608,1
0.37860554,0.26289284,0.3585016,-1
0.33875766,0.30865437,0.3525879,1
0.32934743,0.3245404,0.3461122,1
0.37930533,0.2473303,0.3733644,-1
0.3654981,0.2879125,0.34658942,-1
0.382836,0.26396486,0.35319912,-1
0.3722723,0.25795096,0.36977667,-1
0.38026458,0.24175268,0.37798268,-1
0.36080456,0.29038605,0.34880933,-1
0.35335618,0.33815488,0.30848888,-1
0.33857402,0.3102976,0.35112834,1
0.27714646,0.4161295,0.306724,0
0.33740354,0.31266874,0.34992772,1
0.33574829,0.35869482,0.30555686,0
0.29971087,0.37690273,0.32338643,0
0.31745982,0.35836077,0.3241794,0
0.3736756,0.26122257,0.3651018,-1
0.36586964,0.291673,0.3424573,-1
0.37403956,0.26912475,0.3568357,-1
0.3705257,0.26261613,0.36685815,-1
0.3790878,0.23931064,0.38160163,1
0.30129084,0.38211066,0.3165985,0
0.3529285,0.30786002,0.33921152,-1
0.34725782,0.3153072,0.33743495,-1
0.38070065,0.24125314,0.3780462,-1
0.37619898,0.26871952,0.35508153,-1
0.34182423,0.33487254,0.32330328,-1
0.35800403,0.29308167,0.3489143,-1
0.38603276,0.23300745,0.38095972,-1
0.21507418,0.5128527,0.2720731,0
0.4091276,0.19445556,0.39641684,-1
0.3760739,0.2566588,0.3672673,-1
0.35766628,0.30397722,0.33835647,-1
0.23896268,0.48620114,0.27483615,0
0.30362332,0.40721846,0.28915823,0
0.3809379,0.2408889,0.3781732,-1
0.3753846,0.2662639,0.35835147,-1
0.37343636,0.2693335,0.35723013,-1
0.37229916,0.27072313,0.35697773,-1
0.33915532,0.30483037,0.35601428,1
0.37254396,0.2581579,0.3692982,-1
0.36928594,0.2524661,0.37824795,1
0.37847707,0.25510538,0.36641753,-1
0.3763387,0.25287223,0.3707891,-1
0.38580078,0.23330197,0.38089734,-1
0.386954,0.23075484,0.38229117,-1
0.38401493,0.28782716,0.32815787,-1
0.38080415,0.2347956,0.38440025,1
0.36526006,0.2613568,0.3733832,1
0.38269424,0.24058193,0.37672383,-1
0.37580618,0.26345038,0.36074343,-1
0.38710186,0.23183256,0.3810656,-1
0.382717,0.23775962,0.37952337,-1
0.37541637,0.28552008,0.3390636,-1
0.2601177,0.48434424,0.25553805,0
0.2799537,0.40885824,0.31118807,0
0.38471714,0.23245619,0.38282666,-1
0.35820732,0.28677127,0.35502142,-1
0.36923406,0.26435417,0.36641178,-1
0.34129727,0.32277957,0.33592317,-1
0.3455733,0.29033354,0.36409318,1
0.3292875,0.32912007,0.34159243,1
0.39402857,0.25456712,0.35140434,-1
0.36970988,0.25933748,0.37095264,1
0.3264306,0.3281268,0.34544262,1
0.3235001,0.3444167,0.33208314,0
0.38778946,0.23388155,0.37832898,-1
0.30709675,0.36980617,0.32309705,0
0.35468495,0.27526575,0.37004924,1
0.37257865,0.27011326,0.35730812,-1
0.38277334,0.2407074,0.3765193,-1
0.3744883,0.26875284,0.35675892,-1
0.35561827,0.27771473,0.36666706,1
0.3774321,0.24616733,0.3764006,-1
0.37435415,0.24910375,0.37654206,1
0.37535164,0.2487101,0.37593827,1
0.34346345,0.34012136,0.31641516,-1
0.30113378,0.3737812,0.325085,0
0.33584782,0.30898264,0.35516953,1
0.3510927,0.32141328,0.327494,-1
0.37095076,0.29451934,0.33452982,-1
0.24841419,0.47053248,0.2810533,0
0.37604502,0.25304192,0.37091297,-1
0.33779475,0.30494234,0.35726294,1
0.37592897,0.26475167,0.35931933,-1
0.36431307,0.2817097,0.3539772,-1
0.32004187,0.33593547,0.3440227,1
0.32591984,0.3424594,0.33162078,0
0.3803668,0.2410993,0.3785339,-1
0.33491495,0.30613488,0.3589502,1
0.34537265,0.30548394,0.3491434,1
0.33457714,0.32352865,0.34189424,1
0.37920576,0.3065378,0.31425643,-1
0.32529587,0.34368888,0.33101523,0
0.40301105,0.19302714,0.4039618,1
0.3165305,0.34351125,0.33995822,0
0.37400237,0.26806328,0.35793436,-1
0.3649047,0.28569755,0.34939775,-1
0.34111544,0.31127253,0.34761202,1
0.3683979,0.27543738,0.35616466,-1
0.34501198,0.29947376,0.35551426,1
0.33518726,0.32841465,0.3363981,1
0.29216325,0.44294623,0.26489055,0
0.30402088,0.4183798,0.27759933,0
0.28591788,0.39996034,0.31412184,0
0.30621392,0.3642859,0.32950023,0
0.33535782,0.34795573,0.31668642,0
0.34739193,0.31025678,0.34235132,-1
0.328268,0.33957675,0.33215532,0
0.2953833,0.383094,0.32152274,0
0.31546378,0.36792803,0.31660822,0
0.33051145,0.33339757,0.33609095,1
0.35889614,0.32628533,0.3148185,-1
0.28154472,0.4075904,0.31086487,0
0.37402266,0.2691306,0.35684672,-1
0.28783593,0.3963109,0.31585315,0
0.35172144,0.302099,0.34617957,-1
0.32270417,0.3462447,0.33105114,0
0.35448122,0.3337568,0.31176198,-1
0.37343636,0.2693335,0.35723013,-1
0.11812628,0.6877053,0.19416848,0
0.5207705,0.07109146,0.40813807,-1
0.20819618,0.5406936,0.25111032,0
0.32625467,0.35369498,0.32005036,0
0.32733366,0.3178852,0.35478118,1
0.38017306,0.27853733,0.34128958,-1
0.29872775,0.38987273,0.31139952,0
0.35020164,0.3048786,0.3449198,-1
0.33260652,0.36299497,0.30439857,0
0.31944594,0.33538318,0.34517086,1
0.3693943,0.2767247,0.35388097,-1
0.27848855,0.41979185,0.3017197,0
0.35377416,0.31357136,0.3326545,-1
0.34696272,0.33698046,0.3160568,-1
0.31788662,0.340343,0.34177035,1
0.28838837,0.4350107,0.27660093,0
0.3826421,0.24454212,0.37281582,-1
0.3168119,0.3552656,0.32792246,0
0.28548878,0.40140605,0.31310517,0
0.33045417,0.35988933,0.3096565,0
0.2903667,0.42413813,0.28549513,0
0.27867985,0.41940814,0.30191204,0
0.3519988,0.31859237,0.3294088,-1
0.27918142,0.41818443,0.30263412,0
0.36895087,0.30555555,0.32549357,-1
0.3586718,0.33370107,0.30762708,-1
0.37373325,0.26923078,0.35703596,-1
0.3108293,0.39858127,0.29058945,0
0.3854866,0.27130595,0.34320742,-1
0.31037024,0.36889094,0.32073885,0
0.32612848,0.33874694,0.33512458,0
0.28487295,0.40296802,0.31215906,0
0.31312323,0.36345047,0.32342628,0
0.3006331,0.3817698,0.31759706,0
0.35632947,0.31076798,0.33290255,-1
0.3754923,0.27642146,0.34808627,-1
0.37429938,0.26886228,0.35683838,-1
0.37183338,0.27303237,0.3551343,-1
0.32489672,0.3360838,0.33901942,1
0.31643122,0.38886368,0.2947051,0
0.37625122,0.28171805,0.34203073,-1
0.31149316,0.35318342,0.3353234,0
0.3744919,0.26195326,0.36355478,-1
0.3709191,0.27504364,0.35403723,-1
0.3779917,0.2511346,0.3708737,-1
0.3767417,0.26825452,0.35500368,-1
0.30744472,0.359902,0.33265325,0
0.38007313,0.2670069,0.35291994,-1
0.33245143,0.31368563,0.35386288,1
0.37668672,0.24494353,0.37836972,1
0.375236,0.2683214,0.35644263,-1
0.38837513,0.2484778,0.36314702,-1
0.37556455,0.25550002,0.36893544,-1
0.38713652,0.23193395,0.38092956,-1
0.29854482,0.376965,0.32449016,0
0.38091612,0.24352768,0.37555617,-1
0.37991118,0.23711714,0.38297173,1
0.3844141,0.23623341,0.37935248,-1
0.36476314,0.2829968,0.3522401,-1
0.298776,0.3779934,0.32323062,0
0.3870885,0.23183975,0.38107178,-1
0.3458715,0.30397058,0.35015783,1
0.35078827,0.32978067,0.31943107,-1
0.31063154,0.36610574,0.32326272,0
0.3920542,0.2633026,0.34464324,-1
0.3713548,0.26519322,0.36345202,-1
0.3758848,0.26432455,0.3597907,-1
0.37182584,0.26363215,0.36454207,-1
0.37794718,0.25194782,0.370105,-1
0.37962964,0.24457169,0.37579873,-1
0.38122472,0.24015597,0.37861934,-1
0.37609643,0.2454664,0.3784372,1
0.3799321,0.23364927,0.38641858,1
0.38710186,0.23183256,0.3810656,-1
0.38710186,0.23183256,0.3810656,-1
0.38415048,0.23817146,0.37767804,-1
0.32878172,0.31835917,0.3528591,1
0.35178012,0.28113708,0.36708283,1
0.36518732,0.2628136,0.37199903,1
0.38169897,0.280851,0.33745003,-1
0.37633297,0.26332194,0.36034504,-1
0.38002685,0.24301907,0.37695402,-1
0.3704896,0.25641638,0.373094,1
0.3483882,0.32107332,0.33053848,-1
0.3388455,0.3014198,0.35973465,1
0.27382123,0.421302,0.30487674,0
0.36411145,0.32810318,0.30778536,-1
0.3706301,0.27256846,0.35680142,-1
0.3247456,0.33202982,0.34322456,1
0.3748849,0.26924196,0.3558732,-1
0.34175178,0.31280804,0.3454401,1
0.36811754,0.2651728,0.36670965,-1
0.3446603,0.33886537,0.31647435,-1
0.34387034,0.29386243,0.36226717,1
0.32741478,0.32823467,0.3443506,1
0.38520792,0.24100141,0.3737907,-1
0.33508798,0.3176989,0.3472131,1
0.30310416,0.3689994,0.3278964,0
0.3081085,0.3602004,0.33169103,0
0.37374967,0.2544382,0.37181208,-1
0.36506182,0.289322,0.3456162,-1
0.3679176,0.27926132,0.35282105,-1
0.3563642,0.29238385,0.3512519,-1
0.38191023,0.2425187,0.37557104,-1
0.32771978,0.3301017,0.34217846,1
0.36842915,0.262365,0.36920577,1
0.34222898,0.30542186,0.3523492,1
0.37416282,0.28994006,0.335897,-1
0.3665819,0.27570117,0.35771695,-1
0.38375422,0.23809507,0.3781506,-1
0.22934715,0.48436746,0.28628543,0
0.37690526,0.24200863,0.3810861,1
0.31485102,0.34618273,0.33896622,0
0.36031193,0.3319509,0.3077372,-1
0.36632666,0.2772194,0.35645396,-1
0.37342343,0.26300347,0.36357307,-1
0.33181745,0.3260168,0.3421657,1
0.37761843,0.25696495,0.36541662,-1
0.36075386,0.28859472,0.35065147,-1
0.37234315,0.26342323,0.36423367,-1
0.37415296,0.25761163,0.36823538,-1
0.3071696,0.36528018,0.32755026,0
0.32757396,0.3247794,0.34764668,1
0.36401534,0.26254,0.37344465,1
0.35480466,0.31943396,0.32576132,-1
0.3573979,0.32021633,0.32238573,-1
0.37480274,0.2769385,0.34825873,-1
0.32732305,0.35449645,0.3181805,0
0.27895153,0.41892076,0.30212775,0
0.2505219,0.4668965,0.28258163,0
0.33523348,0.39407998,0.27068654,0
0.2703882,0.43312195,0.2964899,0
0.34153822,0.31882665,0.33963507,-1
0.34899512,0.302398,0.34860688,-1
0.35886392,0.3151207,0.32601538,-1
0.36487386,0.30556706,0.32955915,-1
0.31928992,0.3350552,0.34565488,1
0.36811015,0.26148623,0.37040362,1
0.37548292,0.29022387,0.33429325,-1
0.3724323,0.26760396,0.35996377,-1
0.3739424,0.26098198,0.3650756,-1
0.3805401,0.2727988,0.34666103,-1
0.34536505,0.30660084,0.3480341,1
0.37883082,0.24583006,0.3753391,-1
0.32354409,0.36288142,0.31357443,0
0.317525,0.34782785,0.3346472,0
0.36933288,0.304095,0.32657212,-1
0.3711776,0.2828867,0.3459357,-1
0.37391752,0.26916695,0.35691544,-1
0.37420502,0.26683068,0.35896426,-1
0.29712704,0.40861198,0.2942609,0
0.37876624,0.32923457,0.2919992,-1
0.37706894,0.26482925,0.35810181,-1
0.34532407,0.29153937,0.36313656,1
0.37314922,0.2672851,0.35956562,-1
0.24708712,0.47282693,0.28008586,0
0.2730745,0.42373252,0.30319297,0
0.34792143,0.2956099,0.35646862,1
0.27977332,0.4177092,0.30251747,0
0.3664756,0.3188827,0.31464162,-1
0.3701739,0.27486464,0.35496143,-1
0.36317885,0.27975178,0.35706934,-1
0.2420555,0.48156312,0.2763813,0
0.34112617,0.3503948,0.3084791,0
0.35290682,0.29172584,0.3553673,1
0.38004953,0.23662175,0.38332865,1
0.37343636,0.2693335,0.35723013,-1
0.3725741,0.2671172,0.3603087,-1
0.31588185,0.3752183,0.30889982,0
0.37598857,0.31700733,0.3070041,-1
0.30448616,0.38100505,0.31450883,0
0.2918786,0.39051193,0.3176095,0
0.3548166,0.31928432,0.32589906,-1
0.37343636,0.26933348,0.35723013,-1
0.31402484,0.36013278,0.32584238,0
0.37515524,0.26850036,0.3563443,-1
0.375573,0.28436127,0.34006572,-1
0.32813057,0.326884,0.34498543,1
0.33241692,0.32233852,0.34524453,1
0.3686265,0.30897844,0.322395,-1
0.3656463,0.30488232,0.32947138,-1
0.37472436,0.2594907,0.3657849,-1
0.346987,0.2994261,0.3535869,1
0.3150818,0.36109176,0.32382637,0
0.33394173,0.35529363,0.31076455,0
0.2827174,0.40463257,0.3126499,0
0.37080014,0.25528565,0.37391427,1
0.35930017,0.30619547,0.3345044,-1
0.3680302,0.2862276,0.3457422,-1
0.37519184,0.2684803,0.35632786,-1
0.30440554,0.36475304,0.33084142,0
0.3405185,0.32915387,0.3303276,-1
0.37322006,0.30857056,0.31820938,-1
0.37355125,0.24936539,0.37708333,1
0.34138677,0.31610504,0.3425082,1
0.37116084,0.29011714,0.33872205,-1
0.34908438,0.30603874,0.34487686,-1
0.38710186,0.23183256,0.3810656,-1
0.33310974,0.31297323,0.35391703,1
0.3621765,0.30819285,0.32963055,-1
0.37708083,0.2683575,0.35456172,-1
0.36109543,0.30915648,0.3297481,-1
0.3376922,0.3694372,0.29287055,0
0.33660594,0.31456292,0.3488311,1
0.3738637,0.25105444,0.37508184,1
0.34447363,0.31214976,0.3433766,-1
0.30151677,0.38313663,0.3153466,0
0.37577307,0.25348943,0.37073743,-1
0.37248328,0.27840304,0.34911364,-1
0.37568513,0.2544579,0.36985695,-1
0.37511623,0.26846316,0.35642064,-1
0.38379985,0.25294408,0.3632561,-1
0.37747395,0.2537026,0.36882347,-1
0.31655434,0.35494542,0.3285003,0
0.3744382,0.24747561,0.3780862,1
0.37989032,0.24497582,0.3751339,-1
0.36776385,0.30193275,0.3303034,-1
0.37509733,0.28126225,0.34364033,-1
0.054273937,0.8167975,0.12892862,0
0.57694656,0.0342923,0.3887612,-1
0.43383315,0.23817614,0.32799074,-1
0.35742375,0.38801906,0.2545572,0
0.2583575,0.39814243,0.3435001,0
0.38506514,0.21297994,0.40195498,1
0.3108366,0.36219823,0.32696512,0
0.37440327,0.2741895,0.35140723,-1
0.40275288,0.26663795,0.33060917,-1
0.31045058,0.32561913,0.36393034,1
0.37410256,0.26910293,0.35679448,-1
0.35505715,0.3189546,0.32598823,-1
0.36906362,0.26523334,0.36570308,-1
0.34326038,0.30911583,0.3476238,1
0.36246127,0.28623363,0.35130507,-1
0.37687665,0.25022647,0.37289694,-1
0.32189888,0.3467343,0.33136684,0
0.3736655,0.234029,0.3923055,1
0.38099784,0.24383244,0.37516963,-1
0.382582,0.23920882,0.3782092,-1
0.37449512,0.28500012,0.3405048,-1
0.37652388,0.23854084,0.38493535,1
0.32202426,0.33657005,0.3414057,1
0.3466464,0.28851336,0.36484027,1
0.31662416,0.3960075,0.2873684,0
0.38519007,0.24852027,0.3662896,-1
0.3559884,0.28907382,0.35493776,-1
0.3202134,0.37923738,0.30054924,0
0.3578099,0.29857758,0.34361246,-1
0.34076542,0.34068498,0.3185496,-1
0.36503708,0.313167,0.32179582,-1
0.25166234,0.46386525,0.28447247,0
0.38848588,0.28640288,0.32511127,-1
0.38918436,0.2713543,0.33946136,-1
0.37419027,0.27422634,0.35158342,-1
0.27975085,0.41774556,0.30250362,0
0.34785065,0.31872708,0.33342227,-1
0.36261907,0.280978,0.35640287,-1
0.32698947,0.32731494,0.34569564,1
0.3134321,0.3518781,0.3346897,0
0.3716636,0.26353168,0.36480474,-1
0.36738637,0.2894002,0.3432134,-1
0.36909026,0.2737212,0.35718858,-1
0.368946,0.26651472,0.36453927,-1
0.3797715,0.23913974,0.38108882,1
0.37184587,0.26488608,0.36326805,-1
0.37869266,0.24197406,0.3793333,1
0.35569543,0.27656227,0.36774224,1
0.3239338,0.32844767,0.34761852,1
0.37046525,0.25553235,0.37400243,1
0.34431913,0.2974726,0.35820827,1
0.38140777,0.2386008,0.37999138,-1
0.37275496,0.30144972,0.32579532,-1
0.35071057,0.2803242,0.3689652,1
0.36675292,0.2663364,0.36691067,1
0.2856562,0.44164553,0.27269825,0
0.37469986,0.27005023,0.3552499,-1
0.32280296,0.33223277,0.34496427,1
0.38258928,0.25875095,0.35865983,-1
0.34358072,0.3148941,0.34152517,-1
0.28728995,0.4005064,0.3122037,0
0.33753034,0.31883875,0.34363088,1
0.34484366,0.30164292,0.3535135,1
0.3729544,0.2681598,0.35888577,-1
0.37320384,0.2719971,0.35479906,-1
0.37312153,0.25503892,0.37183952,-1
0.36869276,0.26633295,0.36497435,-1
0.32276952,0.33040634,0.34682414,1
0.31775883,0.33817983,0.34406132,1
0.3800485,0.23757872,0.38237283,1
0.37942123,0.24224776,0.37833098,-1
0.37468198,0.26448843,0.36082953,-1
0.3389441,0.33505216,0.3260037,-1
0.31073797,0.35432282,0.33493918,0
0.38573217,0.23236994,0.38189784,-1
0.3386639,0.30381152,0.35752457,1
0.37534395,0.26685974,0.35779625,-1
0.34579095,0.3085214,0.34568763,-1
0.33382288,0.3115189,0.35465825,1
0.33957833,0.33461225,0.32580948,-1
0.35071608,0.33477056,0.31451333,-1
0.30656114,0.35893604,0.33450282,0
0.32057658,0.34035733,0.33906615,0
0.36251754,0.2773894,0.36009303,-1
0.34917352,0.30185136,0.34897515,-1
0.37212154,0.2719656,0.3559128,-1
0.34833366,0.29526904,0.35639727,1
0.37508893,0.25563186,0.3692792,-1
0.35180607,0.30337074,0.3448232,-1
0.36526826,0.26141942,0.37331235,1
0.34406596,0.29852608,0.3574079,1
0.37346756,0.25711927,0.36941314,-1
0.37652555,0.2531017,0.37037274,-1
0.38407582,0.2351823,0.38074186,-1
0.32053992,0.33805883,0.34140128,1
0.35040426,0.28602505,0.36357072,1
0.3371595,0.3417676,0.32107282,0
0.38523182,0.26606226,0.34870583,-1
0.3259174,0.3549848,0.31909782,0
0.34516817,0.29605263,0.3587792,1
0.34001556,0.3206454,0.33933905,-1
0.3429285,0.3519417,0.30512986,0
0.32439208,0.3373611,0.33824682,1
0.29605815,0.380028,0.32391387,0
0.31889445,0.3571525,0.323953,0
0.26767737,0.47108373,0.2612389,0
0.25457713,0.45162445,0.29379845,0
0.31847134,0.3504329,0.3310958,0
0.29646733,0.38975626,0.31377637,0
0.37288865,0.27021316,0.35689822,-1
0.3141982,0.36427066,0.32153124,0
0.3136299,0.34716296,0.33920717,0
0.35052654,0.3271563,0.32231712,-1
0.38689986,0.27184427,0.34125587,-1
0.3008269,0.36978835,0.3293847,0
0.37289947,0.26249686,0.3646036,-1
0.32472134,0.3366423,0.33863637,1
0.3363331,0.3115287,0.35213813,1
0.37258366,0.26698107,0.36043525,-1
0.35791633,0.27420613,0.36787757,1
0.34876788,0.2967554,0.35447672,1
0.29712403,0.3801969,0.3226791,0
0.3752135,0.24692436,0.3778621,1
0.2770919,0.40831414,0.31459394,0
0.37486184,0.2448805,0.38025767,1
0.19015256,0.5494349,0.2604126,0
0.32787243,0.31743318,0.3546944,1
0.26693124,0.4386111,0.29445767,0
0.29930052,0.38225812,0.3184413,0
0.36650893,0.28530136,0.3481897,-1
0.387006,0.2586841,0.35430983,-1
0.30423924,0.37842017,0.31734058,0
0.35490477,0.30044246,0.34465274,-1
0.34195414,0.31554008,0.34250572,1
0.32408547,0.344322,0.3315925,0
0.37077826,0.26363474,0.36558706,-1
0.2171549,0.49812853,0.28471667,0
0.42558157,0.18452697,0.38989148,-1
0.3747577,0.26622993,0.35901234,-1
0.37519026,0.24640186,0.3784078,1
0.33240545,0.329722,0.33787256,1
0.2883234,0.42861468,0.28306195,0
0.28742456,0.39601445,0.31656092,0
0.285513,0.4015188,0.31296816,0
0.3565969,0.2971751,0.346228,-1
0.36542997,0.29816017,0.3364098,-1
0.27666363,0.4225481,0.3007883,0
0.3760331,0.27669537,0.34727156,-1
0.35408005,0.3088532,0.33706674,-1
0.31220528,0.36599454,0.32180014,0
0.34624255,0.3231249,0.3306325,-1
0.34257278,0.31052944,0.34689775,1
0.29512823,0.39331934,0.31155244,0
0.29845774,0.38151184,0.32003048,0
0.37306646,0.29256395,0.33436963,-1
0.2946203,0.3905284,0.31485128,0
0.37450013,0.26896527,0.3565346,-1
0.33955368,0.3561283,0.30431804,0
0.34527665,0.32997596,0.32474744,-1
0.33601344,0.32679668,0.33718982,1
0.37623432,0.25144553,0.37232012,-1
0.3702661,0.26465034,0.36508355,-1
0.3463565,0.29931477,0.35432872,1
0.3429629,0.2956207,0.36141634,1
0.32597008,0.32476735,0.3492625,1
0.31613964,0.34914604,0.3347143,0
0.3232256,0.3742245,0.30254984,0
0.3096078,0.39408955,0.29630268,0
0.32126716,0.34073704,0.3379958,0
0.34999514,0.30127367,0.34873122,-1
0.37211996,0.26744628,0.36043376,-1
0.32200265,0.34414423,0.33385307,0
0.35868192,0.28143668,0.35988134,1
0.3245111,0.3452334,0.33025548,0
0.30773047,0.3690496,0.32321995,0
0.33187836,0.33075956,0.33736208,1
0.34934333,0.2879385,0.36271816,1
0.34735852,0.3041054,0.34853607,1
0.34954494,0.30493787,0.3455172,-1
0.3488774,0.31152403,0.33959854,-1
0.3430671,0.2989508,0.35798207,1
0.37223992,0.26147842,0.36628166,-1
0.3659489,0.26813564,0.3659155,-1
0.37443906,0.26429346,0.36126742,-1
0.35131153,0.28775406,0.36093435,1
0.3810084,0.23713507,0.38185647,1
0.37999725,0.24046327,0.37953952,-1
0.36823878,0.26749685,0.3642644,-1
0.3768286,0.24367885,0.37949252,1
0.38710186,0.23183256,0.3810656,-1
0.3496039,0.28614894,0.3642472,1
0.3626623,0.26661468,0.37072295,1
0.37110066,0.25082448,0.37807485,1
0.2932963,0.38778052,0.31892312,0
0.36868632,0.27139455,0.35991904,-1
0.37181163,0.25618896,0.37199947,1
0.38454062,0.23623042,0.379229,-1
0.3751491,0.26850396,0.35634694,-1
0.36125296,0.2765457,0.3622013,1
0.37258285,0.28127998,0.3461372,-1
0.36494264,0.27508208,0.35997525,-1
0.3761139,0.25097415,0.372912,-1
0.3774773,0.2517721,0.3707506,-1
0.35313067,0.3195673,0.32730198,-1
0.30777863,0.36883822,0.3233831,0
0.38885123,0.23492064,0.37622815,-1
0.38406065,0.23398623,0.38195318,-1
0.36312288,0.26939332,0.36748385,1
0.31389952,0.36197272,0.32412773,0
0.30339617,0.3744695,0.32213435,0
0.3150341,0.34614614,0.3388197,0
0.38205934,0.23974086,0.37819982,-1
0.37220365,0.26305136,0.36474502,-1
0.3739666,0.26915,0.35688338,-1
0.37470347,0.2668285,0.35846806,-1
0.3846413,0.23212948,0.3832292,-1
0.3762203,0.24572082,0.37805888,1
0.3769777,0.26742262,0.35559973,-1
0.3773486,0.2431455,0.37950587,1
0.3856205,0.23494288,0.37943658,-1
0.31641114,0.34245357,0.3411353,0
0.33346802,0.31092325,0.35560873,1
0.34065658,0.3289974,0.33034605,-1
0.38677576,0.23225328,0.38097095,-1
0.32686445,0.3388997,0.33423582,0
0.2879275,0.3982903,0.3137822,0
0.31706086,0.3754526,0.3074865,0
0.32046333,0.33989242,0.33964428,0
0.30651188,0.36712953,0.32635865,0
0.29382715,0.39171576,0.31445703,0
0.31755862,0.36563614,0.3168052,0
0.3696414,0.27577832,0.35458028,-1
0.32141438,0.3492279,0.3293577,0
0.36541197,0.27888238,0.35570568,-1
0.3355617,0.33049706,0.33394122,-1
0.2997714,0.37346476,0.32676384,0
0.33777615,0.31100935,0.35121444,1
0.33893105,0.34989107,0.31117797,0
0.36485416,0.2814137,0.3537321,-1
0.2944222,0.39069146,0.31488627,0
0.3172225,0.34282672,0.33995074,0
0.31851053,0.35349405,0.32799545,0
0.36348215,0.28110597,0.35541198,-1
0.26351258,0.43631142,0.300176,0
0.30679756,0.3927231,0.3004793,0
0.3038638,0.39807865,0.2980575,0
0.29730415,0.41122505,0.2914707,0
0.32746443,0.34505594,0.3274796,0
0.29650643,0.38782012,0.31567347,0
0.24503018,0.4763915,0.2785784,0
0.3011387,0.38390654,0.3149548,0
0.33315024,0.3233907,0.34345907,1
0.31161588,0.3668585,0.3215256,0
0.28513572,0.4123666,0.3024977,0
0.3544175,0.30580547,0.339777,-1
0.30067915,0.3810707,0.31825012,0
0.37124357,0.26457387,0.36418253,-1
0.37320068,0.26967928,0.35712,-1
0.37217292,0.26614326,0.36168385,-1
0.37424916,0.26875693,0.35699385,-1
0.36948383,0.25832486,0.3721913,1
0.34680617,0.3149841,0.33820975,-1
0.30037475,0.38495362,0.3146716,0
0.29359287,0.3856566,0.32075056,0
0.3838982,0.24790248,0.36819932,-1
0.38730824,0.23779522,0.37489653,-1
0.2783344,0.4183613,0.3033042,0
0.3374966,0.34595445,0.316549,0
0.29812476,0.38356128,0.318314,0
0.32385868,0.33063546,0.3455059,1
0.32273725,0.38656247,0.29070023,0
0.34905073,0.304667,0.34628224,-1
0.32536328,0.34611714,0.3285196,0
0.3589861,0.29839423,0.3426196,-1
0.3012285,0.38166434,0.3171072,0
0.30703616,0.36798358,0.32498032,0
0.31593108,0.3460126,0.33805636,0
0.32459643,0.35935757,0.31604603,0
0.3527098,0.29514882,0.35214138,-1
0.33225226,0.32850388,0.33924383,1
0.37342963,0.26595005,0.36062038,-1
0.3558401,0.2958484,0.34831148,-1
0.32453683,0.37358767,0.30187553,0
0.36791018,0.27356935,0.35852045,-1
0.29667723,0.380118,0.3232047,0
0.32971364,0.33475703,0.33552933,1
0.37687373,0.3263266,0.29679963,-1
0.35681903,0.3053466,0.33783436,-1
0.35871753,0.2936072,0.34767526,-1
0.26176566,0.44304702,0.29518735,0
0.35288095,0.34692776,0.30019125,-1
0.3440798,0.31933343,0.3365868,-1
0.2746012,0.41597927,0.30941954,0
0.3358723,0.33272275,0.33140492,-1
0.35832533,0.33103126,0.31064343,-1
0.33419025,0.34646615,0.31934363,0
0.3222114,0.35099408,0.3267946,0
0.30638033,0.4121538,0.28146577,0
0.35273147,0.32199007,0.3252785,-1
0.25830546,0.45355648,0.288138,0
0.36460623,0.305416,0.3299778,-1
0.3501507,0.32634515,0.32350412,-1
0.37601045,0.26152974,0.36245987,-1
0.31776118,0.3566483,0.32559052,0
0.37936607,0.2852494,0.33538446,-1
0.3602857,0.28688598,0.35282838,-1
0.28986806,0.39526817,0.3148638,0
0.36901623,0.26313794,0.36784583,-1
0.371538,0.28136644,0.3470956,-1
0.37308323,0.26162988,0.36528683,-1
0.36570823,0.2896907,0.34460106,-1
0.3017866,0.41377088,0.2844425,0
0.37197238,0.28798923,0.34003842,-1
0.3928659,0.25640333,0.35073075,-1
0.31607482,0.34286305,0.3410621,0
0.32146665,0.35010004,0.32843333,0
0.32425302,0.37512612,0.3006209,0
0.3278594,0.39704776,0.27509287,0
0.30390713,0.37227312,0.3238198,0
0.2766522,0.41931129,0.3040365,0
0.31787643,0.35203078,0.33009273,0
0.28079727,0.4163976,0.30280504,0
0.33090618,0.33328304,0.3358108,1
0.3513703,0.2971314,0.3514983,1
0.32974246,0.33543646,0.33482105,0
0.31921583,0.35574734,0.3250368,0
0.33086753,0.3497643,0.31936815,0
0.36844915,0.26282978,0.36872107,1
0.3726135,0.2595607,0.3678258,-1
0.36805934,0.26988646,0.36205423,-1
0.3752927,0.26024202,0.36446527,-1
0.38314852,0.25707617,0.35977525,-1
0.37885225,0.24097487,0.3801729,1
0.36980784,0.29315737,0.3370348,-1
0.31221524,0.3568623,0.33092248,0
0.38843077,0.24381647,0.3677527,-1
0.3821465,0.23925088,0.37860262,-1
0.3757678,0.2854369,0.33879527,-1
0.35062113,0.32609224,0.32328665,-1
0.3092446,0.39944848,0.2913069,0
0.2781647,0.41415223,0.30768302,0
0.3063389,0.3723371,0.321324,0
0.26191646,0.4474146,0.29066893,0
0.34736088,0.33658573,0.31605345,-1
0.3386743,0.32479593,0.33652982,-1
0.3400943,0.32008716,0.33981854,-1
0.29945418,0.4213296,0.27921626,0
0.25146797,0.4644989,0.28403312,0
0.32069665,0.3525515,0.32675186,0
0.34670803,0.34440824,0.30888373,-1
0.30407166,0.3729967,0.3229317,0
0.36437312,0.285197,0.3504299,-1
0.3762501,0.27680138,0.3469485,-1
0.33780435,0.31888926,0.34330633,1
0.3739769,0.26930425,0.3567189,-1
0.29979062,0.36959034,0.33061907,0
0.33225235,0.32505092,0.34269676,1
0.32311955,0.387831,0.2890494,0
0.3133727,0.39037734,0.29625,0
0.33712718,0.32471478,0.338158,1
0.36103442,0.2759111,0.36305445,1
0.3107565,0.36184576,0.32739776,0
0.31507286,0.36222464,0.32270256,0
0.33478323,0.37518036,0.29003644,0
0.31325975,0.35166436,0.33507586,0
0.2752943,0.4249866,0.29971918,0
0.32149193,0.38982767,0.28868043,0
0.3318659,0.33357355,0.3345605,1
0.29224128,0.3926881,0.3150706,0
0.30098146,0.38477,0.3142485,0
0.33362734,0.348543,0.31782967,0
0.3281844,0.3394829,0.33233276,0
0.31689346,0.36151916,0.32158738,0
0.2993994,0.37449187,0.32610875,0
0.38466802,0.25529623,0.36003578,-1
0.36405095,0.28078124,0.35516772,-1
0.30506155,0.3635239,0.3314145,0
0.33015433,0.33165136,0.33819434,1
0.2623078,0.44493288,0.29275927,0
0.3454497,0.30400088,0.35054943,1
0.36314628,0.28146905,0.35538468,-1
0.37141564,0.25820282,0.37038153,-1
0.3256517,0.3460982,0.3282501,0
0.37815446,0.2504268,0.37141877,-1
0.37362543,0.25112894,0.37524563,1
0.37953198,0.23838069,0.38208732,1
0.30533186,0.36058143,0.33408675,0
0.29947302,0.3760096,0.32451743,0
0.31587052,0.37608024,0.30804923,0
0.33312404,0.37637708,0.29049882,0
0.31242776,0.3565993,0.33097294,0
0.37755793,0.27919158,0.34325045,-1
0.33942303,0.3149106,0.34566638,1
0.35282943,0.3014119,0.34575868,-1
0.31251913,0.35223395,0.3352469,0
0.33401585,0.35522363,0.31076053,0
0.3396185,0.31628892,0.3440926,1
0.33492848,0.33743262,0.32763892,0
0.36757416,0.28322604,0.3491998,-1
0.36769268,0.30034983,0.33195743,-1
0.30529317,0.36882445,0.32588238,0
0.2889223,0.39218757,0.31889012,0
0.36159658,0.27605122,0.36235225,1
0.32244927,0.34716967,0.330381,0
0.31118992,0.40330955,0.2855005,0
0.34289157,0.31457365,0.34253475,-1
0.3011544,0.41299063,0.285855,0
0.3271536,0.37650022,0.29634616,0
0.31102258,0.36065394,0.32832348,0
0.36988315,0.26129487,0.36882204,-1
0.3750926,0.28088528,0.34402218,-1
0.28693673,0.40248007,0.31058314,0
0.2778041,0.42016396,0.3020319,0
0.3260896,0.344222,0.32968837,0
0.2811066,0.41499883,0.30389455,0
0.32254452,0.37084588,0.30660957,0
0.34584215,0.3052047,0.34895313,1
0.2985608,0.41018948,0.29124975,0
0.24673176,0.4734421,0.2798261,0
0.3236117,0.35492066,0.32146758,0
0.3436493,0.30507082,0.35127985,1
0.3125868,0.36475083,0.32266235,0
0.32896736,0.36161253,0.30942008,0
0.21662624,0.5256518,0.2577219,0
0.28043938,0.41663113,0.30292952,0
0.34841442,0.29670444,0.3548811,1
0.36887038,0.3147992,0.31633046,-1
0.33504423,0.328277,0.33667877,1
0.35139865,0.3314578,0.31714356,-1
0.27634165,0.41336176,0.31029657,0
0.31293142,0.36448127,0.3225873,0
0.35311833,0.3418312,0.3050504,-1
0.36926773,0.27672493,0.35400736,-1
0.37554663,0.26807615,0.35637724,-1
0.37500787,0.26778382,0.35720834,-1
0.34456834,0.31328082,0.34215084,-1
0.29887658,0.38427478,0.31684864,0
0.3734656,0.31918693,0.30734748,-1
0.3322259,0.3125307,0.3552434,1
0.3656115,0.27626348,0.35812494,-1
0.26111615,0.44877335,0.29011056,0
0.2983523,0.3867847,0.31486303,0
0.3500912,0.2974816,0.35242724,1
0.36543798,0.2900292,0.34453276,-1
0.32160455,0.37566972,0.30272576,0
0.37928745,0.33059004,0.29012248,-1
0.24669753,0.47026896,0.2830335,0
0.25453967,0.4584808,0.2869795,0
0.3019151,0.37503082,0.3230541,0
0.30584145,0.45110968,0.2430488,0
0.2965867,0.3922594,0.31115392,0
0.28953397,0.40210938,0.3083566,0
0.3085418,0.3729905,0.3184678,0
0.35080913,0.3225634,0.32662743,-1
0.32916734,0.3573465,0.31348613,0
0.3300437,0.363231,0.3067253,0
0.2857713,0.39554515,0.31868353,0
0.33929527,0.3779663,0.28273845,0
0.34323367,0.3050448,0.35172155,1
0.37074965,0.2646326,0.36461776,-1
0.2464375,0.466944,0.28661847,0
0.31487292,0.39935377,0.28577337,0
0.35367996,0.3329738,0.31334624,-1
0.26979458,0.43155858,0.2986469,0
0.32249987,0.35192642,0.32557374,0
0.3282675,0.34488016,0.32685232,0
0.22718915,0.5067958,0.26601508,0
0.24304387,0.4798425,0.2771136,0
0.2950585,0.42645502,0.2784865,0
0.31924585,0.36439946,0.31635475,0
0.28265724,0.4104913,0.30685148,0
0.24068703,0.47880566,0.28050736,0
0.28580067,0.40801767,0.3061817,0
0.3224817,0.35221797,0.3253003,0
0.27821895,0.46965092,0.25213012,0
0.24779794,0.52707106,0.22513096,0
0.37385207,0.26918963,0.35695824,-1
0.29245397,0.40656704,0.30097902,0
0.2983725,0.42644793,0.27517948,0
0.29510844,0.42516637,0.2797252,0
0.27911067,0.44076163,0.28012767,0
0.24782026,0.47155887,0.28062078,0
0.2566543,0.45410746,0.28923824,0
0.30666286,0.39649218,0.29684496,0
0.27345425,0.42872787,0.2978179,0
0.32770053,0.34456298,0.3277365,0
0.28707525,0.4085383,0.3043864,0
0.30630493,0.39408818,0.2996069,0
0.3318022,0.33886385,0.3293339,0
0.2841027,0.39781624,0.31808105,0
0.35556948,0.30812728,0.3363032,-1
0.34927607,0.3078298,0.3428941,-1
0.36859748,0.27662873,0.35477376,-1
0.3332146,0.3311844,0.335601,1
0.3231754,0.32848045,0.3483441,1
0.3055649,0.3766517,0.31778345,0
0.37621248,0.26498857,0.35879895,-1
0.37533575,0.28594226,0.33872196,-1
0.37439075,0.2639334,0.3616759,-1
0.30690724,0.37086686,0.32222593,0
0.38558024,0.2332494,0.38117033,-1
0.334455,0.3199328,0.34561226,1
0.37892464,0.23992947,0.3811459,1
0.30421817,0.36592743,0.3298545,0
0.3056411,0.36449838,0.32986045,0
0.29823583,0.38119262,0.3205715,0
0.3367698,0.3646192,0.29861102,0
0.2931759,0.38514212,0.321682,0
0.33723593,0.3319887,0.33077538,-1
0.35399318,0.29496366,0.35104322,-1
0.35771394,0.29147875,0.35080728,-1
0.3660347,0.28586534,0.34809998,-1
0.27380422,0.4175219,0.30867386,0
0.3039031,0.37036195,0.32573497,0
0.34396008,0.31063706,0.34540293,1
0.324517,0.33102712,0.34445587,1
0.33161205,0.33367255,0.3347154,1
0.34287873,0.31442103,0.34270024,-1
0.3426057,0.30392236,0.35347193,1
0.3737169,0.26667428,0.35960886,-1
0.31258386,0.34741518,0.3400009,0
0.33731118,0.30850467,0.35418415,1
0.3542056,0.28718886,0.35860553,1
0.37793234,0.24320856,0.37885907,1
0.37352127,0.2643552,0.36212352,-1
0.29105195,0.39042693,0.31852108,0
0.3024434,0.36868745,0.32886907,0
0.34211108,0.3478113,0.3100776,0
0.3074451,0.36495253,0.32760233,0
0.37428427,0.26904002,0.35667568,-1
0.35708123,0.323095,0.31982374,-1
0.35042492,0.2950188,0.35455632,1
0.37615672,0.28507304,0.33877018,-1
0.32646978,0.33425134,0.33927885,1
0.22334014,0.5145276,0.2621322,0
0.28735498,0.4246788,0.28796622,0
0.3120382,0.36831656,0.3196452,0
0.33924225,0.35412806,0.30662975,0
0.32796293,0.3400846,0.33195245,0
0.3002515,0.3851499,0.3145986,0
0.33779472,0.3245519,0.33765325,-1
0.35498038,0.28884277,0.35617685,1
0.33993718,0.3342651,0.32579774,-1
0.37153822,0.27369222,0.35476953,-1
0.32292822,0.33473396,0.34233782,1
0.34489074,0.3147912,0.34031805,-1
0.33855692,0.31060874,0.35083437,1
0.32817852,0.32725894,0.34456247,1
0.33182713,0.32624486,0.341928,1
0.3478376,0.31882596,0.33333647,-1
0.3415987,0.33088875,0.32751262,-1
0.34630013,0.32445315,0.32924667,-1
0.24000093,0.4831312,0.27686784,0
0.33497828,0.31678,0.3482417,1
0.33733293,0.31172982,0.3509373,1
0.3155705,0.34426177,0.34016767,0
0.3478933,0.32724532,0.32486132,-1
0.3135535,0.3525204,0.33392608,0
0.34498385,0.321563,0.33345315,-1
0.31409132,0.40616095,0.27974775,0
0.35124695,0.2850908,0.3636622,1
0.33504683,0.3396637,0.32528946,0
0.32086948,0.34627193,0.33285862,0
0.3283148,0.34601828,0.32566687,0
0.33702394,0.31303218,0.3499439,1
0.33363754,0.3533741,0.31298837,0
0.37504017,0.26310116,0.3618587,-1
0.36658984,0.28084296,0.35256723,-1
0.31752038,0.34588885,0.33659077,0
0.31620848,0.37569255,0.308099,0
0.37530896,0.29313314,0.33155784,-1
0.37300056,0.2697664,0.35723302,-1
0.34777066,0.29854107,0.35368824,1
0.36238223,0.2872984,0.3503193,-1
0.35255,0.29835463,0.34909537,-1
0.34366006,0.3202853,0.33605462,-1
0.3704899,0.25878254,0.37072754,1
0.38642386,0.32522324,0.28835297,-1
0.3107256,0.35054243,0.338732,0
0.27491888,0.421948,0.30313307,0
0.36229664,0.2987599,0.3389434,-1
0.36205542,0.28260356,0.35534102,-1
0.29408365,0.38807386,0.31784248,0
0.3489517,0.32490492,0.3261434,-1
0.2669386,0.43481296,0.29824844,0
0.35621086,0.30587283,0.3379163,-1
0.35161954,0.29627132,0.3521091,1
0.36989763,0.261053,0.36904934,-1
0.32377493,0.34678346,0.3294416,0
0.3860447,0.23915309,0.3748022,-1
0.36960426,0.263712,0.36668378,-1
0.38673767,0.23738159,0.37588075,-1
0.36820418,0.26504284,0.36675298,-1
0.37023273,0.25846034,0.3713069,1
0.2918559,0.39845175,0.30969226,0
0.33886516,0.3224917,0.33864307,-1
0.37509957,0.25821948,0.366681,-1
0.28859138,0.44502357,0.26638505,0
0.28862637,0.40321252,0.3081611,0
0.3006245,0.3717075,0.32766804,0
0.33039594,0.3287408,0.3408632,1
0.35643956,0.3024128,0.34114766,-1
0.36706376,0.27666616,0.35627005,-1
0.2873572,0.39862964,0.3140132,0
0.35552016,0.32254022,0.3219396,-1
0.30728933,0.37575087,0.31695983,0
0.30930474,0.4043743,0.286321,0
0.33915317,0.3331915,0.32765532,-1
0.24686418,0.4732044,0.27993143,0
0.28035298,0.41677085,0.30287614,0
0.28774232,0.4067824,0.3054753,0
0.3325671,0.35243008,0.3150028,0
0.297889,0.39074954,0.31136146,0
0.32287264,0.3492655,0.32786188,0
0.34816936,0.30120197,0.35062867,1
0.3011306,0.4389446,0.25992477,0
0.30950555,0.37600282,0.3144917,0
0.32787824,0.32435703,0.34776473,1
0.37270245,0.28354615,0.3437514,-1
0.29813042,0.38853344,0.31333613,0
0.3516119,0.30280623,0.34558192,-1
0.34841123,0.3158197,0.33576912,-1
0.36552334,0.2807413,0.3537353,-1
0.35660282,0.33535057,0.30804655,-1
0.37490946,0.26401326,0.36107728,-1
0.31335944,0.36621383,0.32042673,0
0.31169915,0.39458492,0.29371595,0
0.2998658,0.3858639,0.3142703,0
0.32850185,0.3527324,0.31876585,0
0.36356744,0.2854499,0.35098273,-1
0.3327293,0.35952035,0.30775034,0
0.2796303,0.41794077,0.30242887,0
0.32162791,0.3555732,0.32279888,0
0.34859475,0.3266332,0.32477203,-1
0.27536318,0.42390412,0.30073276,0
0.30970755,0.36359757,0.3266949,0
0.34540477,0.30063778,0.35395744,1
0.3455945,0.30918357,0.34522203,-1
0.33345523,0.36206493,0.3044798,0
0.30714267,0.41462138,0.2782359,0
0.32318202,0.36468306,0.31213495,0
0.37389517,0.2684905,0.35761434,-1
0.36366057,0.27068454,0.36565486,1
0.3039348,0.37659025,0.31947502,0
0.2919344,0.3967385,0.31132707,0
0.3493641,0.3490995,0.30153644,-1
0.34448147,0.3013285,0.35419002,1
0.3183689,0.35564256,0.3259885,0
0.35188925,0.3007157,0.34739494,-1
0.3039785,0.37889072,0.3171308,0
0.33317548,0.35355827,0.31326622,0
0.34097707,0.30831215,0.35071078,1
0.2801914,0.4639829,0.2558257,0
0.25372967,0.4608159,0.2854544,0
0.30830333,0.37255812,0.31913853,0
0.33156246,0.3268999,0.34153768,1
0.3738504,0.26909098,0.3570586,-1
0.3735505,0.26929402,0.35715547,-1
0.37399596,0.27052814,0.35547593,-1
0.37290856,0.26855138,0.35854006,-1
0.38867846,0.2543674,0.35695413,-1
0.3617895,0.26653606,0.37167448,1
0.3302958,0.31975794,0.34994626,1
0.37690142,0.24870773,0.3743909,-1
0.3525421,0.2817565,0.36570147,1
0.37852156,0.24924448,0.37223396,-1
0.32607514,0.33108598,0.34283882,1
0.32928362,0.3203072,0.35040918,1
0.3246101,0.3367402,0.33864972,1
0.3497644,0.32570195,0.32453367,-1
0.32718465,0.33805385,0.3347615,0
0.34448835,0.3366989,0.3188128,-1
0.30722708,0.3633686,0.32940438,0
0.28173614,0.41443148,0.30383235,0
0.3047795,0.368684,0.32653648,0
0.35600188,0.34850737,0.2954907,-1
0.31237411,0.3591588,0.3284671,0
0.3080577,0.37503442,0.31690788,0
0.3490535,0.3020622,0.34888428,-1
0.34760803,0.3083283,0.34406364,-1
0.29855335,0.37944436,0.32200232,0
0.3609889,0.2777516,0.36125952,1
0.3150775,0.3499295,0.33499297,0
0.3448505,0.3441572,0.3109923,-1
0.34358123,0.31140476,0.34501395,1
0.32293135,0.32974473,0.3473239,1
0.3189244,0.34766805,0.33340755,0
0.33506516,0.3145922,0.35034266,1
0.3413238,0.30135646,0.35731968,1
0.34325832,0.30868727,0.3480545,1
0.35670188,0.28705812,0.35624,-1
0.31747073,0.34681314,0.3357161,0
0.35668555,0.28682363,0.3564908,-1
0.33673352,0.30990022,0.35336626,1
0.31974694,0.33444268,0.34581035,1
0.37129772,0.26891536,0.35978696,-1
0.2993367,0.38187367,0.3187896,0
0.2938469,0.38412917,0.322024,0
0.35731876,0.29798117,0.34470004,-1
0.34943074,0.28834522,0.36222404,1
0.30730066,0.40840763,0.28429163,0
0.2453826,0.4726854,0.28193203,0
0.2925302,0.39249104,0.31497878,0
0.35533276,0.29211208,0.3525551,-1
0.26489493,0.43814313,0.29696184,0
0.3241137,0.34815642,0.3277299,0
0.34351712,0.31005892,0.34642398,1
0.30843678,0.37295777,0.31860542,0
0.34136513,0.31872782,0.3399071,-1
0.33733,0.3071456,0.3555244,1
0.32947993,0.32334572,0.34717426,1
0.37319225,0.2716009,0.35520682,-1
0.31852758,0.33780897,0.3436634,1
0.37358376,0.25294244,0.37347388,-1
0.37187502,0.27124292,0.35688204,-1
0.34129614,0.3394248,0.31927904,-1
0.34987468,0.31994063,0.33018473,-1
0.31600323,0.3463154,0.33768132,0
0.32833946,0.37011984,0.30154067,0
0.37869987,0.24946731,0.37183285,-1
0.34973335,0.30762634,0.34264028,-1
0.3050631,0.41018564,0.28475133,0
0.34232658,0.30972677,0.34794664,1
0.36752823,0.2634059,0.36906597,1
0.28307813,0.40449274,0.31242922,0
0.26063785,0.44776163,0.2916005,0
0.31176907,0.36655253,0.32167846,0
0.35824898,0.33762902,0.30412203,-1
0.3756279,0.2682645,0.35610765,-1
0.36819887,0.2805796,0.3512215,-1
0.3039313,0.37593213,0.3201366,0
0.29766834,0.38927194,0.31305972,0
0.3003942,0.37467512,0.3249307,0
0.32879516,0.37701428,0.29419053,0
0.32488322,0.33853573,0.33658096,0
0.30823958,0.37344617,0.3183142,0
0.3260903,0.3591982,0.3147115,0
0.34479234,0.31432706,0.3408806,-1
0.29764575,0.39800024,0.30435398,0
0.31361786,0.36764833,0.31873378,0
0.37450093,0.28376994,0.3417292,-1
0.33013013,0.34148788,0.32838205,0
0.282339,0.4079786,0.30968243,0
0.29968226,0.37909314,0.32122463,0
0.31772524,0.35905388,0.32322085,0
0.30041513,0.39927098,0.3003139,0
0.31920877,0.354579,0.32621226,0
0.33123118,0.36396527,0.30480358,0
0.28105083,0.46294737,0.2560019,0
0.36046892,0.28984734,0.3496837,-1
0.2289254,0.4992216,0.27185297,0
0.28044808,0.4110006,0.30855125,0
0.32693407,0.37642127,0.29664472,0
0.32175964,0.39007646,0.288164,0
0.34051254,0.3227505,0.336737,-1
0.2847846,0.45354423,0.2616712,0
0.26831868,0.49719685,0.2344845,0
0.20714289,0.5427597,0.25009736,0
0.25313264,0.4515995,0.29526785,0
0.32291064,0.3483242,0.32876512,0
0.329777,0.35094061,0.3192824,0
0.34776708,0.3093244,0.34290856,-1
0.374052,0.26912042,0.35682753,-1
0.37327564,0.2693697,0.35735467,-1
0.3822617,0.26515305,0.35258526,-1
0.33038113,0.31277156,0.35684738,1
0.32014635,0.33592018,0.3439335,1
0.32777545,0.3263936,0.34583098,1
0.3424677,0.31078726,0.346745,1
0.32268316,0.33679807,0.3405187,1
0.3107712,0.36292797,0.32630083,0
0.32187074,0.3430499,0.33507934,0
0.37441576,0.25524625,0.37033805,-1
0.37296554,0.26343986,0.3635946,-1
0.28996837,0.390859,0.31917265,0
0.3322796,0.33291426,0.33480608,1
0.30896512,0.3593006,0.33173427,0
0.30766687,0.3612816,0.3310515,0
0.33415797,0.36272675,0.30311528,0
0.32304397,0.33532593,0.3416301,1
0.32384062,0.34293652,0.3332228,0
0.3448887,0.3136526,0.3414587,-1
0.3413115,0.33977327,0.31891522,-1
0.31583613,0.3519693,0.33219454,0
0.32755557,0.36500832,0.30743617,0
0.3143321,0.34565857,0.3400093,0
0.3388177,0.31433743,0.3468449,1
0.36149648,0.3128779,0.3256257,-1
0.3748159,0.25427487,0.37090927,-1
0.37380067,0.26375726,0.3624421,-1
0.37415475,0.25812382,0.36772147,-1
0.37253192,0.26661032,0.36085784,-1
0.38131928,0.2419372,0.37674353,-1
0.34474367,0.293129,0.36212733,1
0.3278656,0.32209206,0.3500423,1
0.31545085,0.35218522,0.33236393,0
0.33193657,0.31437394,0.35368943,1
0.33933714,0.3059007,0.3547622,1
0.33585337,0.3207069,0.3434397,1
0.372703,0.27226365,0.35503343,-1
0.29052728,0.39413667,0.31533602,0
0.31059366,0.3546141,0.3347923,0
0.3095419,0.3619116,0.32854643,0
0.33259976,0.37450054,0.29289964,0
0.3123447,0.3617484,0.32590696,0
0.3799432,0.26856893,0.35148785,-1
0.34989232,0.30239305,0.3477146,-1
0.3227685,0.3483858,0.32884562,0
0.33377492,0.34662735,0.3195977,0
0.3417514,0.3402916,0.31795704,-1
0.33067903,0.32266736,0.34665364,1
0.36097157,0.3032549,0.3357736,-1
0.3743886,0.2916808,0.33393064,-1
0.28840294,0.3986098,0.31298733,0
0.29873544,0.37649983,0.32476476,0
0.34485385,0.30941305,0.3457331,1
0.32891992,0.3687904,0.30228966,0
0.30616024,0.3761021,0.31773764,0
0.30664635,0.366906,0.32644767,0
0.31039485,0.35958076,0.3300243,0
0.30711496,0.3897324,0.30315262,0
0.31010914,0.3564003,0.33349052,0
0.2948108,0.4315971,0.2735921,0
0.28419536,0.4521619,0.26364267,0
0.19785291,0.5608717,0.24127537,0
0.31714058,0.34495226,0.33790722,0
0.36769596,0.32702553,0.3052785,-1
0.3059086,0.37665576,0.31743565,0
0.25546935,0.45840123,0.2861294,0
0.3265212,0.3457686,0.32771015,0
0.3297863,0.33942217,0.33079147,0
0.3084358,0.37205407,0.3195101,0
0.3575338,0.29362074,0.34884548,-1
0.3640514,0.28206378,0.35388482,-1
0.32543725,0.3423841,0.33217865,0
0.34130087,0.31095558,0.34774348,1
0.3072261,0.36127135,0.33150253,0
0.29415658,0.39475894,0.31108442,0
0.30400237,0.37208495,0.32391268,0
0.34317765,0.30289808,0.35392427,1
0.31858954,0.35267183,0.3287386,0
0.3026191,0.38120562,0.31617528,0
0.30823734,0.38027468,0.31148794,0
0.33727,0.30853263,0.35419744,1
0.30954322,0.35585755,0.33459923,0
0.28330678,0.40146437,0.31522885,0
0.33733004,0.34041595,0.32225406,0
0.34303004,0.37148687,0.28548312,0
0.33158037,0.33825555,0.33016407,0
0.2858778,0.40023002,0.31389225,0
0.322113,0.3445412,0.3333458,0
0.3404296,0.31872076,0.34084967,1
0.3261386,0.36585453,0.30800694,0
0.32478735,0.33707246,0.3381402,1
0.31720302,0.34781155,0.3349854,0
0.34355143,0.31085882,0.34558973,1
0.36194956,0.2756063,0.36244407,1
0.3506084,0.31633323,0.3330583,-1
0.37232465,0.26394716,0.36372826,-1
0.37348208,0.25625858,0.3702593,-1
0.30758512,0.36212426,0.33029062,0
0.3426834,0.34367105,0.3136455,0
0.3801203,0.26077464,0.35910508,-1
0.31883138,0.33810124,0.34306738,1
0.3374339,0.3198215,0.34274462,1
0.33978596,0.31471047,0.34550357,1
0.35022593,0.30447492,0.34529912,-1
0.29287735,0.38921595,0.3179067,0
0.30680558,0.35805693,0.3351375,0
0.34799057,0.32894194,0.3230675,-1
0.33748963,0.3074624,0.35504803,1
0.28952935,0.39330593,0.31716475,0
0.29447278,0.38462415,0.32090312,0
0.32189372,0.3402386,0.33786762,0
0.31944114,0.3861192,0.29443967,0
0.28075823,0.40532044,0.3139214,0
0.26924238,0.43350652,0.29725102,0
0.29551205,0.38755035,0.31693763,0
0.3322132,0.36266938,0.3051174,0
0.34150258,0.31355488,0.3449425,1
0.32989886,0.3370151,0.33308613,0
0.35032335,0.30488515,0.34479153,-1
0.33971182,0.35184222,0.308446,0
0.35797578,0.27375466,0.3682696,1
0.35195485,0.2896773,0.35836786,1
0.32417542,0.34218016,0.33364442,0
0.356295,0.30717665,0.3365283,-1
0.32187533,0.37871817,0.2994065,0
0.24849793,0.46659005,0.28491196,0
0.31178334,0.364336,0.32388058,0
0.31604952,0.35907486,0.32487553,0
0.32385066,0.34666312,0.32948622,0
0.3488143,0.31818646,0.33299923,-1
0.27929142,0.41233516,0.3083735,0
0.29528302,0.39439398,0.31032297,0
0.339945,0.34297925,0.3170757,0
0.29731548,0.40042484,0.3022597,0
0.30701873,0.37597635,0.3170049,0
0.32687202,0.35127738,0.32185054,0
0.33278516,0.3542399,0.31297496,0
0.37384054,0.26919362,0.35696584,-1
0.30551195,0.36617327,0.32831472,0
0.361534,0.28285804,0.35560796,-1
0.37822482,0.2549339,0.3668413,-1
0.37317145,0.2698577,0.3569709,-1
0.35020313,0.3212853,0.3285116,-1
0.30079144,0.37532908,0.32387948,0
0.33734384,0.34241453,0.3202416,0
0.32135195,0.35106498,0.32758304,0
0.29461795,0.38257927,0.32280278,0
0.34502983,0.3177263,0.33724385,-1
0.30718744,0.40694305,0.28586945,0
0.27701634,0.41591266,0.307071,0
0.2861839,0.40568703,0.30812913,0
0.32323083,0.33386692,0.34290233,1
0.35577184,0.2915905,0.3526377,-1
0.371205,0.27425942,0.35453555,-1
0.37371174,0.26919514,0.3570931,-1
0.29779494,0.38124785,0.3209572,0
0.37462133,0.26822102,0.35715756,-1
0.30780783,0.3607064,0.3314858,0
0.3253047,0.32483602,0.34985924,1
0.34884885,0.3096337,0.34151736,-1
0.30700892,0.406118,0.286873,0
0.32112622,0.35579455,0.32307926,0
0.29912522,0.38021377,0.32066095,0
0.33765694,0.30598366,0.3563594,1
0.35108972,0.29875395,0.35015634,-1
0.34934482,0.3183314,0.33232382,-1
0.34016883,0.3168678,0.3429634,1
0.36519176,0.30093613,0.33387208,-1
0.32938528,0.3277045,0.34291023,1
0.33125573,0.31726652,0.3514778,1
0.32929763,0.32153973,0.34916264,1
0.35520846,0.30000407,0.3447875,-1
0.27205527,0.42288485,0.3050599,0
0.3285502,0.3279927,0.34345707,1
0.33773506,0.3201609,0.34210402,1
0.34651098,0.34026754,0.3132215,-1
0.32310587,0.37018725,0.3067069,0
0.3142399,0.3525585,0.33320165,0
0.2949633,0.38704032,0.3179964,0
0.30993536,0.36565468,0.32441,0
0.275096,0.41397813,0.31092593,0
0.29482722,0.38520396,0.31996882,0
0.3348646,0.32914767,0.33598775,1
0.3327428,0.33062226,0.33663496,1
0.3244869,0.3461966,0.32931647,0
0.3062482,0.36817685,0.32557502,0
0.31093904,0.35539997,0.33366093,0
0.32102185,0.36368948,0.31528863,0
0.30649805,0.3595057,0.3339962,0
0.30233487,0.41692954,0.2807356,0
0.29271862,0.39178294,0.31549838,0
0.3067239,0.37478772,0.31848842,0
0.31441045,0.35512984,0.33045968,0
0.32678252,0.34293142,0.33028606,0
0.3054233,0.37318447,0.3213922,0
0.2973426,0.40125996,0.30139747,0
0.2988835,0.44105422,0.26006225,0
0.32620484,0.36155134,0.31224382,0
0.29400298,0.3831663,0.32283068,0
0.30482566,0.37256646,0.32260793,0
0.3394913,0.33547807,0.32503062,-1
0.33513674,0.3174077,0.34745547,1
0.32302123,0.35154787,0.32543087,0
0.30632347,0.37196228,0.32171422,0
0.32550302,0.34619826,0.32829875,0
0.31320083,0.3569056,0.3298936,0
0.30936643,0.35613918,0.33449432,0
0.34023067,0.33517933,0.3245899,-1
0.33711565,0.3560013,0.30688304,0
0.3069769,0.4076816,0.28534144,0
0.2665378,0.43224958,0.30121267,0
0.3454112,0.33900657,0.31558222,-1
0.3554946,0.2936319,0.3508735,-1
0.32957542,0.3479705,0.3224541,0
0.31314635,0.3646606,0.3221931,0
0.30520657,0.40541163,0.2893818,0
0.2412654,0.48188844,0.2768462,0
0.2222111,0.51546377,0.26232517,0
0.3369829,0.33582106,0.32719603,-1
0.34497142,0.3521433,0.30288535,0
0.33160037,0.34185347,0.3265462,0
0.25208706,0.46420285,0.28371003,0
0.30373922,0.37045738,0.3258034,0
0.3502756,0.3111992,0.33852524,-1
0.34774405,0.2972353,0.35502067,1
0.3367005,0.34478843,0.31851104,0
0.34032512,0.31888866,0.34078628,1
0.31970274,0.37949982,0.30079752,0
0.25719586,0.4550657,0.28773853,0
0.26309708,0.44162038,0.29528257,0
0.32173398,0.34837788,0.32988808,0
0.3106671,0.36910337,0.32022947,0
0.29419163,0.44077215,0.2650362,0
0.2977434,0.39129692,0.31095967,0
0.2845601,0.40978733,0.3056526,0
0.35164097,0.29336593,0.35499305,1
0.3092897,0.36911258,0.32159773,0
0.3148107,0.35938525,0.3258041,0
0.34079662,0.33715713,0.32204628,-1
0.32750294,0.37012503,0.30237207,0
0.3738287,0.2691776,0.35699368,-1
0.35508466,0.29443228,0.35048306,-1
0.33113688,0.32485786,0.34400526,1
0.3243606,0.38280115,0.29283828,0
0.32511282,0.38652578,0.28836143,0
0.31544912,0.34512568,0.33942524,0
0.34769148,0.31773835,0.33457017,-1
0.33353618,0.32874647,0.33771735,1
0.27090207,0.4320158,0.2970822,0
0.31667927,0.35501832,0.32830238,0
0.33602795,0.32053885,0.34343317,1
0.3102331,0.40060633,0.28916058,0
0.30786893,0.3729751,0.319156,0
0.2753116,0.4158317,0.30885676,0
0.347175,0.3209239,0.33190104,-1
0.33612996,0.32366097,0.34020904,1
0.3236444,0.36052507,0.3158305,0
0.34057832,0.31864128,0.34078044,1
0.34022933,0.32586494,0.33390576,-1
0.35844505,0.29298976,0.3485652,-1
0.37142846,0.2619674,0.36660415,-1
0.2877138,0.3882032,0.32408297,0
0.33969086,0.33543885,0.32487032,-1
0.35404757,0.28750306,0.35844934,1
0.34151983,0.32694533,0.33153483,-1
0.28707606,0.40039995,0.31252402,0
0.30988547,0.35633823,0.33377635,0
0.31593844,0.39055192,0.29350957,0
0.34448162,0.3003898,0.3551286,1
0.29310095,0.38700303,0.319896,0
0.33367237,0.32956436,0.33676323,1
0.27215943,0.4301544,0.29768625,0
0.23796648,0.48757234,0.27446124,0
0.3061111,0.39253563,0.30135328,0
0.2941445,0.45017782,0.25567767,0
0.24280317,0.48023596,0.27696088,0
0.28041136,0.41591376,0.30367488,0
0.30543408,0.37233475,0.3222312,0
0.33931044,0.32201758,0.33867195,-1
0.31516486,0.36179015,0.32304496,0
0.3098023,0.4044792,0.28571853,0
0.31092057,0.3958467,0.29323274,0
0.30305606,0.3809497,0.3159942,0
0.29695573,0.37701774,0.32602647,0
0.3302078,0.33146712,0.33832514,1
0.34878156,0.30706623,0.34415215,-1
0.36177865,0.28514493,0.35307637,-1
0.3236388,0.33904058,0.33732057,0
0.26752293,0.43793765,0.29453948,0
0.34308794,0.31664306,0.34026897,-1
0.34997657,0.29901847,0.351005,1
0.3716779,0.25823385,0.37008828,-1
0.26633817,0.43982887,0.29383296,0
0.36866996,0.28076392,0.3505661,-1
0.34264362,0.33268586,0.32467052,-1
0.27706367,0.41538998,0.30754635,0
0.30346256,0.39342496,0.30311242,0
0.3358253,0.32862756,0.3355472,-1
0.32771155,0.34465724,0.32763118,0
0.27010724,0.43359324,0.2962995,0
0.32987398,0.34797627,0.3221498,0
0.29759505,0.38884243,0.31356257,0
0.31811365,0.35659525,0.3252911,0
0.3606672,0.2949268,0.344406,-1
0.37425578,0.25772363,0.36802056,-1
0.36189914,0.29170072,0.34640014,-1
0.3469226,0.3035026,0.3495748,1
0.3258871,0.33324844,0.34086442,1
0.36806825,0.25606677,0.375865,1
0.3351931,0.3373069,0.32749996,0
0.3224255,0.34975857,0.32781592,0
0.33033004,0.33607677,0.33359316,0
0.38458985,0.23453458,0.3808756,-1
0.36388716,0.27060312,0.36550972,1
0.37487614,0.26792693,0.3571969,-1
0.37352705,0.25774354,0.3687293,-1
0.3848574,0.2406089,0.3745337,-1
0.31224886,0.35631904,0.33143213,0
0.3536935,0.297535,0.3487715,-1
0.33117345,0.33893883,0.3298877,0
0.28429863,0.40508708,0.3106143,0
0.29182076,0.39214966,0.31602958,0
0.32974115,0.39705598,0.27320296,0
0.25585628,0.45255327,0.29159042,0
0.25676605,0.45618397,0.28705004,0
0.32551035,0.35762894,0.31686074,0
0.328502,0.33759788,0.33390015,0
0.31692773,0.35943404,0.32363823,0
0.33514938,0.34155855,0.32329208,0
0.35176983,0.3006381,0.3475921,-1
0.37400696,0.269136,0.356857,-1
0.35173243,0.28955537,0.35871226,1
0.35637993,0.2774483,0.36617178,1
0.36005175,0.28895202,0.35099623,-1
0.35342345,0.3251595,0.32141712,-1
0.3229343,0.33159715,0.34546855,1
0.30955178,0.35909256,0.3313556,0
0.32604972,0.3845913,0.28935894,0
0.30551314,0.41848883,0.27599806,0
0.29565015,0.3848284,0.31952134,0
0.31753466,0.3500357,0.3324297,0
0.28167152,0.41397098,0.30435744,0
0.28702834,0.40573242,0.3072392,0
0.34087333,0.34160706,0.31751963,0
0.3436365,0.30632752,0.3500359,1
0.24580199,0.4750528,0.27914515,0
0.31218275,0.36673293,0.32108432,0
0.35132852,0.3222285,0.32644296,-1
0.35199323,0.2944219,0.35358483,1
0.32933524,0.33867148,0.33199325,0
0.35220677,0.29089415,0.3568991,1
0.301571,0.38266605,0.31576288,0
0.37141517,0.27273458,0.35585016,-1
0.34619233,0.32226786,0.33153978,-1
0.32907152,0.3538954,0.317033,0
0.29689723,0.3899934,0.31310937,0
0.2822313,0.4137359,0.3040328,0
0.34385931,0.30473042,0.3514103,1
0.37584388,0.2609412,0.36321485,-1
0.358839,0.2860486,0.35511243,-1
0.29561996,0.39255032,0.3118297,0
0.31917432,0.3531308,0.3276948,0
0.32054558,0.34875834,0.3306961,0
0.32806668,0.32626995,0.3456634,1
0.35647023,0.29985622,0.34367353,-1
0.35781708,0.33861133,0.30357158,-1
0.30533984,0.38942325,0.30523697,0
0.37579927,0.2702467,0.35395402,-1
0.35124987,0.29057577,0.35817435,1
0.2850556,0.4092007,0.3057436,0
0.36696464,0.28855947,0.34447595,-1
0.3549274,0.29370463,0.35136798,-1
0.28842497,0.39777914,0.31379598,0
0.25701475,0.45493838,0.28804687,0
0.31669486,0.35224938,0.33105573,0
0.25528395,0.4581163,0.28659979,0
0.247702,0.47267896,0.27961904,0
0.26947927,0.46989807,0.2606227,0
0.25597903,0.5098661,0.23415482,0
0.2449834,0.47647262,0.27854404,0
0.31008774,0.37032208,0.31959018,0
0.35797217,0.29892126,0.34310666,-1
0.32885334,0.3531912,0.31795546,0
0.31663197,0.38891295,0.29445517,0
0.22328296,0.50692225,0.26979482,0
0.3199247,0.36060277,0.3194725,0
0.32073823,0.35104972,0.32821208,0
0.28969064,0.39866036,0.31164896,0
0.32831132,0.3593164,0.31237227,0
0.31744748,0.36087096,0.32168156,0
0.32505068,0.34292877,0.3320206,0
0.2751628,0.4267113,0.29812586,0
0.28811276,0.39373383,0.3181534,0
0.33956757,0.36679393,0.29363853,0
0.3283209,0.33611906,0.33556008,0
0.284776,0.40619737,0.30902657,0
0.34688318,0.3212117,0.33190513,-1
0.31161162,0.3681426,0.3202457,0
0.33929375,0.34995273,0.31075346,0
0.31434098,0.35103408,0.334625,0
0.2857431,0.39598227,0.31827462,0
0.32674015,0.38033953,0.2929204,0
0.30948895,0.3685833,0.3219278,0
0.37020725,0.26247257,0.3673202,-1
0.32968798,0.33825332,0.33205864,0
0.29818347,0.38507873,0.31673783,0
0.3374063,0.36016372,0.30242988,0
0.3376831,0.31230256,0.35001433,1
0.29839405,0.37208495,0.32952106,0
0.3110115,0.36842796,0.32056054,0
0.33282384,0.32294223,0.3442339,1
0.373366,0.30776018,0.31887382,-1
0.31277403,0.35647058,0.33075532,0
0.34307468,0.33303785,0.32388747,-1
0.2556828,0.45758674,0.28673047,0
0.33140463,0.35521525,0.31338006,0
0.34636322,0.29749942,0.35613734,1
0.27696002,0.41546986,0.3075701,0
0.3458512,0.3112642,0.34288463,-1
0.35867918,0.3304295,0.31089124,-1
0.28526422,0.40171173,0.31302407,0
0.3384655,0.32325003,0.3382844,-1
0.30959946,0.34934008,0.34106046,0
0.35886356,0.28749982,0.35363662,-1
0.30302477,0.3817566,0.31521863,0
0.31931084,0.3350492,0.34563994,1
0.34111694,0.31156427,0.3473188,1
0.37424985,0.26937455,0.3563756,-1
0.34928268,0.29437917,0.35633823,1
0.32015565,0.34307492,0.3367694,0
0.35361075,0.29990804,0.34648123,-1
0.3313069,0.32170522,0.34698793,1
0.3105785,0.35491478,0.3345068,0
0.36848706,0.26994482,0.3615681,-1
0.37345406,0.25794613,0.36859986,-1
0.37490115,0.25827742,0.3668214,-1
0.37374467,0.26841253,0.35784277,-1
0.33973187,0.3012317,0.35903642,1
0.37961274,0.24333568,0.37705156,-1
0.3615258,0.26467788,0.37379637,1
0.37659258,0.24445485,0.3789525,1
0.377253,0.24808653,0.37466052,-1
0.2791931,0.41248927,0.3083176,0
0.31452188,0.3470901,0.33838812,0
0.32570136,0.32426673,0.3500319,1
0.36132824,0.26754218,0.3711295,1
0.3658712,0.28112212,0.35300672,-1
0.373937,0.2676404,0.35842264,-1
0.3008616,0.3764908,0.3226477,0
0.32933927,0.321917,0.34874377,1
0.32950336,0.32609627,0.34440038,1
0.37682098,0.24357335,0.3796057,1
0.31327152,0.36104664,0.32568187,0
0.33061203,0.328985,0.34040293,1
0.35456327,0.30217817,0.34325856,-1
0.3864036,0.23281918,0.3807772,-1
0.34505954,0.30006388,0.35487655,1
0.3734372,0.25697556,0.3695872,-1
0.344524,0.31744692,0.33802915,-1
0.29753587,0.37989086,0.3225732,0
0.32783028,0.37956288,0.29260677,0
0.31729093,0.3532565,0.32945254,0
0.3005124,0.3843863,0.31510133,0
0.31562725,0.39106438,0.29330838,0
0.32277986,0.34948617,0.32773405,0
0.26200822,0.44382334,0.29416847,0
0.30769697,0.39661023,0.2956927,0
0.2764641,0.4753589,0.24817705,0
0.3298262,0.34850767,0.32166612,0
0.3461126,0.31503248,0.3388549,-1
0.3231228,0.3403066,0.33657068,0
0.30028614,0.3850947,0.3146191,0
0.36354768,0.28305933,0.35339302,-1
0.3580448,0.2710491,0.37090608,1
0.316585,0.35466853,0.32874644,0
0.37246615,0.2728929,0.35464093,-1
0.3308283,0.31924182,0.34992978,1
0.27239463,0.42456728,0.3030381,0
0.32489493,0.34455654,0.3305485,0
0.33560005,0.32764825,0.33675167,1
0.36915326,0.27044237,0.36040437,-1
0.30416992,0.37888363,0.3169464,0
0.36193043,0.31494468,0.32312492,-1
0.36273947,0.28237087,0.35488963,-1
0.26806396,0.43161,0.30032602,0
0.29668322,0.37468505,0.32863173,0
0.3563338,0.29257238,0.35109377,-1
0.33156407,0.3570203,0.31141564,0
0.35422245,0.29733464,0.34844294,-1
0.29508364,0.38176557,0.32315084,0
0.2893247,0.402283,0.30839238,0
0.25709587,0.4553128,0.28759137,0
0.34299237,0.34274572,0.31426194,-1
0.34071228,0.3175234,0.34176433,1
0.29830483,0.426661,0.27503416,0
0.22308218,0.51500255,0.26191515,0
0.34682533,0.35104114,0.30213353,0
0.36123553,0.28042305,0.3583414,-1
0.37319976,0.26854405,0.3582562,-1
0.3601583,0.28768623,0.35215548,-1
0.36344346,0.28543568,0.35112092,-1
0.3597167,0.28358006,0.35670322,-1
0.3161607,0.35905865,0.32478067,0
0.3457687,0.3051923,0.34903902,1
0.3520728,0.32575408,0.32217306,-1
0.37981254,0.24475333,0.37543416,-1
0.34171182,0.31232584,0.34596235,1
0.3268096,0.32476208,0.3484283,1
0.35278472,0.3015718,0.34564355,-1
0.3363806,0.31218356,0.35143587,1
0.3554477,0.29008898,0.3544633,-1
0.35105184,0.29255572,0.35639244,1
0.3322465,0.321795,0.34595844,1
0.33091205,0.35890874,0.31017926,0
0.37258774,0.2511603,0.376252,1
0.18182792,0.589514,0.22865802,0
0.26864877,0.49936172,0.23198944,0
0.3349972,0.3401923,0.32481042,0
0.2951689,0.3844366,0.32039452,0
0.35650042,0.29989406,0.34360552,-1
0.29039893,0.40084118,0.3087599,0
0.33049044,0.35559413,0.31391543,0
0.33050287,0.3374916,0.33200556,0
0.321084,0.3625414,0.31637457,0
0.347566,0.30711433,0.3453196,-1
0.34449062,0.31296948,0.34253997,-1
0.32910883,0.32315794,0.34773317,1
0.3441193,0.33432594,0.32155475,-1
0.37198916,0.3161411,0.31186974,-1
0.29196605,0.38762185,0.3204121,0
0.31077558,0.35576674,0.3334576,0
0.24631219,0.47237197,0.2813158,0
0.28010565,0.41422057,0.30567375,0
0.3441209,0.3104888,0.3453903,1
0.33290604,0.32604015,0.3410538,1
0.3307102,0.33802557,0.33126423,0
0.34130314,0.34578973,0.3129071,0
0.36335185,0.27400324,0.36264497,-1
0.2545429,0.4528204,0.2926367,0
0.27774236,0.4401942,0.28206348,0
0.29698524,0.46225947,0.2407553,0
0.2840565,0.41155437,0.30438915,0
0.2820134,0.41950718,0.29847947,0
0.3002433,0.42117342,0.27858335,0
0.2801352,0.4173254,0.30253935,0
0.35730293,0.30207768,0.34061942,-1
0.3564827,0.28758386,0.35593343,-1
0.3332031,0.3556577,0.31113917,0
0.3123591,0.36771566,0.3199253,0
0.30743262,0.35990593,0.33266148,0
0.29672772,0.3815277,0.32174465,0
0.32672665,0.35270408,0.3205693,0
0.3386032,0.3310968,0.3302999,-1
0.32756662,0.39740923,0.27502412,0
0.31666347,0.35752156,0.32581493,0
0.31757608,0.39848837,0.28393555,0
0.33275697,0.34116727,0.32607573,0
0.27046052,0.4330006,0.2965389,0
0.24102598,0.4754154,0.28355867,0
0.3416218,0.3271985,0.33117974,-1
0.33477965,0.3717751,0.29344526,0
0.31723136,0.38913026,0.29363835,0
0.31483027,0.3615097,0.32366,0
0.31832156,0.3999662,0.28171226,0
0.33444718,0.3453686,0.3201842,0
0.28631803,0.41063207,0.3030499,0
0.23587844,0.48221654,0.28190508,0
0.29872653,0.41886818,0.2824052,0
0.31193584,0.36781767,0.32024652,0
0.3111345,0.38414267,0.30472288,0
0.29969323,0.387729,0.31257775,0
0.3448431,0.33443248,0.32072443,-1
0.31373563,0.3649509,0.3213135,0
0.36866134,0.27737793,0.35396072,-1
0.3361055,0.3762542,0.2876403,0
0.32624778,0.3426183,0.33113396,0
0.2840995,0.4073047,0.30859584,0
0.29980054,0.39155585,0.30864364,0
0.23934719,0.48628935,0.2743635,0
0.24165092,0.47995403,0.2783951,0
0.33954248,0.3255669,0.3348907,-1
0.33732757,0.34707505,0.3155974,0
0.24060513,0.4849283,0.2744665,0
0.28070855,0.41691723,0.30237427,0
0.3522117,0.30847728,0.33931097,-1
0.32580802,0.37743193,0.29676002,0
0.29952592,0.3839211,0.316553,0
0.30426252,0.37570503,0.3200325,0
0.36544192,0.29234502,0.34221306,-1
0.29077062,0.40015975,0.3090696,0
0.31571674,0.34462216,0.3396611,0
0.28938416,0.39327767,0.31733817,0
0.37640315,0.26474747,0.3588494,-1
0.30524135,0.3780443,0.31671432,0
0.34542125,0.33650997,0.3180687,-1
0.3330546,0.33071083,0.3362346,1
0.29454792,0.38723832,0.3182138,0
0.29874983,0.3776998,0.3235503,0
0.31734362,0.34681383,0.33584252,0
0.30878946,0.3589167,0.3322938,0
0.3547867,0.29442003,0.35079324,-1
0.33202493,0.36649403,0.301481,0
0.2600016,0.4478853,0.29211307,0
0.26750773,0.43153766,0.30095458,0
0.32777372,0.34257585,0.32965052,0
0.3234501,0.34883064,0.3277193,0
0.32155457,0.34503114,0.3334143,0
0.3120816,0.36541292,0.32250547,0
0.21874708,0.5227395,0.25851336,0
0.25442258,0.47518903,0.2703884,0
0.2924476,0.40049407,0.30705827,0
0.27454686,0.41562742,0.3098257,0
0.37524587,0.27126202,0.35349208,-1
0.32995167,0.35010704,0.31994125,0
0.28695124,0.43952578,0.27352303,0
0.2644815,0.44306976,0.29244867,0
0.2980552,0.37845305,0.32349175,0
0.3614918,0.28709063,0.35141757,-1
0.33474326,0.35102057,0.31423625,0
0.35634845,0.29600045,0.34765112,-1
0.35178366,0.30512917,0.34308717,-1
0.35924512,0.28630164,0.35445324,-1
0.35459432,0.29769826,0.34770742,-1
0.31454504,0.34219605,0.34325895,1
0.32009286,0.34030205,0.3396051,0
0.37525347,0.25251058,0.37223598,-1
0.32468313,0.3374505,0.3378664,1
0.35146192,0.29467583,0.3538622,1
0.37484783,0.26627436,0.35887775,-1
0.29785112,0.38410968,0.31803918,0
0.3253424,0.33983907,0.33481857,0
0.3468318,0.29341295,0.35975528,1
0.32530588,0.32522503,0.34946907,1
0.35405588,0.3002744,0.34566966,-1
0.3675793,0.27813724,0.35428348,-1
0.2300908,0.5020432,0.26786602,0
0.281819,0.47609946,0.24208155,0
0.2933787,0.41406536,0.29255593,0
0.222723,0.51437765,0.26289934,0
0.3018346,0.38388553,0.31427988,0
0.36500075,0.28436267,0.3506366,-1
0.30217648,0.38340628,0.31441727,0
0.3685649,0.2885786,0.3428565,-1
0.36631072,0.26911512,0.3645742,-1
0.387504,0.26131016,0.3511858,-1
0.34395316,0.34511557,0.31093127,0
0.3452714,0.31349558,0.34123304,-1
0.30686378,0.4063268,0.2868094,0
0.31774622,0.34395143,0.33830234,0
0.2987991,0.38143554,0.31976545,0
0.36358654,0.30843174,0.32798165,-1
0.34333205,0.30984625,0.34682176,1
0.24686953,0.47133896,0.28179154,0
0.2730939,0.42800894,0.29889715,0
0.32620966,0.34452808,0.32926235,0
0.28705075,0.41035664,0.3025926,0
0.30526415,0.3976375,0.2970984,0
0.31121966,0.36506125,0.3237191,0
0.3174849,0.3862763,0.29623887,0
0.3303827,0.3694598,0.30015746,0
0.30493963,0.3668506,0.32820973,0
0.315494,0.38642594,0.29808006,0
0.2747357,0.42589748,0.29936683,0
0.3183554,0.39529654,0.28634802,0
0.31606054,0.3600238,0.32391563,0
0.27913556,0.4112822,0.30958223,0
0.3280415,0.33967024,0.33228832,0
0.36942926,0.2755654,0.35500535,-1
0.36664984,0.2764333,0.35691693,-1
0.3331633,0.3312674,0.33556935,1
0.35118586,0.29776138,0.35105273,-1
0.35143694,0.29642135,0.3521417,1
0.29115543,0.39008054,0.31876406,0
0.34347257,0.32035226,0.33617514,-1
0.37523246,0.25808632,0.36668125,-1
0.24915287,0.46903026,0.28181693,0
0.30963233,0.3700966,0.32027113,0
0.3363061,0.37230712,0.29138684,0
0.2868644,0.4024251,0.3107105,0
0.2929688,0.39670333,0.31032783,0
0.34647715,0.328463,0.3250599,-1
0.3703682,0.32165527,0.30797654,-1
0.2944828,0.39368454,0.31183273,0
0.34303093,0.304391,0.35257807,1
0.36567536,0.26432934,0.36999527,1
0.34031546,0.33083117,0.3288534,-1
0.2887151,0.39699334,0.3142916,0
0.28137568,0.40274346,0.3158808,0
0.36097595,0.28453076,0.35449332,-1
0.28875834,0.44411245,0.2671292,0
0.23333384,0.4939164,0.27274972,0
0.33650705,0.33453223,0.32896072,-1
0.3343598,0.3262097,0.33943054,1
0.27703995,0.42200017,0.30095991,0
0.31315997,0.38028693,0.30655307,0
0.2785721,0.4134748,0.3079531,0
0.31201032,0.36620465,0.3217851,0
0.32106328,0.35167673,0.32725996,0
0.35661608,0.28348798,0.35989597,1
0.30917987,0.37157992,0.31924027,0
0.28009853,0.4737848,0.24611673,0
0.30090806,0.38072684,0.318365,0
0.30572557,0.43432865,0.25994578,0
0.31741765,0.35803887,0.32454348,0
0.25104168,0.49997306,0.24898525,0
0.21683954,0.52615786,0.25700265,0
0.24407229,0.4780192,0.27790853,0
0.28799447,0.4031748,0.30883074,0
0.29998678,0.47068846,0.22932476,0
0.28866896,0.40671816,0.30461287,0
0.37443006,0.26898956,0.35658044,-1
0.32811323,0.34076023,0.3311265,0
0.31449932,0.36046675,0.32503396,0
0.2949421,0.38830197,0.31675586,0
0.34225902,0.34420907,0.31353194,0
0.34125188,0.3016539,0.3570942,1
0.3246117,0.35474294,0.3206453,0
0.27631006,0.4163716,0.30731836,0
0.34049997,0.34747893,0.31202117,0
0.30815765,0.36929375,0.32254863,0
0.26099256,0.43571195,0.30329546,0
0.353429,0.29560286,0.35096815,-1
0.2960031,0.39155725,0.31243968,0
0.30638924,0.37587613,0.31773466,0
0.3344568,0.3339763,0.33156693,-1
0.31433532,0.34722134,0.3384433,0
0.31392637,0.37231743,0.3137562,0
0.30379474,0.37175405,0.32445124,0
0.2923557,0.3879432,0.319701,0
0.3395655,0.34006026,0.32037425,0
0.3591988,0.29631138,0.3444899,-1
0.371757,0.27016345,0.35807955,-1
0.36247575,0.29015452,0.34736976,-1
0.28236094,0.41352665,0.30411237,0
0.3163893,0.35576126,0.32784945,0
0.36062232,0.27613592,0.36324176,1
0.36547506,0.2734861,0.3610388,-1
0.31017244,0.36931473,0.32051286,0
0.33144096,0.33033174,0.33822736,1
0.36687636,0.2749699,0.35815376,-1
0.34653786,0.29050723,0.3629549,1
0.36190695,0.28303438,0.35505867,-1
0.31151664,0.35213712,0.33634627,0
0.28664577,0.40086502,0.31248918,0
0.28399748,0.40418404,0.31181842,0
0.3037039,0.3668408,0.32945532,0
0.29538408,0.45409846,0.25051746,0
0.2980319,0.38982934,0.31213874,0
0.31061223,0.3683567,0.32103106,0
0.3354865,0.3285713,0.3359422,1
0.35472146,0.2998798,0.34539872,-1
0.37468854,0.26783174,0.35747975,-1
0.31849912,0.39386046,0.2876404,0
0.28850245,0.390714,0.3207836,0
0.30362287,0.37979934,0.31657788,0
0.2924186,0.3888963,0.3186851,0
0.29994953,0.39761913,0.3024314,0
0.33245665,0.35018277,0.31736058,0
0.29824734,0.38785857,0.31389406,0
0.29471052,0.3934172,0.31187227,0
0.36821717,0.27738598,0.35439688,-1
0.35969102,0.27964708,0.36066192,1
0.29680067,0.3824548,0.32074448,0
0.304559,0.36650503,0.328936,0
0.33950242,0.33082607,0.3296715,-1
0.31272927,0.38939077,0.29788002,0
0.25533468,0.5054495,0.23921585,0
0.26629293,0.42751718,0.3061899,0
0.2734753,0.41871515,0.30780953,0
0.30228823,0.38347796,0.31423384,0
0.3525865,0.30014867,0.34726483,-1
0.33953714,0.31874934,0.34171355,1
0.3222003,0.3671891,0.31061053,0
0.33171114,0.33432096,0.33396786,0
0.33571056,0.33651006,0.3277794,0
0.24234702,0.47501525,0.28263775,0
0.2775153,0.40899977,0.3134849,0
0.31887975,0.35529494,0.32582527,0
0.30776116,0.41908783,0.27315098,0
0.3243046,0.3462909,0.3294045,0
0.33034173,0.35340336,0.31625494,0
0.27932736,0.41818038,0.30249235,0
0.2155461,0.52518344,0.25927043,0
0.32969084,0.3614586,0.30885068,0
0.3558123,0.3132719,0.3309158,-1
0.3271259,0.34118533,0.33168873,0
0.36929205,0.2785072,0.3522007,-1
0.3494247,0.305905,0.34467027,-1
0.33428416,0.32834777,0.3373681,1
0.37042546,0.25904062,0.37053397,1
0.3684164,0.26700085,0.36458272,-1
0.34336948,0.3098185,0.34681198,1
0.3426379,0.31965476,0.3377074,-1
0.3570898,0.29566276,0.3472475,-1
0.37160715,0.2824726,0.34592026,-1
0.33498782,0.31378785,0.3512244,1
0.29885525,0.37439466,0.3267501,0
0.3115229,0.35824367,0.3302334,0
0.30050468,0.4134318,0.28606355,0
0.21869725,0.521993,0.2593098,0
0.29459187,0.41181755,0.29359064,0
0.33617872,0.33922225,0.32459903,0
0.28947404,0.42515722,0.28536874,0
0.29880828,0.3871275,0.31406432,0
0.32086316,0.35049018,0.32864663,0
0.25420526,0.46056643,0.28522825,0
0.35739526,0.32588997,0.31671473,-1
0.34223244,0.29703495,0.36073267,1
0.3089243,0.36615908,0.32491666,0
0.31977272,0.35430405,0.32592326,0
0.34520504,0.31852797,0.33626696,-1
0.3341841,0.32090226,0.3449136,1
0.28662825,0.3958774,0.31749433,0
0.3351654,0.35739064,0.30744395,0
0.36572927,0.2744229,0.3598478,-1
0.3341463,0.34279227,0.32306144,0
0.33301392,0.35044602,0.3165401,0
0.29841912,0.37952948,0.32205144,0
0.24603881,0.473138,0.28082326,0
0.31128252,0.3679389,0.32077864,0
0.2724576,0.42992887,0.29761356,0
0.29730722,0.3892047,0.31348807,0
0.33521903,0.3549488,0.3098322,0
0.29295304,0.39809448,0.30895248,0
0.3153027,0.39430618,0.2903911,0
0.3553508,0.30909017,0.33555898,-1
0.34148365,0.3228593,0.3356571,-1
0.3258511,0.34570146,0.32844746,0
0.33229643,0.33804545,0.32965812,0
0.31391314,0.37950492,0.3065819,0
0.25901335,0.4523502,0.28863654,0
0.3614303,0.27699932,0.3615704,1
0.31780446,0.35350573,0.32868987,0
0.36394095,0.3031042,0.33295488,-1
0.3749177,0.26921734,0.3558649,-1
0.35026723,0.28276664,0.3669661,1
0.34548658,0.30933732,0.3451761,-1
0.36538798,0.27300933,0.3616027,-1
0.35025424,0.2904539,0.35929185,1
0.28375697,0.40292645,0.3133166,0
0.27164,0.4222076,0.30615234,0
0.32713586,0.33223662,0.34062755,1
0.3473616,0.36110115,0.29153717,0
0.3049988,0.3793109,0.31569034,0
0.34129113,0.34219918,0.31650963,0
0.31479263,0.36219448,0.32301286,0
0.33509827,0.37105685,0.29384488,0
0.28290433,0.40866438,0.3084313,0
0.267043,0.43116787,0.3017892,0
0.31020084,0.3876438,0.30215535,0
0.32313687,0.3516609,0.32520226,0
0.28287274,0.45779368,0.2593336,0
0.33409593,0.3366774,0.3292266,0
0.31806603,0.36107343,0.32086062,0
0.26773575,0.4375792,0.294685,0
0.23139916,0.5002556,0.26834527,0
0.2737774,0.41726512,0.3089575,0
0.30231637,0.3841732,0.31351042,0
0.33595663,0.35068628,0.31335703,0
0.32331008,0.38699245,0.28969747,0
0.21453147,0.530305,0.25516346,0
0.29256463,0.433795,0.27364033,0
0.26906326,0.51228154,0.21865512,0
0.32093307,0.39154184,0.28752506,0
0.25310656,0.4680483,0.27884513,0
0.31806228,0.3540815,0.3278562,0
0.33845997,0.36728394,0.29425618,0
0.3388107,0.3229729,0.33821636,-1
0.33325204,0.36872476,0.29802313,0
0.33514422,0.37998423,0.28487152,0
0.3702236,0.28600642,0.34377,-1
0.2566868,0.45610574,0.2872075,0
0.27783793,0.4193574,0.30280468,0
0.25735393,0.45517996,0.28746614,0
0.33487794,0.38659528,0.27852678,0
0.2849641,0.41356725,0.3014686,0
0.23894504,0.4869926,0.27406242,0
0.32679823,0.37336957,0.2998321,0
0.33374476,0.33383536,0.33241984,0
0.23196687,0.49266493,0.2753681,0
0.3260589,0.3759875,0.2979536,0
0.31683373,0.35825866,0.32490763,0
0.2997093,0.3870299,0.31326085,0
0.32317594,0.34606966,0.3307544,0
0.32479307,0.3664928,0.3087141,0
0.30332828,0.38224596,0.31442568,0
0.2798159,0.41208765,0.30809635,0
0.31094864,0.42430958,0.2647418,0
0.29006347,0.44453344,0.26540315,0
0.2914482,0.40764114,0.30091068,0
0.32356068,0.35155126,0.32488808,0
0.27521926,0.46614632,0.25863442,0
0.3092601,0.37413472,0.3166051,0
0.30120352,0.4248392,0.27395722,0
0.31003678,0.35752317,0.33244,0
0.34821787,0.32534277,0.3264394,-1
0.3339023,0.3309919,0.33510575,1
0.22701973,0.50702935,0.26595095,0
0.33593416,0.38009208,0.2839737,0
0.340331,0.3074387,0.35223034,1
0.31019866,0.38907045,0.3007309,0
0.3321934,0.3341487,0.33365792,0
0.27213237,0.43019962,0.29766798,0
0.30750105,0.36756384,0.32493517,0
0.31771967,0.3611263,0.32115406,0
0.31500122,0.34340417,0.34159458,0
0.34157398,0.34677148,0.31165454,0
0.3599627,0.30885497,0.33118236,-1
0.35887268,0.30467328,0.33645397,-1
0.34131882,0.33871055,0.3199707,-1
0.36951303,0.26276812,0.36771882,-1
0.3736892,0.2689549,0.35735592,-1
0.37529773,0.26333568,0.36136663,-1
0.37290424,0.25466135,0.37243438,-1
0.3835974,0.23806073,0.37834185,-1
0.364046,0.2646734,0.37128058,1
0.31466112,0.34698853,0.33835036,0
0.33757305,0.31122038,0.3512066,1
0.3279739,0.32388556,0.34814054,1
0.29465714,0.38431007,0.32103273,0
0.3060429,0.41906482,0.27489224,0
0.33231756,0.34187123,0.3258112,0
0.24571528,0.47400838,0.28027627,0
0.32808962,0.37532088,0.29658952,0
0.32561922,0.37708822,0.29729256,0
0.33004332,0.3505289,0.31942776,0
0.31886637,0.3540642,0.32706937,0
0.30808514,0.37075737,0.32115743,0
0.29485363,0.39374906,0.3113973,0
0.28996354,0.39045545,0.319581,0
0.34501457,0.30522993,0.3497555,1
0.36659843,0.28205165,0.35134995,-1
0.37461653,0.28246447,0.342919,-1
0.3505076,0.30532044,0.34417203,-1
0.2853488,0.39776728,0.31688395,0
0.3129066,0.35822886,0.32886454,0
0.3164829,0.35378766,0.32972947,0
0.3660925,0.28707293,0.34683454,-1
0.37388682,0.26917762,0.35693556,-1
0.2584525,0.43552077,0.30602676,0
0.30612007,0.36457604,0.3293039,0
0.30540842,0.37612507,0.31846654,0
0.29431587,0.39650863,0.30917543,0
0.32296768,0.3471541,0.3298782,0
0.298414,0.42607364,0.27551234,0
0.27435425,0.4759326,0.2497132,0
0.25868627,0.452184,0.28912985,0
0.37424836,0.30341893,0.32233268,-1
0.2825151,0.41093835,0.30654645,0
0.32790953,0.36325422,0.3088362,0
0.27553403,0.427495,0.296971,0
0.34263822,0.35140446,0.30595732,0
0.34876606,0.29307324,0.3581607,1
0.34808847,0.3289939,0.32291758,-1
0.34517744,0.32644707,0.3283755,-1
0.28548357,0.39918312,0.31533337,0
0.3215904,0.34418702,0.33422258,0
0.3078468,0.36591166,0.3262416,0
0.36352068,0.27527088,0.3612085,-1
0.33308926,0.32947174,0.33743894,1
0.37453482,0.26833302,0.35713217,-1
0.2960507,0.39167136,0.31227794,0
0.30125386,0.4216547,0.2770914,0
0.33447182,0.31698817,0.34853998,1
0.25663537,0.45233637,0.29102823,0
0.28994194,0.39125758,0.31880048,0
0.32114613,0.35269302,0.3261609,0
0.3266795,0.33752495,0.33579558,0
0.30780452,0.37475643,0.31743908,0
0.31778848,0.36929724,0.31291425,0
0.31782544,0.36795652,0.3142181,0
0.23534063,0.49331167,0.2713477,0
0.31720334,0.3488043,0.33399236,0
0.35193503,0.29682338,0.35124156,-1
0.36405203,0.3070565,0.3288915,-1
0.35284716,0.2968376,0.3503152,-1
0.30175564,0.36777332,0.33047098,0
0.366286,0.2791636,0.3545504,-1
0.32253638,0.40242425,0.2750394,0
0.3075231,0.35794067,0.33453625,0
0.26146567,0.4381215,0.30041283,0
0.36135483,0.2802655,0.3583797,-1
0.34614688,0.3112904,0.34256274,-1
0.3640626,0.2829846,0.3529528,-1
0.35848576,0.28660244,0.3549118,-1
0.33681378,0.33244634,0.33073986,-1
0.3286207,0.36918402,0.30219525,0
0.26215187,0.44166133,0.2961868,0
0.32182673,0.35972226,0.31845102,0
0.34712544,0.349201,0.3036736,0
0.28774792,0.39876154,0.31349048,0
0.3147262,0.36273143,0.32254243,0
0.2737477,0.42190382,0.30434844,0
0.28173602,0.41492844,0.3033356,0
0.30337396,0.44280955,0.25381652,0
0.33208397,0.34669828,0.32121778,0
0.28399798,0.45858544,0.25741658,0
0.23941265,0.4861749,0.27441242,0
0.27644312,0.4231154,0.30044147,0
0.34448928,0.3640867,0.29142407,0
0.2606266,0.44960505,0.28976828,0
0.3468186,0.33827305,0.31490842,-1
0.3532106,0.29313388,0.35365546,1
0.26583785,0.44077834,0.29338372,0
0.37680957,0.2804477,0.3427427,-1
0.3486557,0.28598386,0.3653604,1
0.31963885,0.34052253,0.3398386,0
0.29649776,0.39115658,0.31234565,0
0.30838308,0.36198616,0.3296307,0
0.34091404,0.30842608,0.3506599,1
0.24496873,0.4764981,0.27853322,0
0.3394517,0.3613453,0.29920298,0
0.35246933,0.33918124,0.3083494,-1
0.30242485,0.41645622,0.28111896,0
0.2740678,0.428993,0.29693916,0
0.30028647,0.4431787,0.25653484,0
0.28566235,0.43746883,0.2768689,0
0.2931573,0.40247115,0.30437157,0
0.28385952,0.47136953,0.24477096,0
0.30277896,0.42562774,0.27159327,0
0.34670818,0.37630722,0.2769847,0
0.2962308,0.4368547,0.26691452,0
0.23443542,0.49675858,0.268806,0
0.29279318,0.4009684,0.30623844,0
0.29452598,0.39459786,0.31087616,0
0.3268552,0.35260144,0.32054332,0
0.3365815,0.322809,0.3406095,1
0.33983395,0.3346396,0.32552648,-1
0.3352865,0.39243144,0.2722821,0
0.3066777,0.38341075,0.30991155,0
0.28558505,0.39823014,0.31618482,0
0.3193838,0.35697132,0.32364494,0
0.2757932,0.4492856,0.2749212,0
0.32005823,0.35894293,0.32099894,0
0.32490176,0.34582934,0.3292689,0
0.22763026,0.5069287,0.26544103,0
0.32554922,0.3866258,0.287825,0
0.30947277,0.37027323,0.32025403,0
0.29177544,0.44307303,0.26515156,0
0.29398635,0.39814028,0.30787337,0
0.3296307,0.39341387,0.27695543,0
0.30650026,0.37649217,0.31700757,0
0.32957035,0.39881912,0.27161062,0
0.27793023,0.41724512,0.30482468,0
0.25603098,0.45673716,0.28723183,0
0.27911606,0.48595023,0.23493375,0
0.2738705,0.4287999,0.2973296,0
0.21959995,0.52121407,0.25918603,0
0.28995866,0.4610949,0.24894647,0
0.31927407,0.3661783,0.3145476,0
0.21180853,0.53524953,0.25294194,0
0.3142469,0.363618,0.32213512,0
0.2683792,0.4364964,0.29512435,0
0.3259074,0.36060733,0.3134852,0
0.33163622,0.37188342,0.29648036,0
0.1971176,0.5599361,0.24294633,0
0.25153092,0.4651594,0.2833097,0
0.35480687,0.30313805,0.34205505,-1
0.34200564,0.30539337,0.35260102,1
0.2763228,0.47470453,0.24897274,0
0.27686304,0.47695836,0.24617864,0
0.2686336,0.4362708,0.29509568,0
0.20962608,0.53922683,0.25114706,0
0.25818795,0.45375684,0.28805515,0
0.27643025,0.4297478,0.29382202,0
0.2793335,0.42370802,0.2969585,0
0.2727229,0.48280424,0.24447282,0
0.27197015,0.44618812,0.28184178,0
0.22260822,0.539095,0.2382968,0
0.22691499,0.5000026,0.2730824,0
0.28567716,0.4082137,0.30610916,0
0.35376903,0.30439934,0.34183162,-1
0.34286034,0.3265772,0.33056247,-1
0.3749563,0.27250397,0.3525397,-1
0.37445796,0.26897988,0.35656217,-1
0.35499054,0.29805082,0.34695867,-1
0.31618443,0.40358692,0.28022864,0
0.3222141,0.33388513,0.3439007,1
0.28230798,0.40398577,0.31370625,0
0.37074777,0.28425315,0.34499913,-1
0.33024502,0.3683804,0.3013746,0
0.3743374,0.2640135,0.36164904,-1
0.30926028,0.36474317,0.32599655,0
0.29149535,0.39409173,0.31441295,0
0.24247588,0.47936946,0.27815464,0
0.32319942,0.3466549,0.3301457,0
0.282848,0.4162139,0.30093816,0
0.3033375,0.3820105,0.31465206,0
0.34072983,0.3590195,0.30025068,0
0.31550357,0.38484526,0.29965124,0
0.2668027,0.4407352,0.29246202,0
0.30543822,0.41100866,0.28355312,0
0.2766143,0.4702385,0.2531472,0
0.31692374,0.35028046,0.33279583,0
0.217587,0.5213103,0.26110274,0
0.3248616,0.3734614,0.30167693,0
0.3279978,0.33757722,0.334425,0
0.33362362,0.3312897,0.3350866,1
0.35217535,0.3284928,0.31933182,-1
0.31679776,0.35838732,0.32481495,0
0.37370867,0.28607616,0.34021515,-1
0.3265821,0.330628,0.3427899,1
0.36808512,0.25936946,0.37254533,1
0.28056216,0.40859944,0.31083834,0
0.3121204,0.3643313,0.32354826,0
0.35195485,0.32289994,0.32514518,-1
0.21245964,0.532182,0.2553584,0
0.27714336,0.41907987,0.30377677,0
0.33258235,0.30529338,0.36212426,1
0.3226282,0.37637442,0.30099744,0
0.3429555,0.31921154,0.337833,-1
0.3008097,0.3764027,0.32278755,0
0.2698834,0.43396887,0.29614764,0
0.29399598,0.3940788,0.31192526,0
0.28482783,0.3990528,0.3161193,0
0.34975463,0.3251539,0.3250915,-1
0.32855076,0.3496667,0.32178253,0
0.2938447,0.39821956,0.3079357,0
0.2826471,0.41260907,0.30474386,0
0.31434867,0.35142523,0.33422613,0
0.3538769,0.29127422,0.3548489,1
0.32444972,0.34316602,0.3323843,0
0.31384966,0.35515663,0.33099368,0
0.34354356,0.3364547,0.3200018,-1
0.34765768,0.31719545,0.3351469,-1
0.3005401,0.37303877,0.32642114,0
0.30338824,0.36453855,0.33207324,0
0.3371615,0.3349324,0.32790616,-1
0.31940565,0.38630697,0.29428738,0
0.31862217,0.34626898,0.3351088,0
0.27499866,0.41484255,0.31015882,0
0.29497814,0.38442987,0.32059205,0
0.3442781,0.32042158,0.33530033,-1
0.3708693,0.26360172,0.365529,-1
0.37336567,0.28710878,0.33952555,-1
0.35029492,0.30185732,0.34784776,-1
0.2722199,0.42993897,0.29784113,0
0.28070223,0.4073794,0.3119184,0
0.33155313,0.3272639,0.34118292,1
0.352506,0.30129626,0.34619775,-1
0.31041935,0.36923304,0.32034752,0
0.31663433,0.37284368,0.31052196,0
0.2997709,0.38873848,0.3114906,0
0.32779142,0.37470213,0.29750648,0
0.31243983,0.39587924,0.29168093,0
0.27526328,0.4163261,0.3084106,0
0.24712373,0.48255286,0.27032351,0
0.32963622,0.34069714,0.32966664,0
0.37500146,0.2701685,0.35483003,-1
0.33898124,0.32211015,0.3389086,-1
0.29682803,0.39063594,0.31253606,0
0.3691382,0.28728712,0.34357476,-1
0.27167252,0.43001708,0.29831043,0
0.32062298,0.33627212,0.3431049,1
0.30651185,0.41468975,0.2787984,0
0.28277466,0.44538885,0.2718365,0
0.25375363,0.46134096,0.2849054,0
0.33409828,0.3375023,0.32839942,0
0.32339594,0.3482344,0.32836977,0
0.33001748,0.3363503,0.3336322,0
0.33737794,0.32518032,0.33744174,1
0.27073038,0.42699122,0.30227837,0
0.32957456,0.34137622,0.3290492,0
0.3146616,0.3669661,0.3183723,0
0.27582535,0.40922382,0.3149508,0
0.27901217,0.4636479,0.2573399,0
0.29852408,0.3889669,0.312509,0
0.3041641,0.37628776,0.31954813,0
0.2944722,0.39473072,0.31079707,0
0.3317371,0.33437744,0.33388555,0
0.36483252,0.28246292,0.35270455,-1
0.35932943,0.2885447,0.35212585,-1
0.37182954,0.2695556,0.3586149,-1
0.31732464,0.3573712,0.32530415,0
0.363993,0.30233878,0.3336682,-1
0.32865033,0.32436034,0.34698933,1
0.2811752,0.40613556,0.31268933,0
0.27373815,0.41839847,0.30786335,0
0.32035545,0.34815946,0.33148506,0
0.3670547,0.31992292,0.31302238,-1
0.23053168,0.5017886,0.26767966,0
0.32687166,0.38296905,0.29015926,0
0.28721368,0.4048978,0.30788854,0
0.30450955,0.3739509,0.32153952,0
0.31918392,0.35120526,0.32961076,0
0.25672776,0.45583066,0.28744152,0
0.34034103,0.367192,0.2924669,0
0.34113514,0.31474128,0.34412363,1
0.3077636,0.40115795,0.29107845,0
0.31355116,0.36954516,0.31690368,0
0.27829468,0.42010635,0.30159894,0
0.26820928,0.49514893,0.23664187,0
0.29812124,0.39053822,0.3113405,0
0.30049053,0.42793667,0.27157277,0
0.29432896,0.39656246,0.30910847,0
0.3338231,0.3769716,0.28920528,0
0.31344107,0.3652908,0.32126808,0
0.25970298,0.45117596,0.28912103,0
0.27321738,0.41727394,0.30950868,0
0.38135633,0.26103377,0.3576099,-1
0.28353378,0.41095868,0.3055075,0
0.33266678,0.33296058,0.33437264,1
0.25647533,0.4549867,0.28853792,0
0.31607065,0.3628973,0.32103205,0
0.26412016,0.4468779,0.28900194,0
0.28056464,0.40936086,0.31007448,0
0.2553167,0.5324465,0.21223685,0
0.29651475,0.3894543,0.314031,0
0.21102856,0.53443253,0.25453883,0
0.28500646,0.41033003,0.30466348,0
0.32312447,0.34368166,0.3331939,0
0.3227255,0.4148219,0.26245266,0
0.31210163,0.36720058,0.32069775,0
0.29511952,0.4089134,0.29596707,0
0.38920826,0.2777364,0.33305532,-1
0.27614048,0.42360806,0.30025145,0
0.2997491,0.40387157,0.29637936,0
0.34559846,0.3420821,0.31231943,-1
0.33446047,0.3330763,0.33246326,-1
0.30414775,0.37891915,0.31693304,0
0.23949769,0.48261598,0.27788636,0
0.32903454,0.33664888,0.33431658,0
0.29066613,0.40243185,0.30690202,0
0.34379405,0.3171169,0.33908907,-1
0.35713208,0.2888286,0.3540393,-1
0.31063598,0.3966607,0.2927033,0
0.2629726,0.44562384,0.29140353,0
0.29039663,0.38908,0.32052338,0
0.37408096,0.27657583,0.34934324,-1
0.3516074,0.2904447,0.35794786,1
0.32454583,0.3479485,0.32750568,0
0.34109175,0.33833197,0.32057625,-1
0.33750087,0.33829665,0.3242025,0
0.3454111,0.33074924,0.32383966,-1
0.25579938,0.4478081,0.29639262,0
0.34829354,0.32721964,0.32448682,-1
0.30580807,0.37271032,0.32148165,0
0.3244134,0.34500316,0.33058354,0
0.34434393,0.3006989,0.35495713,1
0.3056193,0.414234,0.28014678,0
0.35800406,0.29394364,0.3480523,-1
0.2666906,0.43134105,0.30196834,0
0.32988468,0.36435422,0.30576113,0
0.3511493,0.3039338,0.34491688,-1
0.37320095,0.25131458,0.3754845,1
0.3568438,0.31335706,0.3297991,-1
0.359001,0.29002863,0.35097036,-1
0.30386987,0.37936428,0.31676576,0
0.3565935,0.3346777,0.30872878,-1
0.34776172,0.31556112,0.3366772,-1
0.24928144,0.4675762,0.28314236,0
0.30853713,0.3710075,0.32045537,0
0.34402737,0.2968453,0.3591273,1
0.2599838,0.44762984,0.29238644,0
0.31147808,0.40943038,0.2790915,0
0.30288997,0.3744374,0.32267267,0
0.2764307,0.42313564,0.3004337,0
0.3018323,0.3801115,0.31805623,0
0.26996407,0.47166663,0.25836936,0
0.25213397,0.4620336,0.28583243,0
0.2760479,0.4237588,0.30019334,0
0.31951302,0.40342516,0.27706176,0
0.31622642,0.3606811,0.32309246,0
0.3372651,0.3316638,0.3310711,-1
0.3650823,0.28090033,0.35401747,-1
0.3324897,0.33085546,0.3366548,1
0.34373704,0.33720618,0.3190568,-1
0.3684661,0.25733128,0.3742027,1
0.32489917,0.33913344,0.33596736,0
0.37723678,0.2631352,0.3596281,-1
0.36488995,0.2726773,0.36243287,-1
0.3387645,0.3500089,0.31122667,0
0.32186353,0.37846664,0.29966977,0
0.30770114,0.3602938,0.33200505,0
0.28406122,0.40449998,0.31143883,0
0.35875887,0.31067476,0.3305664,-1
0.34578124,0.30414936,0.35006943,1
0.3358319,0.32312632,0.3410417,1
0.37161222,0.27519923,0.35318848,-1
0.3637178,0.2717347,0.3645475,1
0.2991378,0.38162628,0.31923595,0
0.3056372,0.3755434,0.31881937,0
0.3079235,0.3635137,0.32856277,0
0.27734816,0.41702086,0.305631,0
0.30549127,0.373279,0.32122973,0
0.30574456,0.37608677,0.31816873,0
0.27616057,0.4537102,0.2701293,0
0.26386997,0.44490522,0.29122472,0
0.28616765,0.39873016,0.31510216,0
0.3521037,0.2984922,0.3494041,-1
0.37276977,0.2692133,0.35801697,-1
0.31533396,0.35810742,0.32655865,0
0.34639943,0.32010344,0.33349714,-1
0.32977495,0.32158417,0.3486409,1
0.34413323,0.32763645,0.3282303,-1
0.34066948,0.33270213,0.32662842,-1
0.3032192,0.36404458,0.33273613,0
0.31855017,0.3559437,0.32550615,0
0.29104066,0.3903071,0.3186522,0
0.3154516,0.34829375,0.3362547,0
0.32908973,0.34014598,0.3307643,0
0.32203496,0.38680902,0.291156,0
0.26266754,0.4450083,0.29232416,0
0.27933317,0.4733789,0.24728799,0
0.2959195,0.38438296,0.31969747,0
0.28486902,0.4078444,0.30728662,0
0.25865045,0.48952174,0.25182787,0
0.29604927,0.39248392,0.31146687,0
0.28793478,0.45074812,0.26131704,0
0.24549286,0.54035455,0.21415263,0
0.29325306,0.46289444,0.24385253,0
0.2901569,0.41960195,0.2902412,0
0.29652777,0.39113685,0.3123354,0
0.33478144,0.36399668,0.3012219,0
0.31333593,0.3646411,0.32202294,0
0.29410374,0.38976505,0.3161312,0
0.2893962,0.40232685,0.30827698,0
0.30744505,0.37490764,0.31764725,0
0.2781517,0.42222404,0.29962426,0
0.35129318,0.29415867,0.35454822,1
0.341266,0.3342379,0.3244961,-1
0.33352205,0.33192673,0.33455122,1
0.29132044,0.39577642,0.31290308,0
0.2802853,0.455856,0.26385877,0
0.30511758,0.3762107,0.31867176,0
0.26713434,0.42883396,0.30403176,0
0.28512403,0.46295467,0.25192127,0
0.33731374,0.32785287,0.33483344,-1
0.28270474,0.41297218,0.30432302,0
0.2803133,0.41702965,0.302657,0
0.33699346,0.34882012,0.31418645,0
0.33077654,0.33598632,0.3332371,0
0.31295565,0.37761316,0.3094312,0
0.29836756,0.3769893,0.3246431,0
0.30587545,0.39066154,0.30346295,0
0.2842882,0.40645868,0.30925316,0
0.2719109,0.42302978,0.3050593,0
0.29978436,0.3846285,0.31558713,0
0.26862,0.4330855,0.2982945,0
0.27764577,0.40929124,0.313063,0
0.28678212,0.40646112,0.3067567,0
0.3365457,0.32609534,0.3373589,1
0.32905564,0.33999154,0.33095282,0
0.30459124,0.37953573,0.31587303,0
0.2381837,0.48832482,0.2734915,0
0.27453274,0.4647776,0.2606897,0
0.20019054,0.5565484,0.24326095,0
0.23079024,0.49984092,0.2693689,0
0.30845353,0.3749703,0.31657615,0
0.25996,0.45165533,0.28838465,0
0.23863308,0.4911436,0.27022335,0
0.22255965,0.515933,0.26150745,0
0.2784434,0.4792707,0.24228583,0
0.2690063,0.48859817,0.24239548,0
0.26137844,0.52178496,0.21683666,0
0.30803025,0.37271816,0.31925163,0
0.27145332,0.42409945,0.30444723,0
0.28846237,0.40322095,0.3083167,0
0.23954712,0.48593986,0.27451298,0
0.3404206,0.34533426,0.3142451,0
0.35001525,0.29627272,0.35371208,1
0.32113248,0.3526211,0.32624644,0
0.36448434,0.28468558,0.35083002,-1
0.32631508,0.33258784,0.34109712,1
0.3287265,0.35230246,0.31897098,0
0.3617353,0.28149533,0.35676935,-1
0.25430223,0.4533976,0.29230022,0
0.30494267,0.3776128,0.31744456,0
0.30316558,0.37669328,0.32014117,0
0.27250528,0.4256261,0.3018686,0
0.3236377,0.34228522,0.33407706,0
0.3213623,0.35018814,0.32844964,0
0.32547483,0.372769,0.30175617,0
0.25821587,0.45466533,0.2871188,0
0.29747215,0.4082489,0.29427892,0
0.30149874,0.4113821,0.28711906,0
0.31874135,0.36641166,0.31484702,0
0.25238463,0.45649138,0.291124,0
0.31445646,0.38793096,0.29761255,0
0.33470437,0.34932354,0.31597203,0
0.28389275,0.40590125,0.310206,0
0.3023084,0.37670127,0.3209903,0
0.31900263,0.3889048,0.29209256,0
0.2690143,0.43518317,0.29580256,0
0.316913,0.39279824,0.29028875,0
0.35938647,0.28561318,0.35500032,-1
0.35916188,0.3122382,0.3285999,-1
0.31026855,0.36905706,0.32067445,0
0.30513644,0.4105565,0.28430703,0
0.30886114,0.36071804,0.33042082,0
0.2571477,0.454322,0.28853035,0
0.34253117,0.31854963,0.33891913,-1
0.3054024,0.37864646,0.3159512,0
0.2733994,0.48055807,0.24604253,0
0.30993727,0.3718906,0.31817207,0
0.2918014,0.4059707,0.30222794,0
0.31722388,0.35789979,0.3248763,0
0.26523706,0.4417929,0.2929701,0
0.3039209,0.41772997,0.27834913,0
0.31274772,0.36721486,0.3200374,0
0.24530824,0.47149828,0.28319344,0
0.29368624,0.39782032,0.30849347,0
0.2668668,0.50691265,0.22622055,0
0.29551774,0.3949246,0.30955768,0
0.27071106,0.47757056,0.2517184,0
0.2951343,0.44979692,0.2550688,0
0.27940774,0.4228584,0.29773384,0
0.28416446,0.4053841,0.31045145,0
0.31547317,0.4118846,0.27264225,0
0.36926615,0.27586263,0.3548712,-1
0.2992581,0.38673323,0.31400865,0
0.33884668,0.3285466,0.33260664,-1
0.3460337,0.3272382,0.3267281,-1
0.27513766,0.42486626,0.29999605,0
0.33082622,0.36864674,0.30052707,0
0.33691478,0.31168798,0.35139725,1
0.33263597,0.34625387,0.32111013,0
0.30302274,0.38278076,0.31419653,0
0.3202932,0.346594,0.3331128,0
0.2659092,0.43673763,0.29735324,0
0.30253017,0.3703051,0.3271647,0
0.33647996,0.32099506,0.34252504,1
0.2882992,0.39733192,0.3143689,0
0.31266573,0.37347057,0.3138637,0
0.29310447,0.39410308,0.3127924,0
0.32602698,0.33829203,0.33568096,0
0.35164556,0.29434335,0.35401112,1
0.25461152,0.45021322,0.2951752,0
0.2933305,0.39006352,0.31660593,0
0.33763382,0.29784235,0.36452383,1
0.32496703,0.33855435,0.33647865,0
0.29042357,0.40271616,0.30686033,0
0.2891336,0.39361516,0.31725132,0
0.33089232,0.3259263,0.34318137,1
0.34110066,0.3192932,0.33960617,-1
0.3209239,0.34916827,0.3299078,0
0.33165467,0.3270452,0.3413001,1
0.30568832,0.3873286,0.306983,0
0.3028954,0.3730782,0.32402647,0
0.32689214,0.34055704,0.33255082,0
0.26920894,0.42309654,0.30769452,0
0.3290232,0.34602833,0.3249484,0
0.32115987,0.3503037,0.32853642,0
0.33844605,0.31759045,0.34396353,1
0.34866083,0.30590943,0.34542975,-1
0.3325445,0.3328582,0.3345973,1
0.25190917,0.4600638,0.28802702,0
0.29348472,0.38280234,0.323713,0
0.32643375,0.332931,0.34063524,1
0.3274044,0.3724732,0.30012244,0
0.34465963,0.30641875,0.34892163,1
0.33454293,0.4142924,0.25116467,0
0.2903995,0.4135331,0.2960675,0
0.26729852,0.43694103,0.29576045,0
0.3331384,0.33790353,0.328958,0
0.3461653,0.30580956,0.3480251,1
0.3296756,0.34166744,0.32865697,0
0.34421128,0.31302744,0.34276122,-1
0.29405865,0.39499408,0.3109473,0
0.3089996,0.4026696,0.28833082,0
0.367166,0.28057095,0.35226303,-1
0.29993105,0.36955673,0.33051214,0
0.35534844,0.310013,0.33463854,-1
0.34156576,0.33049497,0.3279392,-1
0.25732693,0.45407954,0.28859353,0
0.3294067,0.3797936,0.29079974,0
0.32098454,0.38378394,0.29523158,0
0.17875287,0.594148,0.22709915,0
0.27209878,0.42407882,0.3038224,0
0.36458352,0.2819379,0.35347864,-1
0.3034823,0.38145864,0.31505907,0
0.29216218,0.4361675,0.27167034,0
0.32850018,0.33810115,0.3333987,0
0.3278128,0.3695275,0.30265975,0
0.27383405,0.42736933,0.29879653,0
0.32354945,0.35618728,0.32026327,0
0.3346238,0.3604133,0.30496293,0
0.32330334,0.34608442,0.3306122,0
0.33122328,0.3337519,0.33502483,1
0.29590294,0.38722447,0.3168726,0
0.3340274,0.33399794,0.3319747,-1
0.31154874,0.3612512,0.3272,0
0.34986252,0.35343716,0.2967004,0
0.32713586,0.3388692,0.3339949,0
0.28666243,0.4057432,0.3075943,0
0.31641412,0.35204592,0.33153996,0
0.34031713,0.36885014,0.2908327,0
0.29934528,0.38058534,0.32006934,0
0.36157137,0.29596537,0.34246328,-1
0.3115451,0.36070323,0.32775173,0
0.28466552,0.40877303,0.30656144,0
0.31231242,0.36546078,0.32222676,0
0.2894662,0.40188515,0.30864862,0
0.2610777,0.4981606,0.24076168,0
0.35109162,0.33642983,0.3124786,-1
0.1961826,0.5639686,0.2398488,0
0.28425583,0.41151112,0.30423313,0
0.3235285,0.37518615,0.3012853,0
0.30975205,0.36773825,0.3225097,0
0.28637242,0.44930044,0.26432717,0
0.3090023,0.3811249,0.30987284,0
0.2822621,0.41368613,0.30405173,0
0.30072346,0.3841851,0.3150914,0
0.3210331,0.36182138,0.31714553,0
0.30965832,0.36025926,0.33008245,0
0.27055684,0.432839,0.29660413,0
0.31673354,0.35137364,0.3318928,0
0.3276703,0.34607747,0.32625216,0
0.3386725,0.32885215,0.3324754,-1
0.3155907,0.35596016,0.32844907,0
0.29501203,0.42505,0.279938,0
0.32401523,0.3629982,0.31298652,0
0.28289026,0.39892372,0.31818599,0
0.31017604,0.38465372,0.30517027,0
0.2883346,0.4009079,0.31075752,0
0.29183936,0.40478507,0.30337557,0
0.33550507,0.31975332,0.34474158,1
0.23012087,0.49996984,0.2699093,0
0.3053517,0.37904066,0.31560767,0
0.31500584,0.36692193,0.31807223,0
0.30786017,0.35962468,0.3325152,0
0.26781118,0.4898729,0.24231596,0
0.176187,0.6015527,0.22226033,0
0.2189426,0.53383476,0.24722263,0
0.28010535,0.46318325,0.25671148,0
0.26811513,0.45728347,0.27460137,0
0.28970653,0.4156738,0.29461965,0
0.32278043,0.3483663,0.32885328,0
0.27863485,0.41867858,0.30268654,0
0.30513138,0.41209778,0.28277084,0
0.28292486,0.47212318,0.24495201,0
0.3395203,0.332173,0.3283067,-1
0.25806722,0.45412531,0.28780755,0
0.35153034,0.33200404,0.31646556,-1
0.35029048,0.36808795,0.28162163,0
0.28460363,0.4008312,0.31456515,0
0.23942514,0.47893834,0.2816365,0
0.2889363,0.4019953,0.3090684,0
0.34530628,0.32771155,0.32698217,-1
0.34945792,0.30564913,0.34489298,-1
0.32883134,0.33768994,0.3334787,0
0.2939026,0.46100736,0.24509008,0
0.27651536,0.4614993,0.26198536,0
0.21945673,0.5211681,0.2593751,0
0.29115832,0.45457062,0.2542711,0
0.31979093,0.35873702,0.32147202,0
0.33343375,0.37667432,0.28989196,0
0.21977717,0.52089727,0.25932562,0
0.4063038,0.285935,0.30776128,-1
0.33214566,0.3220539,0.3458004,1
0.29121345,0.39924878,0.30953777,0
0.24327701,0.533681,0.22304203,0
0.2231565,0.51350904,0.2633344,0
0.32104003,0.36431324,0.3146468,0
0.35848597,0.30163732,0.33987674,-1
0.323329,0.34746447,0.32920656,0
0.24619228,0.47437647,0.27943122,0
0.29965574,0.38575158,0.31459263,0
0.33589727,0.3771671,0.2869357,0
0.3523727,0.29902747,0.3485998,-1
0.31719312,0.3702646,0.31254223,0
0.3013587,0.37198365,0.32665762,0
0.27708468,0.42207184,0.30084348,0
0.2955249,0.38905847,0.31541657,0
0.2984942,0.3713777,0.33012807,0
0.2735519,0.41929772,0.30715033,0
0.27992398,0.42113414,0.29894194,0
0.34297907,0.32166308,0.33535782,-1
0.29283157,0.44247344,0.26469502,0
0.2547443,0.4523739,0.29288182,0
0.34189788,0.33181188,0.32629025,-1
0.34673503,0.29717842,0.35608655,1
0.3230927,0.3739846,0.3029227,0
0.33578447,0.32650715,0.33770838,1
0.31617153,0.3496079,0.3342205,0
0.33012083,0.342193,0.32768616,0
0.3244794,0.35126352,0.32425702,0
0.30171326,0.41642407,0.28186262,0
0.3244775,0.33912826,0.33639425,0
0.31472182,0.37120166,0.3140765,0
0.3214533,0.34696364,0.33158302,0
0.30100346,0.400144,0.29885247,0
0.28629962,0.3962364,0.31746396,0
0.29147646,0.39868185,0.30984178,0
0.27789947,0.4123407,0.30975989,0
0.30922374,0.36502686,0.32574934,0
0.3376522,0.3101876,0.3521602,1
0.32372555,0.34792584,0.3283486,0
0.33629656,0.34408176,0.31962168,0
0.30516252,0.37785798,0.3169795,0
0.29545626,0.3801616,0.32438213,0
0.3208239,0.38512358,0.29405254,0
0.29559606,0.386097,0.3183069,0
0.2377653,0.4841593,0.27807537,0
0.33093813,0.32754263,0.34151924,1
0.34908903,0.31142417,0.33948678,-1
0.33203408,0.3490114,0.3189546,0
0.32582527,0.3495971,0.32457766,0
0.32894585,0.3245533,0.3465008,1
0.3165999,0.3591059,0.3242942,0
0.36577293,0.27432743,0.35989964,-1
0.3395985,0.3038578,0.35654372,1
0.3243247,0.33672124,0.3389541,1
0.3041025,0.37572756,0.32016993,0
0.2908089,0.41852635,0.29066476,0
0.29854903,0.37857202,0.32287896,0
0.3007681,0.3718495,0.3273824,0
0.3056548,0.36783305,0.3265121,0
0.30037707,0.38548052,0.31414238,0
0.33640453,0.35205585,0.31153965,0
0.33081636,0.33749273,0.33169094,0
0.33166933,0.32342723,0.34490347,1
0.3405151,0.31833512,0.3411498,1
0.28024805,0.41057745,0.30917448,0
0.32328227,0.33051673,0.34620106,1
0.25149018,0.45816705,0.29034287,0
0.26574895,0.4332742,0.30097684,0
0.34913248,0.29263595,0.35823154,1
0.26474833,0.5025553,0.23269632,0
0.21650276,0.5267622,0.2567351,0
0.29997292,0.4578945,0.2421326,0
0.31635076,0.35780144,0.3258478,0
0.2563318,0.45692602,0.28674215,0
0.2846593,0.41267455,0.30266622,0
0.30870125,0.37786785,0.3134309,0
0.35682437,0.30575854,0.3374172,-1
0.2775613,0.42338577,0.299053,0
0.31547716,0.35106814,0.33345476,0
0.31544623,0.36187792,0.32267588,0
0.29787588,0.4490087,0.2531154,0
0.23245761,0.4888938,0.2786486,0
0.32007432,0.42771778,0.252208,0
0.33577093,0.31828234,0.34594676,1
0.31067798,0.36806935,0.32125267,0
0.3221725,0.35063282,0.3271947,0
0.33891523,0.34995052,0.3111343,0
0.27049878,0.48314172,0.24635954,0
0.27460268,0.43867227,0.28672504,0
0.21520972,0.52395487,0.2608354,0
0.3499016,0.3462837,0.30381465,-1
0.30732137,0.37582684,0.3168518,0
0.30288836,0.38157237,0.31553927,0
0.2909988,0.47099888,0.23800233,0
0.2893004,0.40852052,0.302179,0
0.2596431,0.45127785,0.28907904,0
0.29731017,0.3905799,0.31210998,0
0.35456142,0.28685564,0.35858294,1
0.3436786,0.3279928,0.32832864,-1
0.32372817,0.35067302,0.32559878,0
0.29905516,0.42311653,0.2778283,0
0.2814715,0.41558936,0.3029392,0
0.24999417,0.46698564,0.28302017,0
0.29497668,0.37881753,0.32620576,0
0.34654114,0.2969409,0.35651797,1
0.3022434,0.38345176,0.31430477,0
0.3218423,0.35171852,0.3264392,0
0.31966877,0.34871325,0.331618,0
0.3551181,0.29354718,0.35133475,-1
0.35164645,0.2992934,0.3490601,-1
0.24597871,0.46371838,0.290303,0
0.34752846,0.3478262,0.3046454,0
0.3482607,0.3077202,0.34401906,-1
0.2589241,0.45134184,0.28973407,0
0.26674828,0.44063133,0.29262036,0
0.25253412,0.46343458,0.2840313,0
0.32275647,0.3757913,0.30145228,0
0.33669257,0.31342643,0.34988105,1
0.34181422,0.3168558,0.34133002,-1
0.3652544,0.28010175,0.35464382,-1
0.34243548,0.31483403,0.34273046,1
0.32619348,0.33007747,0.34372902,1
0.3154252,0.34432968,0.3402451,0
0.295627,0.38378993,0.32058305,0
0.31651023,0.3649634,0.31852633,0
0.29112974,0.45895365,0.24991661,0
0.30047598,0.3793292,0.32019484,0
0.3110063,0.37197417,0.31701958,0
0.17585883,0.60155994,0.22258127,0
0.30992708,0.40826806,0.28180483,0
0.34638834,0.32577336,0.32783836,-1
0.28476802,0.39828596,0.3169461,0
0.33140326,0.36886603,0.29973075,0
0.3233524,0.34624916,0.33039844,0
0.29497772,0.39355484,0.31146744,0
0.29542106,0.38767216,0.31690687,0
0.31550518,0.3835151,0.3009797,0
0.33235565,0.34137037,0.32627404,0
0.2872308,0.4430791,0.2696901,0
0.17230847,0.6089537,0.21873774,0
0.2684536,0.43504798,0.29649845,0
0.33901238,0.30424836,0.35673928,1
0.2835278,0.41004023,0.30643192,0
0.32472256,0.38092536,0.29435208,0
0.33025193,0.34870905,0.32103908,0
0.33653477,0.384509,0.27895632,0
0.260795,0.45072034,0.28848463,0
0.30053318,0.37378904,0.32567784,0
0.2594118,0.44528002,0.29530814,0
0.32771856,0.3473955,0.32488596,0
0.30221158,0.38318682,0.31460157,0
0.22806504,0.5061573,0.26577777,0
0.29057273,0.40264046,0.3067868,0
0.31575933,0.3608793,0.32336143,0
0.21075487,0.53457516,0.25466993,0
0.3205032,0.3712914,0.3082054,0
0.29344594,0.40006012,0.30649388,0
0.27034515,0.4324036,0.29725125,0
0.25954974,0.45519805,0.28525218,0
0.29100224,0.39982405,0.3091737,0
0.2794044,0.42253,0.29806557,0
0.28717676,0.4486243,0.26419896,0
0.2620347,0.49287742,0.24508788,0
0.29174724,0.41436598,0.29388678,0
0.2908168,0.44433346,0.26484975,0
0.1459661,0.66021657,0.19381735,0
0.24697897,0.46112064,0.29190046,0
0.22777016,0.5933881,0.17884175,0
0.22794327,0.5061326,0.26592422,0
0.22722037,0.5076564,0.26512325,0
0.3091314,0.37332028,0.31754833,0
0.25168893,0.46225694,0.28605416,0
0.2889976,0.4588476,0.25215477,0
0.28616005,0.40139002,0.31244996,0
0.28105116,0.4259087,0.29304016,0
0.32486206,0.35587317,0.3192648,0
0.36947253,0.27520198,0.35532546,-1
0.28906688,0.39744467,0.31348842,0
0.24134761,0.48262036,0.27603206,0
0.32100743,0.3531874,0.32580513,0
0.34589988,0.34989673,0.3042034,0
0.22851425,0.5021101,0.26937565,0
0.3001861,0.3968865,0.3029274,0
0.33659083,0.3125224,0.35088673,1
0.24183127,0.48099354,0.27717516,0
0.30213273,0.40865627,0.28921098,0
0.3405613,0.3216552,0.3377835,-1
0.3050274,0.3815973,0.31337532,0
0.24523552,0.47592065,0.2788438,0
0.29212788,0.3970446,0.31082752,0
0.31792718,0.3598236,0.32224917,0
0.31588888,0.3599262,0.32418492,0
0.37343636,0.2693335,0.35723013,-1
0.338491,0.32290864,0.33860037,1
0.2731134,0.42855906,0.29832754,0
0.27798122,0.40788907,0.3141297,0
0.33532658,0.33194563,0.33272785,-1
0.3263883,0.33458367,0.33902797,1
0.23166439,0.49978724,0.2685484,0
0.3105839,0.3698307,0.31958538,0
0.33862066,0.33646724,0.32491213,-1
0.2386128,0.48615232,0.27523488,0
0.30778304,0.4147253,0.27749166,0
0.34109414,0.31011364,0.34879223,1
0.26301318,0.442863,0.29412386,0
0.2841366,0.44888362,0.26697978,0
0.31612095,0.3667261,0.31715295,0
0.2843279,0.40609458,0.30957755,0
0.23573874,0.49261224,0.271649,0
0.32470015,0.34739804,0.32790178,0
0.2446006,0.47958526,0.27581412,0
0.26804006,0.508762,0.22319803,0
0.30291063,0.3835197,0.31356966,0
0.26056397,0.44971156,0.2897245,0
0.31028202,0.36903495,0.32068297,0
0.30704942,0.37453043,0.3184201,0
0.34201324,0.33301267,0.32497403,-1
0.24179505,0.4825404,0.27566448,0
0.2747107,0.41019917,0.3150901,0
0.30955327,0.37289298,0.31755373,0
0.32700193,0.3833134,0.28968462,0
0.34369445,0.3018645,0.35444108,1
0.28274572,0.40618834,0.31106594,0
0.30520046,0.42757416,0.26722538,0
0.28768054,0.40717998,0.30513942,0
0.29370445,0.40158954,0.30470598,0
0.33031014,0.3411289,0.328561,0
0.31088626,0.37608978,0.313024,0
0.2932905,0.42197996,0.28472948,0
0.3078962,0.37734234,0.31476143,0
0.31534263,0.34954923,0.33510813,0
0.27385357,0.42341453,0.3027319,0
0.26626188,0.5076401,0.22609796,0
0.24426594,0.5604425,0.1952915,0
0.21418312,0.530813,0.25500393,0
0.27164114,0.4323013,0.2960576,0
0.33252606,0.31758618,0.34988776,1
0.33326837,0.3552067,0.3115249,0
0.31399542,0.40087008,0.28513458,0
0.30590883,0.40194058,0.2921505,0
0.30621308,0.37574282,0.31804407,0
0.2663651,0.44202858,0.29160637,0
0.3177415,0.34857756,0.33368096,0
0.31245673,0.35626072,0.33128256,0
0.36065358,0.2855516,0.35379487,-1
0.342232,0.3205718,0.33719617,-1
0.2867906,0.44674912,0.26646024,0
0.3104825,0.374401,0.31511647,0
0.31107837,0.35393018,0.3349915,0
0.3017691,0.3912515,0.30697942,0
0.29063258,0.43965745,0.26970997,0
0.3158386,0.34957814,0.33458322,0
0.28191698,0.41251054,0.30557257,0
0.36526138,0.28830287,0.3464358,-1
0.3692231,0.27729726,0.3534797,-1
0.21714458,0.52359504,0.2592603,0
0.26490355,0.43994346,0.29515296,0
0.2807971,0.43675736,0.28244546,0
0.23235846,0.4954248,0.27221668,0
0.3720801,0.27067888,0.35724106,-1
0.26232105,0.4733939,0.26428506,0
0.34605056,0.3273792,0.32657024,-1
0.35943875,0.2558654,0.38469586,1
0.2888175,0.39037895,0.32080358,0
0.34411505,0.31907263,0.33681232,-1
0.36540502,0.28044942,0.3541456,-1
0.4087121,0.23841311,0.35287482,-1
0.31596556,0.35978752,0.32424688,0
0.31444362,0.3681253,0.3174311,0
0.295672,0.44846454,0.25586358,0
0.35355607,0.33830097,0.3081429,-1
0.32493338,0.40075934,0.27430722,0
0.3215494,0.3463028,0.33214775,0
0.20252582,0.5513719,0.24610236,0
0.30028263,0.39345384,0.30626354,0
0.31291527,0.36182523,0.32525954,0
0.31595385,0.34709203,0.33695406,0
0.31295303,0.36515298,0.32189396,0
0.28192857,0.41422442,0.30384696,0
0.33010915,0.3517304,0.3181604,0
0.31158218,0.36066,0.32775784,0
0.30520636,0.38403144,0.31076217,0
0.32968208,0.39231092,0.27800697,0
0.32026723,0.35622984,0.32350293,0
0.27602887,0.46010447,0.2638667,0
0.30218592,0.39116746,0.3066466,0
0.30048177,0.38469025,0.31482798,0
0.34188327,0.33688864,0.32122803,-1
0.3293451,0.3377246,0.3329303,0
0.3092938,0.36015555,0.33055052,0
0.36301938,0.2930922,0.3438884,-1
0.28162235,0.4073935,0.31098422,0
0.3769944,0.26476467,0.35824096,-1
0.3409353,0.3388899,0.3201748,-1
0.3315633,0.35305977,0.315377,0
0.31486,0.36156508,0.32357487,0
0.37921774,0.23785685,0.38292542,1
0.36482394,0.27816257,0.35701346,-1
0.20109493,0.5528885,0.24601656,0
0.2741222,0.41247588,0.3134019,0
0.32604906,0.33744776,0.33650318,0
0.33023584,0.3478485,0.32191566,0
0.26284403,0.5144373,0.22271867,0
0.25521412,0.45265496,0.29213092,0
0.24781296,0.47104487,0.28114223,0
0.35508832,0.29145098,0.35346073,-1
0.32148305,0.36981225,0.30870476,0
0.36323816,0.28491506,0.3518468,-1
0.24027027,0.48540488,0.27432486,0
0.30045182,0.37682718,0.322721,0
0.30931634,0.37279794,0.3178858,0
0.28948718,0.4450863,0.26542655,0
0.31120783,0.3687221,0.32007006,0
0.30187005,0.37882957,0.31930038,0
0.34091252,0.32233688,0.3367506,-1
0.34674686,0.3214095,0.33184367,-1
0.3323041,0.3492221,0.3184738,0
0.30023327,0.4213911,0.2783757,0
0.17413941,0.6054553,0.22040527,0
0.26656964,0.43850878,0.2949216,0
0.3480012,0.30100793,0.35099086,1
0.35068786,0.2973926,0.35191956,1
0.2813192,0.41879082,0.2998899,0
0.31616518,0.39975578,0.2840791,0
0.30569917,0.37807408,0.31622675,0
0.2797922,0.43625057,0.2839572,0
0.26087564,0.51851386,0.2206105,0
0.32686722,0.34020278,0.33292997,0
0.2525657,0.46338025,0.28405398,0
0.32477975,0.35029715,0.32492307,0
0.32844225,0.35415378,0.31740403,0
0.3000233,0.3884596,0.3115171,0
0.29567927,0.39245674,0.311864,0
0.29368588,0.4190628,0.28725138,0
0.32436472,0.35321376,0.32242152,0
0.2930688,0.43914062,0.26779068,0
0.20161371,0.5485686,0.24981768,0
0.21403365,0.5305661,0.25540027,0
0.34374553,0.3875487,0.26870576,0
0.30827305,0.3719189,0.3198081,0
0.36323577,0.28797713,0.3487872,-1
0.2728897,0.47235712,0.2547532,0
0.31810334,0.3604527,0.32144392,0
0.3187732,0.35470006,0.3265267,0
0.26879603,0.48955104,0.24165286,0
0.2507406,0.466302,0.28295743,0
0.29279694,0.3972596,0.30994356,0
0.30071226,0.37890178,0.320386,0
0.26685214,0.49088952,0.24225834,0
0.30881494,0.3831257,0.30805945,0
0.27079648,0.45501134,0.2741922,0
0.24225107,0.47838858,0.27936035,0
0.29082808,0.40329987,0.3058721,0
0.3215928,0.35939264,0.3190145,0
0.31314716,0.3627465,0.32410634,0
0.31182632,0.40158936,0.28658435,0
0.3469365,0.33210143,0.32096207,-1
0.32357556,0.35144475,0.32497975,0
0.3158533,0.3935808,0.2905659,0
0.3092909,0.35776412,0.33294496,0
0.3460606,0.34832278,0.30561665,0
0.31428823,0.36243466,0.32327715,0
0.28400412,0.40621352,0.30978242,0
0.30522674,0.4101872,0.2845861,0
0.26998037,0.43477136,0.29524827,0
0.28636187,0.3961127,0.31752542,0
0.3102715,0.36834642,0.32138208,0
0.31885225,0.36788815,0.31325963,0
0.3116293,0.36734563,0.32102507,0
0.2910291,0.4364286,0.27254236,0
0.21278101,0.58908427,0.19813469,0
0.2590774,0.4491805,0.29174206,0
0.2748188,0.4128369,0.31234434,0
0.31157178,0.36135164,0.32707655,0
0.3304371,0.33695984,0.33260304,0
0.3072855,0.40363556,0.28907898,0
0.2811187,0.46193716,0.25694412,0
0.3261336,0.3441607,0.32970572,0
0.32553512,0.3535357,0.32092914,0
0.3013599,0.41745347,0.2811866,0
0.28400412,0.40587586,0.31012002,0
0.29809782,0.37503946,0.32686275,0
0.3378669,0.32179236,0.34034073,1
0.32455426,0.36746955,0.30797616,0
0.30062133,0.42036292,0.27901572,0
0.31418297,0.35428265,0.33153445,0
0.29662538,0.38482648,0.31854814,0
0.3349706,0.32332277,0.34170663,1
0.33205372,0.33514696,0.33279926,0
0.3224557,0.36714688,0.3103974,0
0.30216873,0.37986848,0.31796283,0
0.30722076,0.36404163,0.32873768,0
0.26914877,0.43015912,0.3006921,0
0.32080466,0.34077033,0.33842498,0
0.31413567,0.35949656,0.3263678,0
0.29276738,0.39469576,0.3125368,0
0.284447,0.47872964,0.2368234,0
0.2595949,0.45418426,0.2862208,0
0.28106716,0.41962302,0.29930985,0
0.2994123,0.38828704,0.31230068,0
0.2919058,0.45275283,0.25534138,0
0.32408535,0.34284288,0.3330718,0
0.34335196,0.31532258,0.34132546,-1
0.33958036,0.3099708,0.35044888,1
0.37343636,0.2693335,0.35723013,-1
0.3035926,0.3724783,0.32392904,0
0.31283498,0.3504209,0.3367441,0
0.357413,0.28135625,0.36123085,1
0.31189737,0.3676367,0.32046595,0
0.30522823,0.37798047,0.31679136,0
0.32840735,0.3364749,0.33511773,0
0.33253425,0.3306928,0.33677292,1
0.36617598,0.27933925,0.35448477,-1
0.28783065,0.40262392,0.30954546,0
0.26626432,0.43170094,0.30203474,0
0.36100203,0.28429583,0.35470212,-1
0.27615902,0.42465356,0.2991874,0
0.3094008,0.369087,0.3215122,0
0.3288765,0.32347405,0.3476495,1
0.27766857,0.41966256,0.30266893,0
0.29355642,0.39523062,0.31121293,0
0.34021497,0.31070682,0.3490782,1
0.3163859,0.35060683,0.33300728,0
0.29656246,0.3929707,0.31046686,0
0.35590267,0.28993887,0.35415852,-1
0.32806447,0.3381369,0.33379862,0
0.29782066,0.3887892,0.31339008,0
0.2737264,0.42687228,0.29940128,0
0.36931434,0.2648261,0.36585957,-1
0.37011397,0.2736062,0.35627985,-1
0.3506527,0.3267903,0.32255703,-1
0.31568113,0.3600965,0.32422233,0
0.3059504,0.36496577,0.32908386,0
0.29369333,0.3887117,0.31759498,0
0.3388092,0.33622432,0.32496646,-1
0.35270545,0.2896766,0.3576179,1
0.29662406,0.38568476,0.31769115,0
0.30641896,0.37528738,0.31829366,0
0.37872997,0.25169587,0.36957416,-1
0.36030242,0.27381304,0.3658845,1
0.27622184,0.41228646,0.3114917,0
0.28217596,0.4039632,0.31386086,0
0.347323,0.30459955,0.34807742,1
0.29450193,0.38519517,0.32030293,0
0.3382971,0.34271905,0.31898385,0
0.32458177,0.34215504,0.33326325,0
0.32174802,0.3418404,0.33641163,0
0.2533789,0.46285203,0.2837691,0
0.3424118,0.309461,0.3481272,1
0.25851148,0.47721508,0.26427346,0
0.30328512,0.37285492,0.32385993,0
0.30548444,0.37781033,0.31670526,0
0.35140452,0.30790663,0.34068882,-1
0.3089525,0.3712083,0.31983915,0
0.31843972,0.38239646,0.29916382,0
0.33680576,0.3121961,0.3509982,1
0.2816201,0.41061857,0.30776137,0
0.35067785,0.29451144,0.35481068,1
0.31889692,0.35166338,0.32943967,0
0.3375545,0.3070885,0.35535702,1
0.34314293,0.32703668,0.3298204,-1
0.326815,0.32821774,0.34496728,1
0.28686386,0.40324146,0.3098946,0
0.32562098,0.33043864,0.34394044,1
0.2721899,0.42246038,0.3053497,0
0.35408172,0.31020343,0.33571488,-1
0.33815655,0.31749243,0.34435102,1
0.2449589,0.47350404,0.281537,0
0.3501624,0.34729472,0.30254292,-1
0.36457887,0.27729684,0.35812426,-1
0.2971341,0.4102109,0.29265502,0
0.31821105,0.3559037,0.3258852,0
0.33259544,0.3724112,0.29499346,0
0.3207549,0.35244602,0.32679904,0
0.26100513,0.44480795,0.2941869,0
0.3592674,0.2774193,0.3633133,1
0.37373242,0.26937032,0.35689723,-1
0.3139089,0.36292782,0.32316327,0
0.33494636,0.33367828,0.33137527,-1
0.37518755,0.24621919,0.3785932,1
0.34176707,0.33915356,0.31907934,-1
0.24687544,0.4674096,0.28571486,0
0.34211203,0.38980523,0.26808277,0
0.3564227,0.28452834,0.359049,1
0.31698164,0.3566047,0.32641363,0
0.28099486,0.46870655,0.25029865,0
0.35804537,0.30455598,0.33739868,-1
0.2330289,0.49617314,0.27079788,0
0.32957774,0.40384132,0.26658094,0
0.31217265,0.36721334,0.32061407,0
0.27993298,0.4158242,0.3042428,0
0.26672497,0.44003513,0.29323992,0
0.32366198,0.36353043,0.3128076,0
0.30001137,0.40832025,0.29166842,0
0.25398022,0.46095234,0.28506744,0
0.3239612,0.35854176,0.31749701,0
0.35325384,0.30507812,0.34166804,-1
0.3074949,0.3706108,0.3218943,0
0.33271155,0.33349323,0.33379522,1
0.2824469,0.39913055,0.3184226,0
0.3015297,0.37926126,0.31920898,0
0.36616924,0.2819509,0.35187978,-1
0.31743288,0.3960313,0.28653577,0
0.3636525,0.29255417,0.34379327,-1
0.37442306,0.2689179,0.35665905,-1
0.3457935,0.30339846,0.35080805,1
0.30769524,0.37325177,0.31905296,0
0.3319348,0.31576163,0.35230356,1
0.31102407,0.35562378,0.33335215,0
0.3085822,0.3633497,0.3280681,0
0.29735595,0.3919689,0.31067514,0
0.3618998,0.28324696,0.35485318,-1
0.35917643,0.28794718,0.35287637,-1
0.3708599,0.27411166,0.3550285,-1
0.33810914,0.31970158,0.34218928,1
0.37553677,0.2522979,0.37216532,-1
0.32393405,0.33968973,0.33637625,0
0.33181354,0.34665957,0.32152697,0
0.32083783,0.3491719,0.32999024,0
0.3733625,0.2570314,0.3696061,-1
0.37378135,0.26917255,0.35704616,-1
0.31534055,0.34560812,0.33905128,0
0.29982904,0.4206404,0.27953053,0
0.31687734,0.3782325,0.3048901,0
0.32373208,0.32454997,0.351718,1
0.37563676,0.2643597,0.36000356,-1
0.3530495,0.299694,0.34725657,-1
0.32547808,0.33535823,0.3391637,1
0.2912972,0.43610972,0.27259308,0
0.3124508,0.35465434,0.33289486,0
0.30662122,0.3681915,0.3251872,0
0.28846052,0.40212244,0.309417,0
0.32622364,0.35157478,0.32220155,0
0.34888154,0.3070721,0.34404635,-1
0.32912096,0.33641198,0.33446702,0
0.2866354,0.401032,0.3123325,0
0.37155634,0.2664882,0.36195546,-1
0.3212269,0.3804576,0.29831544,0
0.29549402,0.38809356,0.3164124,0
0.2817783,0.4023932,0.3158285,0
0.36722767,0.2574142,0.37535813,1
0.3122693,0.3927143,0.29501647,0
0.21641134,0.52521616,0.25837255,0
0.37730038,0.2929723,0.32972726,-1
0.34663695,0.3010576,0.35230544,1
0.25881836,0.45202988,0.2891517,0
0.28405315,0.41321498,0.30273187,0
0.3070432,0.42334524,0.2696116,0
0.3134275,0.3647579,0.32181457,0
0.3382525,0.32863498,0.33311254,-1
0.36662737,0.27444115,0.35893142,-1
0.2955635,0.39338723,0.31104928,0
0.32450217,0.3468361,0.32866177,0
0.32765144,0.3721582,0.30019033,0
0.340563,0.3045936,0.3548434,1
0.2878565,0.40560585,0.3065377,0
0.29078704,0.39049008,0.31872284,0
0.3634105,0.2990388,0.3375507,-1
0.2930781,0.43072167,0.27620023,0
0.27510306,0.41459212,0.31030482,0
0.34117135,0.3161524,0.34267625,1
0.32404828,0.33662707,0.33932462,1
0.36544818,0.2853697,0.34918213,-1
0.37354967,0.2692943,0.357156,-1
0.33022836,0.31807077,0.3517009,1
0.30303,0.40558177,0.29138818,0
0.2305862,0.5000211,0.26939276,0
0.25223503,0.46320054,0.28456438,0
0.31115416,0.36658254,0.32226324,0
0.29073462,0.45752463,0.25174072,0
0.24705398,0.47686997,0.27607614,0
0.24293089,0.48003918,0.27702996,0
0.32819682,0.32014996,0.35165322,1
0.33133057,0.33373076,0.33493873,1
0.33304042,0.3278278,0.3391318,1
0.37343636,0.2693335,0.35723013,-1
0.37358648,0.26913136,0.3572821,-1
0.37386435,0.26968578,0.35644987,-1
0.27221215,0.4198142,0.3079737,0
0.31259128,0.35657445,0.33083427,0
0.32720283,0.37186226,0.3009349,0
0.3175798,0.3796966,0.30272362,0
0.28743127,0.40583572,0.306733,0
0.28381667,0.403096,0.3130874,0
0.34844437,0.32903677,0.3225189,-1
0.32952806,0.3379522,0.3325197,0
0.32132402,0.34108222,0.3375938,0
0.32599413,0.36945587,0.30455002,0
0.35421428,0.30234772,0.34343803,-1
0.21804672,0.5239937,0.2579597,0
0.31905672,0.36175132,0.3191919,0
0.3214988,0.34092927,0.33757192,0
0.33694473,0.31949654,0.34355876,1
0.32585818,0.3713043,0.30283752,0
0.28655827,0.45904988,0.2543918,0
0.28604883,0.41593826,0.29801294,0
0.25570384,0.4575511,0.2867451,0
0.28400064,0.4005793,0.31542003,0
0.31017965,0.3706635,0.31915686,0
0.35047334,0.30342206,0.34610462,-1
0.32586032,0.33796552,0.33617422,0
0.32001665,0.3544706,0.32551274,0
0.27987683,0.41874474,0.30137846,0
0.3310568,0.33176735,0.33717585,1
0.3406315,0.29936695,0.3600015,1
0.28702584,0.39240572,0.32056838,0
0.29869607,0.4146918,0.28661212,0
0.3414409,0.30858934,0.34996977,1
0.30507776,0.37013853,0.32478374,0
0.32307985,0.3755843,0.3013358,0
0.26158234,0.4400923,0.2983254,0
0.29602885,0.38522503,0.31874606,0
0.3095207,0.36590794,0.32457134,0
0.2548202,0.52053744,0.22464228,0
0.25833988,0.45582858,0.2858315,0
0.3310395,0.39605114,0.27290937,0
0.19249737,0.5708243,0.23667833,0
0.29505572,0.40613616,0.2988082,0
0.3208417,0.34354186,0.3356164,0
0.3073167,0.41326368,0.2794196,0
0.3604768,0.28909835,0.35042486,-1
0.30167863,0.38287935,0.315442,0
0.3103296,0.3966267,0.29304373,0
0.3384791,0.31494206,0.34657884,1
0.29167265,0.40303814,0.30528915,0
0.31353337,0.40047324,0.28599343,0
0.23005097,0.5026389,0.26731008,0
0.29259685,0.38974822,0.3176549,0
0.27978542,0.46593633,0.2542782,0
0.2943735,0.45874554,0.24688098,0
0.26272798,0.4480267,0.2892453,0
0.22282147,0.51546675,0.26171184,0
0.27675343,0.47518134,0.24806523,0
0.26645097,0.4766025,0.2569466,0
0.22983618,0.49285993,0.277304,0
0.29608205,0.3928867,0.31103122,0
0.25196388,0.5257981,0.222238,0
0.31362984,0.36369014,0.32268006,0
0.30345878,0.38533443,0.3112068,0
0.17926507,0.5931578,0.22757706,0
0.30502996,0.4527629,0.2422071,0
0.297821,0.3878246,0.31435442,0
0.2592175,0.47867548,0.26210696,0
0.32839972,0.35685962,0.3147406,0
0.26046532,0.44987932,0.28965542,0
0.2878175,0.43692455,0.27525795,0
0.32377684,0.35739604,0.31882715,0
0.32736614,0.3294403,0.34319353,1
0.37540162,0.2827317,0.34186667,-1
0.2008864,0.5398931,0.2592205,0
0.39666417,0.21185648,0.39147937,-1
0.3389149,0.36101392,0.3000712,0
0.31122816,0.41211584,0.27665597,0
0.37237448,0.27049455,0.35713094,-1
0.30536774,0.37424597,0.32038635,0
0.2829018,0.45535842,0.26173982,0
0.2877044,0.40507624,0.30721933,0
0.25077096,0.4664675,0.28276154,0
0.35163313,0.30534902,0.34301782,-1
0.37390295,0.2691721,0.35692507,-1
0.3316918,0.3357317,0.33257645,0
0.2730032,0.42874327,0.29825357,0
0.25345474,0.5335071,0.21303809,0
0.30781794,0.38191533,0.31026676,0
0.22577175,0.5062223,0.26800594,0
0.17305687,0.60544074,0.22150235,0
0.25426534,0.54772586,0.19800887,0
0.31021243,0.36803186,0.32175574,0
0.29941753,0.40413955,0.29644296,0
0.34270418,0.33546206,0.32183376,-1
0.2682991,0.43663114,0.29506975,0
0.2928773,0.3971401,0.30998266,0
0.2926184,0.42780092,0.27958068,0
0.2905542,0.44286552,0.26658034,0
0.20883709,0.5406675,0.25049546,0
0.24672134,0.5281186,0.22516005,0
0.2638324,0.52648944,0.20967816,0
0.282103,0.41449574,0.3034012,0
0.36134124,0.2891032,0.3495555,-1
0.3453868,0.31214082,0.3424724,-1
0.37139428,0.26980317,0.35880253,-1
0.37604585,0.26754522,0.35640892,-1
0.34809366,0.28258494,0.36932138,1
0.33732802,0.3315216,0.33115044,-1
0.37585706,0.2935164,0.33062646,-1
0.31345454,0.38775253,0.29879293,0
0.25980762,0.49990138,0.24029104,0
0.27259988,0.47717083,0.2502293,0
0.2685362,0.4294896,0.30197418,0
0.23349747,0.49429503,0.2722074,0
0.30562118,0.3762847,0.3180942,0
0.32780632,0.3372506,0.33494312,0
0.33408818,0.33626792,0.32964393,0
0.30053705,0.42814764,0.2713153,0
0.33525857,0.3285131,0.3362283,1
0.3211232,0.38381323,0.2950636,0
0.33622593,0.35227656,0.3114975,0
0.3467642,0.30301958,0.35021618,1
0.29756644,0.37237623,0.3300573,0
0.3147859,0.38022888,0.30498528,0
0.33004165,0.33110386,0.33885452,1
0.3788842,0.24864374,0.37247205,-1
0.37221032,0.29508397,0.3327057,-1
0.37342998,0.2641473,0.36242267,-1
0.23572858,0.4681691,0.29610226,0
0.3382773,0.298228,0.3634947,1
0.27920532,0.4142376,0.30655706,0
0.35111973,0.3207371,0.32814315,-1
0.3172698,0.3589812,0.32374898,0
0.2618034,0.44525623,0.29294032,0
0.31681198,0.38362548,0.2995625,0
0.30331266,0.39678246,0.29990488,0
0.3232957,0.36284965,0.3138546,0
0.34036687,0.322581,0.33705214,-1
0.33610848,0.3476424,0.31624916,0
0.32808316,0.33960128,0.33231556,0
0.29434654,0.3840389,0.32161456,0
0.30471063,0.41002733,0.28526205,0
0.34570208,0.32854784,0.32575008,-1
0.32585567,0.33785513,0.3362891,0
0.31105193,0.36414212,0.32480597,0
0.33801818,0.348552,0.31342983,0
0.3175531,0.34463137,0.3378156,0
0.2633573,0.4370335,0.29960915,0
0.3258757,0.34778282,0.32634145,0
0.34170222,0.30643392,0.35186386,1
0.30982962,0.39869538,0.29147506,0
0.29290685,0.43346593,0.27362713,0
0.33702707,0.3407295,0.3222434,0
0.31367144,0.3750303,0.31129825,0
0.3177137,0.37516677,0.30711958,0
0.37090644,0.26398277,0.36511078,-1
0.22873925,0.490266,0.2809947,0
0.30787325,0.35815632,0.33397037,0
0.30030188,0.3757697,0.32392842,0
0.37149525,0.27444774,0.35405695,-1
0.3424575,0.32804084,0.32950172,-1
0.29422987,0.39232656,0.31344357,0
0.29885843,0.38297,0.31817156,0
0.31905988,0.4002531,0.2806871,0
0.3746418,0.26805136,0.35730687,-1
0.29451853,0.3877478,0.3177337,0
0.28968692,0.39153278,0.31878027,0
0.3639438,0.28289685,0.35315937,-1
0.38311386,0.24876647,0.36811972,-1
0.302641,0.372581,0.3247779,0
0.29771852,0.36923704,0.33304447,0
0.22180025,0.51561487,0.26258495,0
0.38057187,0.27391997,0.34550813,-1
0.2815498,0.40852785,0.30992237,0
0.28552386,0.39623433,0.3182418,0
0.30363393,0.38296297,0.31340304,0
0.31815338,0.3721541,0.30969253,0
0.37343636,0.26933348,0.35723013,-1
0.05768866,0.8106297,0.13168167,0
0.3691764,0.26309094,0.36773273,-1
0.22310418,0.49628207,0.2806138,0
0.39860445,0.19872718,0.40266842,1
0.24665558,0.46948454,0.28385988,0
0.3210259,0.4221469,0.25682727,0
0.26266113,0.39663878,0.34070006,0
0.26312283,0.44041583,0.29646137,0
0.32424942,0.34542498,0.3303256,0
0.33657172,0.33405772,0.32937056,-1
0.32059523,0.3585898,0.320815,0
0.2988096,0.38909748,0.31209293,0
0.34556583,0.30440032,0.35003385,1
0.33000013,0.36535567,0.30464417,0
0.25993124,0.43994743,0.30012137,0
0.30872878,0.40546376,0.28580746,0
0.35162246,0.2943212,0.35405633,1
0.2943828,0.4366753,0.26894194,0
0.30644235,0.38079226,0.3127654,0
0.31304228,0.42457485,0.26238284,0
0.26764157,0.43773776,0.29462063,0
0.25383168,0.46011537,0.28605303,0
0.30860087,0.4107859,0.28061324,0
0.30784184,0.3743704,0.3177878,0
0.32792005,0.36400345,0.3080765,0
0.18785764,0.5795011,0.2326413,0
0.2701836,0.43420866,0.2956078,0
0.3443856,0.31149232,0.344122,-1
0.27419814,0.41672584,0.30907604,0
0.30487663,0.39626083,0.29886255,0
0.375088,0.2683292,0.3565828,-1
0.1895287,0.5445174,0.26595393,0
0.36867806,0.27872884,0.3525931,-1
0.3094317,0.38952804,0.3010403,0
0.37184134,0.25422585,0.3739328,1
0.13659486,0.63042253,0.23298259,0
0.46922702,0.10802937,0.42274353,-1
0.31365314,0.3982661,0.2880808,0
0.37267202,0.2890228,0.33830515,-1
0.3112546,0.35701698,0.33172846,0
0.3848078,0.23724684,0.3779454,-1
0.37443724,0.26899722,0.35656556,-1
0.34813,0.29860368,0.35326633,1
0.27098727,0.4333199,0.29569283,0
0.32082835,0.35262966,0.32654196,0
0.2806207,0.41775587,0.3016235,0
0.3790557,0.24791068,0.37303367,-1
0.013548265,0.9307996,0.05565221,0
0.3942869,0.17824322,0.42746982,1
0.1900482,0.55056673,0.259385,0
0.2917084,0.37887484,0.32941675,0
0.3513581,0.3766049,0.27203697,0
0.29809317,0.3819962,0.31991056,0
0.25082693,0.46534568,0.28382742,0
0.28512654,0.46442553,0.250448,0
0.36171052,0.34143966,0.29684988,-1
0.2780969,0.43611947,0.2857836,0
0.26097175,0.4490185,0.29000968,0
0.37238362,0.26622015,0.3613962,-1
0.29135972,0.4085553,0.30008498,0
0.2892832,0.44186056,0.2688563,0
0.3216527,0.38493654,0.29341078,0
0.32428706,0.37035555,0.30535743,0
0.29757348,0.3893638,0.31306267,0
0.3107402,0.36143342,0.32782638,0
0.3271178,0.34022784,0.33265442,0
0.23895557,0.4858902,0.2751542,0
0.2749241,0.42559022,0.29948574,0
0.37473267,0.26770863,0.35755873,-1
0.02635008,0.901198,0.072451875,0
0.5781654,0.041689944,0.3801447,-1
0.29855958,0.37133968,0.3301007,0
0.30469206,0.38389838,0.3114095,0
0.26717323,0.4267499,0.3060768,0
0.3005959,0.3658937,0.33351046,0
0.2839211,0.41463017,0.30144867,0
0.33975402,0.33470824,0.32553774,-1
0.33585048,0.36649144,0.2976581,0
0.30801597,0.40893123,0.2830528,0
0.26645067,0.44124702,0.2923023,0
0.30330104,0.38642606,0.3102729,0
0.33715346,0.3289119,0.33393466,-1
0.28255555,0.407969,0.30947542,0
0.31825563,0.38738927,0.29435506,0
0.32153594,0.36796024,0.31050384,0
0.33839202,0.33590597,0.32570198,-1
0.3482389,0.3080694,0.34369177,-1
0.31510597,0.34914193,0.3357521,0
0.28122362,0.46218902,0.2565873,0
0.37650967,0.25489116,0.36859927,-1
0.35201988,0.29321146,0.35476863,1
0.3108218,0.36610225,0.32307595,0
0.31408256,0.3670069,0.31891057,0
0.32126924,0.36646622,0.31226462,0
0.25877118,0.44865134,0.29257748,0
0.3726733,0.26553625,0.36179045,-1
0.01669997,0.93014866,0.053151358,0
0.5896366,0.03347321,0.37689018,-1
0.26802012,0.41893506,0.31304488,0
0.3153327,0.38655576,0.29811156,0
0.31852984,0.3272956,0.35417452,1
0.3239448,0.3231206,0.35293463,1
0.2827062,0.46398586,0.25330797,0
0.3365534,0.33583882,0.32760775,-1
0.30764535,0.37522364,0.31713098,0
0.2856881,0.44170254,0.27260932,0
0.29917294,0.38733798,0.31348908,0
0.36841393,0.27138335,0.36020282,-1
0.36245844,0.3459986,0.291543,-1
0.36421663,0.27751923,0.35826418,-1
0.374211,0.2834903,0.3422987,-1
0.31550655,0.35083774,0.33365574,0
0.34410277,0.33547366,0.32042357,-1
0.3234582,0.34191102,0.33463085,0
0.37154227,0.26072848,0.36772922,-1
0.374631,0.26597852,0.35939053,-1
0.37640333,0.25994375,0.36365294,-1
0.31279066,0.35905507,0.3281543,0
0.31079897,0.3629306,0.3262704,0
0.3256726,0.3855979,0.2887295,0
0.23635726,0.48919055,0.27445215,0
0.243306,0.47363397,0.28306004,0
0.34513053,0.29544395,0.3594255,1
0.32823858,0.33666477,0.33509666,0
0.31854558,0.35772225,0.3237323,0
0.3341992,0.34421316,0.32158765,0
0.3051084,0.37494722,0.31994435,0
0.32018924,0.35448632,0.32532448,0
0.32759118,0.32963446,0.3427744,1
0.34282655,0.35080218,0.30637118,0
0.2691294,0.4297153,0.30115527,0
0.37309772,0.26732817,0.35957417,-1
0.31198254,0.35841662,0.32960087,0
0.30922407,0.37076405,0.32001182,0
0.29951277,0.42518756,0.2752996,0
0.35965008,0.28371507,0.3566349,-1
0.3025716,0.37319016,0.32423824,0
0.29703623,0.42662713,0.2763366,0
0.34268153,0.31509972,0.34221873,-1
0.30234495,0.38636193,0.31129313,0
0.327065,0.3510993,0.32183576,0
0.31928676,0.34530634,0.3354069,0
0.2922873,0.39422596,0.3134867,0
0.2770859,0.47546482,0.24744926,0
0.31058946,0.35851192,0.33089864,0
0.21667798,0.52570426,0.25761777,0
0.27585432,0.42314392,0.30100176,0
0.2932498,0.41372848,0.29302177,0
0.24263866,0.5374178,0.21994345,0
0.32386902,0.36131197,0.314819,0
0.19435401,0.5667226,0.23892334,0
0.29089528,0.40301856,0.30608618,0
0.28340343,0.4119214,0.30467522,0
0.2910972,0.40210244,0.30680037,0
0.3356956,0.3325311,0.33177328,-1
0.37399486,0.26900703,0.35699818,-1
0.29260176,0.392637,0.3147612,0
0.37374738,0.2692259,0.35702673,-1
0.32491738,0.3265581,0.3485245,1
0.3006106,0.3763875,0.32300186,0
0.32020542,0.38187313,0.29792145,0
0.3730169,0.31104338,0.31593972,-1
0.34243205,0.32038823,0.33717972,-1
0.3789476,0.29295942,0.328093,-1
0.3668079,0.27506635,0.35812575,-1
0.29834035,0.40244177,0.2992179,0
0.2555361,0.45824695,0.28621697,0
0.32137054,0.3389223,0.33970714,1
0.3055163,0.37793213,0.31655157,0
0.30936453,0.36658853,0.3240469,0
0.3128515,0.36375728,0.32339126,0
0.30857566,0.3779634,0.31346095,0
0.30343506,0.38115385,0.315411,0
0.3109049,0.38274768,0.30634743,0
0.31442028,0.35572535,0.32985434,0
0.30291918,0.3743262,0.32275468,0
0.28410506,0.40498397,0.3109109,0
0.31465077,0.39873442,0.2866148,0
0.30903932,0.37016812,0.32079256,0
0.3194871,0.34739596,0.3331169,0
0.3488457,0.2976919,0.3534624,1
0.32914403,0.34675223,0.32410368,0
0.30712068,0.4001944,0.29268485,0
0.24644436,0.4660668,0.28748882,0
0.31455925,0.39759722,0.28784347,0
0.36028802,0.27975747,0.3599545,-1
0.37056014,0.2650659,0.36437392,-1
0.28830078,0.40405732,0.30764195,0
0.29549953,0.45618615,0.2483144,0
0.2914653,0.43447086,0.2740638,0
0.2970539,0.38327366,0.3196725,0
0.33798712,0.31267136,0.34934145,1
0.3012574,0.38348365,0.31525892,0
0.3000188,0.38701767,0.31296352,0
0.284218,0.4108963,0.3048857,0
0.28038335,0.47278857,0.24682814,0
0.30184424,0.38500142,0.31315443,0
0.26342312,0.5000881,0.23648877,0
0.3067432,0.3925699,0.30068684,0
0.24919921,0.4690832,0.2817176,0
0.26778215,0.4306767,0.30154115,0
0.29249948,0.3998556,0.30764487,0
0.3322853,0.3592829,0.3084317,0
0.3250006,0.34524593,0.3297535,0
0.3006277,0.4048274,0.2945449,0
0.2513343,0.46549764,0.28316802,0
0.3105889,0.3873741,0.302037,0
0.28272414,0.46860155,0.24867429,0
0.36986116,0.26344636,0.36669242,-1
0.20814858,0.5400542,0.2517973,0
0.35870513,0.3300443,0.31125057,-1
0.36261567,0.30318576,0.33419856,-1
0.2514222,0.51978445,0.22879335,0
0.22602098,0.50978243,0.26419654,0
0.18137154,0.5895102,0.22911826,0
0.34432706,0.40929943,0.24637355,0
0.31578842,0.35414234,0.33006924,0
0.32287762,0.38045132,0.29667103,0
0.27995405,0.42152026,0.29852572,0
0.24861227,0.5577424,0.19364533,0
0.3036833,0.41531742,0.2809992,0
0.2748139,0.4166109,0.3085752,0
0.3448237,0.3145264,0.34064987,-1
0.24503623,0.475375,0.27958882,0
0.28539371,0.4084511,0.30615517,0
0.37363133,0.30443394,0.3219347,-1
0.3319282,0.3425194,0.32555234,0
0.2774697,0.42144606,0.30108425,0
0.31970692,0.35759062,0.32270244,0
0.32903165,0.3648143,0.30615404,0
0.33236033,0.33743334,0.33020625,0
0.29490638,0.38026658,0.32482702,0
0.30166474,0.36530825,0.33302695,0
0.3700187,0.26493627,0.36504507,-1
0.31939676,0.38105085,0.29955238,0
0.33451432,0.31989932,0.34558636,1
0.24187137,0.4773706,0.280758,0
0.31409517,0.36839357,0.3175113,0
0.2568069,0.51678485,0.22640826,0
0.24301669,0.47342157,0.2835618,0
0.20459063,0.5484453,0.24696405,0
0.22146131,0.517006,0.26153272,0
0.30725092,0.4003611,0.29238802,0
0.30882812,0.3969062,0.29426575,0
0.30040482,0.41184905,0.28774613,0
0.26606497,0.4432732,0.29066193,0
0.27067682,0.45613346,0.2731897,0
0.32377142,0.34503618,0.3311924,0
0.3547019,0.28573257,0.3595656,1
0.34719813,0.3093505,0.34345138,-1
0.23353215,0.49630943,0.27015838,0
0.24835601,0.470633,0.281011,0
0.26192632,0.4488353,0.28923842,0
0.32337627,0.38318864,0.29343504,0
0.31299335,0.4200853,0.26692137,0
0.31697416,0.36452088,0.31850496,0
0.2801886,0.41753703,0.3022744,0
0.26830357,0.4366237,0.29507276,0
0.24496537,0.47650394,0.27853072,0
0.37214887,0.30616665,0.32168442,-1
0.23953818,0.471575,0.28888682,0
0.33409896,0.33002016,0.33588088,1
0.28467986,0.4092417,0.3060784,0
0.3739596,0.2684013,0.35763907,-1
0.3346339,0.32890928,0.3364568,1
0.27704614,0.45833692,0.26461694,0
0.29023838,0.45569304,0.25406855,0
0.28858116,0.39841315,0.3130057,0
0.23999652,0.4851547,0.27484882,0
0.3263047,0.33537662,0.3383187,1
0.3526806,0.2958858,0.35143358,-1
0.2497808,0.52369994,0.2265193,0
0.2841944,0.42038468,0.29542086,0
0.27360162,0.4388214,0.28757703,0
0.33929285,0.32309058,0.33761656,-1
0.26031604,0.45013297,0.2895509,0
0.34488758,0.33094293,0.3241695,-1
0.27711847,0.42054704,0.3023344,0
0.2973125,0.38274246,0.31994498,0
0.31582192,0.4114657,0.27271235,0
0.30550307,0.3702439,0.32425302,0
0.29778558,0.388684,0.31353036,0
0.33721274,0.32020608,0.34258115,1
0.31850496,0.35351437,0.32798073,0
0.2689308,0.43641326,0.29465604,0
0.29361454,0.38649812,0.31988728,0
0.33342987,0.33440802,0.33216208,0
0.292161,0.41165692,0.29618213,0
0.31489375,0.37370372,0.3114026,0
0.28075865,0.43633288,0.2829085,0
0.24543542,0.47221774,0.28234679,0
0.2587568,0.520191,0.22105218,0
0.28929967,0.4103994,0.30030096,0
0.20836973,0.5391892,0.2524411,0
0.25258243,0.46335158,0.28406602,0
0.32672796,0.33878127,0.3344908,0
0.31273556,0.36720166,0.3200628,0
0.31684288,0.35995877,0.32319835,0
0.30330124,0.3778629,0.31883585,0
0.31047103,0.37005147,0.31947747,0
0.31478885,0.38253546,0.3026756,0
0.3118628,0.35223594,0.3359013,0
0.30154306,0.36893123,0.32952574,0
0.33415657,0.3413798,0.32446367,0
0.31668139,0.3773755,0.30594307,0
0.2842831,0.40570405,0.31001285,0
0.3091045,0.3590867,0.33180878,0
0.2884358,0.3941386,0.31742558,0
0.25720865,0.45055076,0.29224065,0
0.3229272,0.35134137,0.32573146,0
0.22696377,0.503272,0.26976424,0
0.3359962,0.32753947,0.33646435,1
0.27885708,0.4795026,0.24164036,0
0.27922225,0.41008765,0.31069005,0
0.2878723,0.44282067,0.269307,0
0.29066736,0.417162,0.29217067,0
0.25530764,0.458678,0.28601432,0
0.28910646,0.43971774,0.2711758,0
0.27721703,0.4693802,0.25340274,0
0.17170548,0.6094364,0.21885815,0
0.27037627,0.4654892,0.26413453,0
0.29384676,0.44124418,0.26490903,0
0.28153843,0.41399097,0.30447063,0
0.3148384,0.36588886,0.3192727,0
0.30481824,0.37828276,0.316899,0
0.37253338,0.2696387,0.35782796,-1
0.35494956,0.29431996,0.35073054,-1
0.3575402,0.27241635,0.3700435,1
0.2706036,0.43285957,0.29653683,0
0.3372999,0.32683274,0.33586743,-1
0.3355701,0.32121512,0.34321478,1
0.31402338,0.3541761,0.33180052,0
0.28340173,0.4060143,0.3105839,0
0.3001308,0.3851907,0.31467855,0
0.30100793,0.37660763,0.32238445,0
0.27417174,0.42531815,0.3005101,0
0.27822274,0.41379312,0.30798405,0
0.29496783,0.39312357,0.3119087,0
0.326283,0.37794816,0.2957688,0
0.31350183,0.3621058,0.3243924,0
0.32880756,0.3384115,0.3327809,0
0.30525723,0.41503578,0.27970698,0
0.29995728,0.38112175,0.31892103,0
0.30463913,0.38419017,0.31117073,0
0.29543564,0.3786796,0.3258848,0
0.33276445,0.3270412,0.3401943,1
0.3218726,0.3511206,0.32700682,0
0.25152704,0.4597736,0.28869933,0
0.32060698,0.3485283,0.33086476,0
0.34851158,0.33707267,0.31441578,-1
0.35968816,0.2867274,0.35358444,-1
0.26492152,0.4407265,0.29435197,0
0.32768726,0.34731746,0.32499528,0
0.3696719,0.28001723,0.3503109,-1
0.29603148,0.38538316,0.3185854,0
0.34095773,0.31615305,0.3428892,1
0.260857,0.4410764,0.29806668,0
0.2923278,0.3987458,0.30892637,0
0.33472586,0.32686982,0.3384043,1
0.31602734,0.3660413,0.31793135,0
0.23142307,0.50021344,0.26836357,0
0.2664444,0.439755,0.29380053,0
0.34321386,0.33465862,0.32212752,-1
0.27983287,0.41284567,0.30732143,0
0.2858676,0.4554408,0.2586916,0
0.31219625,0.36665958,0.3211442,0
0.29678202,0.4189148,0.28430316,0
0.32359642,0.3480273,0.32837626,0
0.30203685,0.3869232,0.3110399,0
0.3706101,0.26920596,0.36018395,-1
0.30310494,0.3781345,0.31876057,0
0.3544827,0.2888008,0.35671654,1
0.36845502,0.27619052,0.35535446,-1
0.37500337,0.255025,0.36997157,-1
0.3392375,0.3197978,0.34096467,1
0.3029376,0.36869073,0.32837158,0
0.2842169,0.40639535,0.30938768,0
0.2941464,0.38983116,0.31602252,0
0.2547354,0.452814,0.29245058,0
0.33004358,0.3382623,0.33169413,0
0.31078047,0.36862564,0.3205939,0
0.30791757,0.37324473,0.31883776,0
0.3504935,0.30120423,0.3483023,-1
0.30970252,0.39218104,0.29811642,0
0.2401389,0.4766865,0.28317457,0
0.31773287,0.36286202,0.3194051,0
0.34260163,0.3452615,0.31213686,0
0.3463107,0.30454758,0.34914172,1
0.2288954,0.50468504,0.26641956,0
0.2969641,0.3993359,0.30369997,0
0.24177198,0.541056,0.21717197,0
0.23590092,0.49114734,0.27295172,0
0.25566953,0.4569316,0.28739887,0
0.28111273,0.4110752,0.30781206,0
0.27179027,0.4307723,0.2974375,0
0.27326247,0.42830995,0.29842758,0
0.36451364,0.28341672,0.35206968,-1
0.35047215,0.29896444,0.35056344,1
0.28800395,0.4056562,0.30633992,0
0.2894819,0.39231062,0.31820744,0
0.35258335,0.30676913,0.3406475,-1
0.33470443,0.3327463,0.33254924,-1
0.31289628,0.35429385,0.33280987,0
0.31156263,0.37214363,0.31629378,0
0.29331854,0.3952303,0.31145114,0
0.29148236,0.38896036,0.31955722,0
0.31098086,0.39422444,0.29479468,0
0.29042667,0.3870529,0.32252052,0
0.2582256,0.45369273,0.2880817,0
0.3034631,0.41788036,0.27865654,0
0.30687767,0.41178593,0.28133646,0
0.24987659,0.46824813,0.2818753,0
0.36450642,0.28390762,0.35158592,-1
0.31337517,0.3968178,0.28980696,0
0.35337302,0.3153049,0.331322,-1
0.3172656,0.38712913,0.2956053,0
0.27121463,0.4549924,0.27379298,0
0.15019888,0.6489967,0.20080435,0
0.23116761,0.49853837,0.27029398,0
0.3160053,0.35576814,0.3282266,0
0.30900767,0.37022823,0.32076418,0
0.3323277,0.3332935,0.33437884,1
0.3472753,0.31107605,0.34164867,-1
0.31367096,0.40457198,0.28175715,0
0.30263606,0.38192117,0.31544274,0
0.26382613,0.42798805,0.3081858,0
0.35327724,0.28091848,0.36580423,1
0.30408028,0.38111755,0.3148021,0
0.37299123,0.26662916,0.36037958,-1
0.3675184,0.27987668,0.3526049,-1
0.36183903,0.26567903,0.372482,1
0.35982466,0.29001456,0.35016084,-1
0.30907983,0.3567869,0.33413333,0
0.3509087,0.28285307,0.36623833,1
0.37934676,0.23837224,0.38228098,1
0.36466137,0.26603776,0.36930084,1
0.321863,0.3452003,0.33293667,0
0.33254212,0.31642216,0.35103568,1
0.35474885,0.2766137,0.36863747,1
0.37435222,0.24639434,0.37925348,1
0.37236214,0.26021373,0.36742413,-1
0.36365855,0.27152252,0.36481893,1
0.37728456,0.24631672,0.37639877,-1
0.38258818,0.23579781,0.381614,-1
0.37548816,0.25458956,0.36992228,-1
0.37807065,0.23861527,0.38331407,1
0.34022805,0.2974188,0.36235312,1
0.36024502,0.26877457,0.37098044,1
0.35102376,0.3162275,0.33274874,-1
0.32118365,0.33247757,0.34633878,1
0.3013229,0.3728236,0.32585344,0
0.29936013,0.37576953,0.3248704,0
0.39888567,0.2560953,0.34501904,-1
0.34845588,0.30397883,0.34756532,-1
0.31156865,0.35905895,0.32937238,0
0.31595922,0.3578168,0.32622403,0
0.30258596,0.37498716,0.32242686,0
0.30084512,0.42148528,0.27766964,0
0.309318,0.35959685,0.33108512,0
0.29976344,0.37695408,0.32328248,0
0.30355823,0.3748724,0.32156932,0
0.33486328,0.33200857,0.3331281,-1
0.31896856,0.34924757,0.3317839,0
0.30347165,0.39204514,0.3044832,0
0.25394148,0.4523276,0.2937309,0
0.37508592,0.26413494,0.3607791,-1
0.35640606,0.30734667,0.33624732,-1
0.35295677,0.29267028,0.35437295,1
0.3440809,0.33550385,0.3204153,-1
0.30746257,0.3581822,0.3343552,0
0.32412237,0.34680963,0.32906798,0
0.3287267,0.344011,0.32726225,0
0.2953452,0.38062754,0.32402724,0
0.31568643,0.35752323,0.3267903,0
0.32085168,0.33878353,0.3403648,1
0.3378157,0.31438756,0.3477968,1
0.31109697,0.36860785,0.32029513,0
0.32306048,0.363621,0.31331852,0
0.32404613,0.3680999,0.30785394,0
0.30118027,0.37965167,0.31916806,0
0.28317204,0.3988521,0.3179759,0
0.2961016,0.3868175,0.31708094,0
0.29105812,0.39197287,0.31696907,0
0.2925425,0.39064708,0.31681037,0
0.24670112,0.534781,0.2185179,0
0.2611626,0.47212496,0.26671237,0
0.25710595,0.4676665,0.27522752,0
0.24473518,0.4689323,0.2863325,0
0.28597263,0.40827757,0.30574974,0
0.29921126,0.38413158,0.31665713,0
0.36956754,0.27616444,0.35426807,-1
0.32769755,0.3406773,0.33162513,0
0.32838494,0.34111774,0.33049726,0
0.3226576,0.3495587,0.32778376,0
0.33768743,0.32245097,0.3398616,1
0.32807767,0.36726794,0.30465448,0
0.35263127,0.3036533,0.3437154,-1
0.30665076,0.35857984,0.33476943,0
0.25168827,0.4616597,0.28665206,0
0.28405124,0.40993765,0.30601114,0
0.34299564,0.3202275,0.33677685,-1
0.33661532,0.34705722,0.31632742,0
0.32726344,0.3541276,0.318609,0
0.23239332,0.4985008,0.2691059,0
0.33168665,0.33490035,0.33341298,0
0.262605,0.505764,0.23163101,0
0.24849136,0.5251689,0.2263397,0
0.24661137,0.4736506,0.27973807,0
0.24642652,0.47397068,0.27960277,0
0.31650963,0.3890379,0.2944525,0
0.30674082,0.37477365,0.3184855,0
0.25814095,0.44430268,0.2975563,0
0.3180071,0.38999075,0.29200217,0
0.32394928,0.3473671,0.3286836,0
0.37429258,0.26843545,0.357272,-1
0.33303577,0.3614965,0.30546778,0
0.3706863,0.26355824,0.36575547,-1
0.34515134,0.30777162,0.347077,1
0.34682238,0.29373255,0.3594451,1
0.30995065,0.35763818,0.3324112,0
0.24067974,0.54016405,0.21915618,0
0.24094951,0.55038244,0.20866805,0
0.37684828,0.24830502,0.37484667,-1
0.37546045,0.26787227,0.35666725,-1
0.33570898,0.2935138,0.3707772,1
0.28524247,0.40890396,0.30585358,0
0.28823674,0.39550295,0.3162604,0
0.32782608,0.33005336,0.34212053,1
0.28163022,0.41687185,0.30149797,0
0.28784943,0.4054656,0.30668503,0
0.30340692,0.401947,0.29464614,0
0.26798984,0.46650884,0.26550135,0
0.2955705,0.40209982,0.30232963,0
0.22221331,0.5110956,0.266691,0
0.26311642,0.43515146,0.30173212,0
0.33196107,0.33209082,0.33594817,1
0.31561232,0.35421246,0.33017525,0
0.32110995,0.35368145,0.3252086,0
0.32999536,0.33675557,0.3332491,0
0.3148928,0.35785744,0.32724974,0
0.31839514,0.41231346,0.26929146,0
0.31890872,0.38946122,0.29163012,0
0.32295474,0.33416778,0.34287748,1
0.28958967,0.39304337,0.31736705,0
0.31301227,0.36453456,0.32245317,0
0.2776018,0.46481824,0.25757998,0
0.33298635,0.335441,0.3315726,0
0.30588672,0.3835774,0.31053585,0
0.27786285,0.41955078,0.30258644,0
0.26634914,0.43871054,0.29494032,0
0.29332864,0.39643884,0.31023246,0
0.28264287,0.46441925,0.25293794,0
0.27008656,0.43466356,0.29524988,0
0.2690415,0.45256495,0.27839366,0
0.29473487,0.39956665,0.30569845,0
0.27565345,0.4757797,0.24856687,0
0.22266656,0.516923,0.26041046,0
0.26048133,0.441803,0.29771575,0
0.29744157,0.43985003,0.2627084,0
0.1833656,0.5857131,0.23092131,0
0.22890407,0.5046697,0.26642624,0
0.3029072,0.43552274,0.26157004,0
0.31553727,0.364104,0.32035875,0
0.28753692,0.40603814,0.30642495,0
0.31453195,0.38057292,0.3048951,0
0.28111434,0.4677979,0.25108778,0
0.29131785,0.3992982,0.30938396,0
0.2932742,0.3816223,0.32510352,0
0.30583224,0.359508,0.33465976,0
0.24986576,0.46689323,0.28324106,0
0.28924832,0.4042181,0.3065336,0
0.3079822,0.39772972,0.29428813,0
0.30525976,0.37517214,0.31956816,0
0.25143325,0.46620056,0.2823662,0
0.3385923,0.33436054,0.32704717,-1
0.24946415,0.46237904,0.2881568,0
0.26324278,0.5160932,0.220664,0
0.31115034,0.36465973,0.32418996,0
0.23345548,0.49311888,0.27342564,0
0.30245242,0.4200794,0.27746817,0
0.30261564,0.38238907,0.31499532,0
0.28311786,0.41745603,0.29942605,0
0.2490841,0.46940348,0.2815124,0
0.30111355,0.3859177,0.31296873,0
0.33687904,0.3439721,0.31914884,0
0.31120643,0.37669665,0.31209686,0
0.27407482,0.41901943,0.3069058,0
0.28293368,0.4385581,0.27850822,0
0.27261192,0.4685392,0.2588489,0
0.31889254,0.3468403,0.33426714,0
0.28926146,0.39099345,0.31974503,0
0.31075335,0.36319718,0.32604945,0
0.32232428,0.37533423,0.30234152,0
0.3428013,0.3031268,0.35407186,1
0.27188525,0.4173005,0.31081426,0
0.3286588,0.33955204,0.3317892,0
0.3356544,0.32614228,0.33820334,1
0.3133128,0.36284184,0.32384536,0
0.28128237,0.40817168,0.310546,0
0.31184593,0.38293844,0.3052157,0
0.32121402,0.34061423,0.33817166,0
0.25976405,0.44451916,0.29571676,0
0.30327675,0.37049258,0.32623065,0
0.2935389,0.39063108,0.31583002,0
0.24081977,0.54715514,0.2120251,0
0.3135999,0.37398374,0.31241637,0
0.316614,0.34370896,0.33967698,0
0.3145152,0.36270463,0.32278022,0
0.3004401,0.38484955,0.31471032,0
0.3711263,0.26592407,0.36294964,-1
0.36041093,0.28305838,0.35653073,-1
0.37097505,0.26318657,0.36583844,-1
0.3217763,0.3506804,0.32754323,0
0.331077,0.32595813,0.34296483,1
0.30917898,0.39087713,0.2999438,0
0.29881,0.37787724,0.3233127,0
0.3339127,0.3212471,0.3448402,1
0.32706708,0.33270314,0.34022975,1
0.37290126,0.26359078,0.3635079,-1
0.32145926,0.35709223,0.3214485,0
0.267997,0.42663133,0.30537167,0
0.2695018,0.42603037,0.30446786,0
0.33244988,0.32337692,0.34417325,1
0.2606387,0.5069753,0.23238605,0
0.26863623,0.46889147,0.2624723,0
0.2802928,0.42455134,0.29515588,0
0.25942668,0.4516463,0.28892708,0
0.29181492,0.39851618,0.3096688,0
0.30791962,0.37855747,0.3135229,0
0.28351057,0.4036867,0.3128028,0
0.31856,0.36929768,0.31214228,0
0.31777406,0.39277706,0.2894489,0
0.31101194,0.3674007,0.32158738,0
0.30745336,0.3641416,0.32840505,0
0.27306852,0.41446933,0.31246215,0
0.3674467,0.29431424,0.33823904,-1
0.32744092,0.33436704,0.33819208,1
0.32347956,0.36344397,0.3130765,0
0.36910805,0.27612272,0.3547692,-1
0.31801617,0.34976718,0.33221668,0
0.29036212,0.4397398,0.2698982,0
0.24827604,0.46938166,0.28234223,0
0.2885764,0.4365173,0.27490634,0
0.31354862,0.37142563,0.31502572,0
0.24055856,0.4841734,0.27526808,0
0.29454055,0.4054507,0.30000877,0
0.30392483,0.38086542,0.31520978,0
0.27053714,0.42241284,0.30705002,0
0.2660479,0.44230384,0.29164827,0
0.32078707,0.35722885,0.32198408,0
0.31337586,0.379033,0.30759117,0
0.29753774,0.39075363,0.31170872,0
0.29424748,0.39415777,0.31159478,0
0.32428226,0.3585658,0.317152,0
0.3091649,0.38464335,0.30619183,0
0.2978744,0.37431416,0.32781145,0
0.28493068,0.3953842,0.31968507,0
0.32822642,0.34467602,0.32709754,0
0.34731603,0.30722427,0.3454597,-1
0.29506186,0.38011873,0.32481945,0
0.28059873,0.4124152,0.306986,0
0.26436526,0.4358336,0.29980108,0
0.27430698,0.423302,0.30239108,0
0.30212152,0.41264385,0.28523463,0
0.2575057,0.45103097,0.29146332,0
0.32610995,0.3438759,0.3300142,0
0.27739963,0.4257554,0.29684487,0
0.27805427,0.48181215,0.24013361,0
0.25520706,0.4629355,0.28185737,0
0.27167547,0.4524291,0.27589545,0
0.26783705,0.49831164,0.23385125,0
0.2872368,0.42897078,0.2837924,0
0.28715587,0.41337374,0.29947048,0
0.27257666,0.42719764,0.30022576,0
0.28203434,0.41356754,0.30439812,0
0.30857593,0.3912008,0.30022332,0
0.3193628,0.35435975,0.3262775,0
0.26587,0.44087625,0.29325375,0
0.3285112,0.35278815,0.31870058,0
0.34353018,0.3130691,0.3434007,-1
0.3093842,0.3613948,0.32922098,0
0.29279527,0.39147988,0.31572488,0
0.3064814,0.36029997,0.3332186,0
0.32596627,0.3392154,0.3348184,0
0.28050765,0.40497416,0.31451815,0
0.37176666,0.26666147,0.36157197,-1
0.32316682,0.34701523,0.32981795,0
0.2651425,0.4385577,0.29629982,0
0.30679494,0.41904658,0.27415845,0
0.303468,0.38094506,0.31558698,0
0.28134382,0.40748814,0.31116802,0
0.32931992,0.3365899,0.33409017,0
0.30771995,0.3677024,0.32457763,0
0.25881043,0.5036712,0.23751836,0
0.21920478,0.5219206,0.25887457,0
0.3176282,0.41888404,0.2634877,0
0.2797411,0.42190683,0.298352,0
0.28148252,0.43544632,0.28307113,0
0.2456602,0.47861665,0.27572313,0
0.24498458,0.4764705,0.27854487,0
0.2746384,0.4996346,0.22572693,0
0.27325702,0.43088877,0.29585427,0
0.2619437,0.44243088,0.2956255,0
0.32432088,0.34474295,0.33093616,0
0.35691574,0.28994375,0.35314047,-1
0.33306274,0.33612877,0.33080846,0
0.32850975,0.34299287,0.3284974,0
0.2905514,0.42613557,0.28331313,0
0.352494,0.3321409,0.31536508,-1
0.33025092,0.31983542,0.34991363,1
0.32261407,0.32917312,0.34821278,1
0.29410347,0.3908107,0.31508577,0
0.2700711,0.42916867,0.30076027,0
0.3224193,0.40560094,0.27197972,0
0.33523047,0.31513432,0.34963518,1
0.25573304,0.52169794,0.22256893,0
0.27361175,0.43367982,0.29270837,0
0.22745372,0.5068034,0.2657429,0
0.2718549,0.4273278,0.3008173,0
0.2736396,0.47010472,0.25625563,0
0.2521574,0.4595646,0.28827807,0
0.24840729,0.47054443,0.2810483,0
0.29511613,0.4213054,0.2835785,0
0.29538143,0.40287682,0.30174175,0
0.31750622,0.37366363,0.30883017,0
0.23784208,0.47850943,0.28364846,0
0.25353315,0.4564119,0.29005498,0
0.29434168,0.46425343,0.2414049,0
0.31004366,0.35465342,0.33530295,0
0.2762354,0.4502736,0.273491,0
0.27216077,0.43258992,0.2952493,0
0.28166342,0.4824733,0.23586333,0
0.26862168,0.43825486,0.29312348,0
0.29073212,0.39537987,0.31388804,0
0.3262112,0.37744346,0.29634526,0
0.2861512,0.4071122,0.30673665,0
0.26954818,0.43491638,0.29553553,0
0.31581625,0.3667776,0.31740612,0
0.31924683,0.4020678,0.27868527,0
0.36554724,0.2869369,0.34751585,-1
0.21705863,0.51935637,0.263585,0
0.31109226,0.4322058,0.25670198,0
0.22856607,0.50524956,0.2661844,0
0.2404063,0.5066629,0.25293076,0
0.33209786,0.33150598,0.33639622,1
0.25756535,0.490003,0.25243163,0
0.25055963,0.46794048,0.28149992,0
0.259744,0.46116236,0.2790936,0
0.28844774,0.44861692,0.26293537,0
0.29147044,0.39923805,0.30929154,0
0.2910663,0.42521378,0.28371996,0
0.27975422,0.41866583,0.30157998,0
0.26108557,0.4488252,0.2900892,0
0.28234428,0.46028817,0.25736758,0
0.29959714,0.39006513,0.31033778,0
0.23241906,0.49845538,0.2691256,0
0.3359606,0.34878528,0.3152542,0
0.27984262,0.48929036,0.23086706,0
0.2584635,0.5375642,0.20397224,0
0.15073821,0.65079784,0.19846389,0
0.26476035,0.43599018,0.29924953,0
0.317309,0.35518494,0.32750604,0
0.31708312,0.3578586,0.32505822,0
0.28234196,0.44232622,0.27533183,0
0.27335858,0.42810452,0.29853687,0
0.28477618,0.4149814,0.3002424,0
0.2769673,0.4231865,0.29984617,0
0.28206134,0.4334602,0.28447846,0
0.24267052,0.5405527,0.21677685,0
0.27810335,0.42041695,0.30147976,0
0.2855807,0.4140248,0.30039454,0
0.21120892,0.5359885,0.25280255,0
0.28511775,0.41327044,0.30161187,0
0.2743159,0.4814882,0.24419586,0
0.2359484,0.48354164,0.28050992,0
0.3019644,0.37990755,0.31812802,0
0.35256836,0.30477658,0.34265512,-1
0.31962007,0.35318598,0.3271939,0
0.33299807,0.32970122,0.33730072,1
0.34995362,0.29483953,0.35520685,1
0.30190122,0.41415554,0.2839432,0
0.3412738,0.33255258,0.32617357,-1
0.36726615,0.25683454,0.37589937,1
0.28196362,0.40102905,0.3170073,0
0.31605843,0.3751181,0.30882347,0
0.2876334,0.4353126,0.277054,0
0.38084105,0.23656791,0.3825911,1
0.35840777,0.29391104,0.34768116,-1
0.2961859,0.40425014,0.29956388,0
0.31644326,0.3651298,0.31842697,0
0.34554234,0.31123254,0.34322506,-1
0.2869816,0.4379404,0.275078,0
0.25630486,0.44822386,0.29547134,0
0.27805132,0.41544807,0.3065006,0
0.31498948,0.3507022,0.3343083,0
0.28773952,0.40521532,0.30704516,0
0.30435452,0.37960875,0.31603667,0
0.2944856,0.3925284,0.31298596,0
0.29228446,0.44969139,0.25802422,0
0.32902193,0.35565752,0.31532052,0
0.2931203,0.38111368,0.32576594,0
0.30457854,0.36875856,0.32666296,0
0.32562113,0.34570602,0.32867286,0
0.28502822,0.46825513,0.24671662,0
0.3554899,0.29059637,0.3539137,-1
0.37037164,0.26781774,0.36181062,-1
0.27292818,0.4278108,0.299261,0
0.28950363,0.4020844,0.308412,0
0.32480544,0.3741694,0.30102512,0
0.2833405,0.4045681,0.31209138,0
0.26101774,0.4485091,0.29047316,0
0.3026524,0.39655387,0.30079374,0
0.29821897,0.3878679,0.31391317,0
0.23226747,0.49872285,0.26900974,0
0.31507763,0.37769318,0.30722916,0
0.3250107,0.33572823,0.3392611,1
0.2957915,0.4178197,0.28638873,0
0.32701695,0.35104805,0.3219349,0
0.28595996,0.39637676,0.31766322,0
0.28026465,0.41787964,0.30185565,0
0.3139509,0.3746388,0.3114103,0
0.26044714,0.4353179,0.30423495,0
0.29800496,0.3914972,0.31049785,0
0.34474033,0.33446893,0.32079068,-1
0.31708452,0.3497885,0.33312696,0
0.3037548,0.3795488,0.3166964,0
0.31597596,0.39497602,0.28904805,0
0.33058926,0.33435282,0.33505788,1
0.32647946,0.36658508,0.30693546,0
0.36902457,0.26686504,0.3641104,-1
0.32750273,0.33022508,0.3422722,1
0.33278376,0.3402284,0.32698783,0
0.3183604,0.34403726,0.3376024,0
0.31901136,0.34206316,0.33892545,0
0.27981737,0.41148704,0.30869552,0
0.300986,0.42541423,0.27359974,0
0.29392126,0.39635164,0.30972707,0
0.31403804,0.3829766,0.3029854,0
0.32285467,0.37091517,0.30623016,0
0.21221572,0.53345156,0.25433266,0
0.29410017,0.3959198,0.30997995,0
0.28500563,0.47789398,0.23710035,0
0.28367463,0.39996696,0.31635833,0
0.25629562,0.45698786,0.2867165,0
0.302879,0.41847134,0.27864966,0
0.2979952,0.3911067,0.31089815,0
0.251256,0.46563247,0.28311154,0
0.31164578,0.37136856,0.31698573,0
0.3085638,0.36248705,0.32894915,0
0.32707816,0.3467636,0.32615823,0
0.30934528,0.367631,0.32302383,0
0.32249653,0.34331268,0.3341908,0
0.27796325,0.46889845,0.2531383,0
0.29773018,0.37661487,0.32565498,0
0.31952763,0.37347847,0.30699387,0
0.26725936,0.43085212,0.30188856,0
0.26706466,0.4387095,0.2942258,0
0.33550674,0.3222739,0.3422194,1
0.31018084,0.40160978,0.28820938,0
0.26915252,0.4521264,0.278721,0
0.192051,0.57165694,0.23629214,0
0.27309033,0.4244453,0.30246443,0
0.29022002,0.46110955,0.24867043,0
0.31383455,0.37000912,0.3161563,0
0.25334677,0.5278314,0.21882191,0
0.25329605,0.4621262,0.2845778,0
0.24787386,0.53612375,0.21600243,0
0.26362255,0.4461548,0.29022264,0
0.2681715,0.44174838,0.29008013,0
0.30829993,0.37378344,0.31791666,0
0.29827207,0.44158655,0.26014128,0
0.25751883,0.45765212,0.2848291,0
0.33823335,0.32878298,0.3329836,-1
0.3507855,0.2945252,0.35468927,1
0.3312859,0.35105222,0.3176618,0
0.32854667,0.36332706,0.3081262,0
0.3231825,0.33473635,0.34208113,1
0.3250662,0.3368236,0.3381102,1
0.30940893,0.37046173,0.32012928,0
0.30790967,0.4082435,0.2838468,0
0.32901847,0.32605183,0.34492972,1
0.3277278,0.34769157,0.3245806,0
0.30614778,0.40428117,0.28957105,0
0.2767154,0.42258334,0.30070126,0
0.29737237,0.4166654,0.28596216,0
0.28800353,0.39608663,0.31590977,0
0.28576642,0.46552578,0.2487078,0
0.25543916,0.5087134,0.23584731,0
0.30043206,0.39000916,0.3095588,0
0.2966253,0.4416566,0.26171812,0
0.29489738,0.4215853,0.28351733,0
0.25472188,0.45968112,0.285597,0
0.2185311,0.5226849,0.25878397,0
0.2669852,0.4399729,0.29304186,0
0.29663622,0.4646653,0.23869851,0
0.2789783,0.45404884,0.26697284,0
0.23153792,0.50063044,0.2678316,0
0.23613213,0.49192142,0.2719464,0
0.3526634,0.33048275,0.31685382,-1
0.32615525,0.3395276,0.3343172,0
0.31294155,0.38819498,0.29886344,0
0.28545678,0.40759316,0.30695006,0
0.3276491,0.34121326,0.33113763,0
0.28391972,0.41307694,0.30300328,0
0.32687658,0.32823777,0.34488565,1
0.2414362,0.5396061,0.21895768,0
0.2735059,0.43574494,0.2907491,0
0.24941011,0.46864003,0.2819498,0
0.2501168,0.46347764,0.28640556,0
0.29353404,0.3973665,0.30909947,0
0.2743505,0.4559864,0.26966307,0
0.26798707,0.438011,0.29400194,0
0.21427214,0.53077286,0.25495502,0
0.29926533,0.39090177,0.30983293,0
0.27965215,0.4587385,0.2616093,0
0.27516457,0.44522575,0.27960965,0
0.2261777,0.50866944,0.2651528,0
0.28761905,0.40842065,0.30396026,0
0.2818314,0.44117066,0.27699792,0
0.28627545,0.4565356,0.25718898,0
0.2737462,0.4623114,0.26394236,0
0.23075351,0.4972901,0.27195638,0
0.25030702,0.46726668,0.2824263,0
0.30175728,0.4535068,0.24473593,0
0.30466962,0.37465018,0.3206801,0
0.2680321,0.4370804,0.29488748,0
0.2829101,0.4132996,0.30379027,0
0.31574377,0.38011095,0.3041452,0
0.31755143,0.3604208,0.3220277,0
0.25690922,0.48073816,0.26235265,0
0.27204525,0.41780767,0.31014708,0
0.2824128,0.4142734,0.30331382,0
0.29799166,0.3949222,0.30708614,0
0.28955287,0.41863808,0.29180908,0
0.30019966,0.39009175,0.30970863,0
0.2686344,0.43606722,0.29529834,0
0.2690465,0.43283162,0.2981219,0
0.28083012,0.44492722,0.27424264,0
0.2303564,0.5617589,0.2078847,0
0.243656,0.4723629,0.2839811,0
0.28032416,0.41681755,0.30285832,0
0.31704023,0.3871383,0.29582143,0
0.3185306,0.35784233,0.32362708,0
0.31951284,0.36012536,0.32036182,0
0.29471654,0.38446733,0.3208161,0
0.28099057,0.41467327,0.30433616,0
0.29558608,0.3957427,0.3086712,0
0.33817258,0.31322736,0.34860003,1
0.33792785,0.32112247,0.34094974,1
0.30451593,0.3839546,0.31152946,0
0.31955263,0.35666052,0.32378688,0
0.3031781,0.366346,0.330476,0
0.3289456,0.35035783,0.32069647,0
0.28988886,0.3908635,0.31924757,0
0.29896614,0.37780935,0.32322454,0
0.27865395,0.45873988,0.2626062,0
0.29216042,0.3902907,0.31754887,0
0.27194,0.43412825,0.29393175,0
0.28095976,0.4230531,0.29598716,0
0.25936714,0.44957364,0.29105917,0
0.26976487,0.43299484,0.29724035,0
0.27159974,0.498085,0.23031527,0
0.29000765,0.40080243,0.30918995,0
0.26753646,0.44176406,0.29069954,0
0.2873264,0.39933506,0.31333852,0
0.29723474,0.41536486,0.28740042,0
0.3399087,0.33314252,0.32694876,-1
0.33335385,0.33141255,0.33523363,1
0.31157675,0.35579872,0.3326245,0
0.2835658,0.41158476,0.3048495,0
0.3688196,0.26327997,0.3679004,-1
0.34065259,0.34064174,0.31870565,-1
0.37180665,0.26383978,0.36435354,-1
0.27789086,0.4202716,0.30183744,0
0.24488033,0.47482345,0.28029624,0
0.37508973,0.25322482,0.37168545,-1
0.35750502,0.27924222,0.36325282,1
0.33734265,0.32640347,0.3362539,-1
0.29174003,0.40078798,0.30747196,0
0.34168306,0.33272097,0.325596,-1
0.29999703,0.37987196,0.320131,0
0.3235532,0.3405251,0.3359217,0
0.24447179,0.46549046,0.2900378,0
0.28033936,0.4140044,0.3056563,0
0.26399893,0.44670305,0.28929803,0
0.26756737,0.4327664,0.29966623,0
0.33065397,0.36337534,0.30597067,0
0.2884808,0.45043734,0.26108193,0
0.23252167,0.49688205,0.27059627,0
0.28364453,0.41145796,0.30489755,0
0.28607276,0.40546304,0.30846414,0
0.2967879,0.39068052,0.31253156,0
0.35674962,0.29407823,0.34917217,-1
0.3631512,0.28158116,0.35526767,-1
0.34652692,0.31114686,0.34232616,-1
0.33003843,0.33875072,0.33121088,0
0.32913288,0.36050928,0.31035784,0
0.33927554,0.30911544,0.351609,1
0.32430035,0.3361144,0.33958527,1
0.26600683,0.4293081,0.30468518,0
0.318101,0.36333108,0.31856796,0
0.27856305,0.42273143,0.2987055,0
0.29533496,0.39686814,0.30779696,0
0.32287353,0.34120622,0.33592027,0
0.29342,0.38854122,0.31803882,0
0.3116377,0.3647351,0.3236272,0
0.30524695,0.37788993,0.3168631,0
0.3118663,0.3921669,0.29596677,0
0.31390765,0.36750606,0.31858632,0
0.2362796,0.4856859,0.2780344,0
0.2782529,0.41531232,0.3064348,0
0.3340449,0.33058494,0.33537018,1
0.29790258,0.4223845,0.2797129,0
0.304257,0.41705343,0.27868956,0
0.29317972,0.39304793,0.31377238,0
0.28857547,0.41504207,0.2963825,0
0.33538613,0.3308958,0.33371806,-1
0.33420044,0.3233161,0.34248346,1
0.28591397,0.39551726,0.3185687,0
0.32551432,0.3691723,0.30531338,0
0.29472247,0.39588153,0.30939594,0
0.32108214,0.35156834,0.32734948,0
0.30338842,0.40665153,0.28996003,0
0.3348883,0.3109856,0.354126,1
0.27859733,0.41750592,0.3038968,0
0.31097183,0.4010551,0.2879731,0
0.28258082,0.4122689,0.30515024,0
0.27272797,0.42333713,0.3039349,0
0.33058554,0.3401373,0.32927716,0
0.27670524,0.4195658,0.30372894,0
0.2858408,0.42903328,0.28512597,0
0.29165822,0.40081674,0.307525,0
0.2758843,0.48856276,0.23555295,0
0.286494,0.4112353,0.30227077,0
0.29331872,0.41104645,0.29563484,0
0.26241678,0.5002411,0.23734209,0
0.23799287,0.48865896,0.27334815,0
0.25311106,0.45089057,0.29599842,0
0.37394688,0.2685692,0.35748392,-1
0.34986138,0.29788458,0.35225403,1
0.33759984,0.32427585,0.33812433,1
0.32979834,0.33757403,0.33262762,0
0.35082433,0.2953548,0.35382086,1
0.35107568,0.31606618,0.33285815,-1
0.36705467,0.25720125,0.37574413,1
0.27732775,0.40777355,0.31489876,0
0.37552792,0.25128642,0.37318563,-1
0.33393243,0.3295211,0.33654654,1
0.33443266,0.35026056,0.31530675,0
0.24800465,0.4682753,0.28372005,0
0.35554236,0.2831507,0.361307,1
0.34680557,0.29256928,0.36062518,1
0.23904362,0.48282382,0.27813256,0
0.3590775,0.29767674,0.34324571,-1
0.31430563,0.38963613,0.2960582,0
0.1787461,0.5963476,0.2249063,0
0.23193432,0.49931073,0.26875496,0
0.322947,0.33314005,0.343913,1
0.3142051,0.3637802,0.32201472,0
0.33414492,0.32788914,0.33796588,1
0.31001055,0.41891116,0.2710783,0
0.3077805,0.37430632,0.31791317,0
0.29653022,0.39110932,0.31236053,0
0.21927914,0.51673913,0.26398167,0
0.34497955,0.3537404,0.3012801,0
0.31356198,0.3520806,0.3343574,0
0.2885125,0.39452693,0.3169606,0
0.33473083,0.31040823,0.35486096,1
0.30925316,0.37071657,0.32003027,0
0.31607178,0.38672778,0.2972004,0
0.33704823,0.35062075,0.31233093,0
0.36830992,0.26239222,0.36929777,1
0.2181487,0.5238109,0.25804037,0
0.3283341,0.3313597,0.34030616,1
0.35509145,0.3070245,0.33788407,-1
0.27388197,0.42733333,0.2987847,0
0.29605824,0.39184928,0.31209254,0
0.29874766,0.38584203,0.3154103,0
0.26954705,0.43342787,0.29702505,0
0.25050256,0.46827933,0.28121814,0
0.27055597,0.44733083,0.28211322,0
0.28659436,0.45964307,0.25376257,0
0.22978993,0.5031299,0.2670802,0
0.28225285,0.41520795,0.3025392,0
0.2933334,0.39770162,0.30896494,0
0.27069184,0.4887536,0.24055459,0
0.21205555,0.535281,0.25266343,0
0.28076503,0.4200383,0.29919663,0
0.33852386,0.30883342,0.3526427,1
0.37359363,0.26924136,0.357165,-1
0.28940716,0.40551692,0.30507594,0
0.29659852,0.38782376,0.31557772,0
0.34000248,0.3453591,0.3146384,0
0.3303611,0.3392916,0.33034733,0
0.23058078,0.49219868,0.27722055,0
0.33803886,0.31336477,0.34859642,1
0.35271004,0.29533848,0.3519515,-1
0.37130755,0.27156195,0.35713047,-1
0.34634066,0.31100777,0.34265158,-1
0.3505569,0.29403558,0.35540754,1
0.2672042,0.438109,0.29468682,0
0.36010015,0.2802394,0.35966042,-1
0.32120112,0.33965188,0.33914703,0
0.29286262,0.43805477,0.26908255,0
0.29668295,0.39225832,0.31105876,0
0.27555522,0.4207973,0.30364755,0
0.3245183,0.36735457,0.30812705,0
0.3737134,0.26830262,0.35798398,-1
0.3046772,0.368957,0.3263658,0
0.3077874,0.37310502,0.31910762,0
0.3170696,0.3477587,0.3351717,0
0.36752388,0.2762037,0.35627243,-1
0.30722055,0.4022868,0.2904926,0
0.2945601,0.378601,0.32683885,0
0.3100016,0.3646141,0.32538426,0
0.31983662,0.40655485,0.27360854,0
0.3349565,0.33795428,0.3270892,0
0.3240781,0.36808658,0.30783525,0
0.33144128,0.37037212,0.29818657,0
0.30259287,0.39462084,0.30278635,0
0.26174656,0.51155204,0.22670147,0
0.2745919,0.42336825,0.30203983,0
0.26660243,0.4428831,0.29051453,0
0.26872924,0.4352538,0.29601702,0
0.2981621,0.38866198,0.31317595,0
0.3256954,0.34575915,0.32854548,0
0.29328278,0.39641523,0.310302,0
0.32769567,0.3719477,0.3003566,0
0.2515043,0.46608597,0.2824097,0
0.255455,0.53369606,0.21084897,0
0.30472168,0.3769375,0.3183408,0
0.28614512,0.46358913,0.25026584,0
0.3130464,0.36990258,0.317051,0
0.27985886,0.4175707,0.30257043,0
0.32947826,0.33651963,0.3340021,0
0.27804387,0.4205135,0.30144265,0
0.32197803,0.33861697,0.33940497,1
0.3553017,0.31024957,0.33444878,-1
0.3448943,0.33231497,0.32279077,-1
0.33652845,0.3262505,0.3372211,1
0.29580975,0.42366004,0.28053015,0
0.35174102,0.3031688,0.34509024,-1
0.31829312,0.35167995,0.33002684,0
0.21356906,0.5306081,0.25582272,0
0.29970515,0.38044888,0.31984597,0
0.2844847,0.41257003,0.30294526,0
0.3344079,0.32616457,0.33942747,1
0.34849304,0.30576017,0.34574676,-1
0.3160569,0.36073536,0.32320768,0
0.33345768,0.33248964,0.33405265,1
0.33248186,0.3531086,0.3144095,0
0.2473405,0.46408877,0.2885707,0
0.28098467,0.43330017,0.28571513,0
0.26946196,0.5038939,0.22664417,0
0.27477303,0.4256057,0.29962125,0
0.23766936,0.4892257,0.27310503,0
0.29214904,0.39684576,0.31100518,0
0.3246344,0.3484907,0.32687488,0
0.3124416,0.36734012,0.3202183,0
0.3168042,0.36297706,0.32021874,0
0.3736004,0.26952246,0.35687712,-1
0.3715859,0.27757913,0.35083503,-1
0.37029833,0.26346427,0.36623737,-1
0.33594567,0.3156976,0.34835675,1
0.33873716,0.3177309,0.34353194,1
0.30546868,0.40851516,0.28601617,0
0.320737,0.3469621,0.33230087,0
0.288732,0.39241773,0.31885025,0
0.32711825,0.34998834,0.32289344,0
0.35050756,0.2945008,0.35499164,1
0.3068279,0.36879033,0.32438174,0
0.30903867,0.38936034,0.30160102,0
0.3164954,0.3489737,0.33453095,0
0.31008697,0.36363214,0.32628086,0
0.316274,0.35509282,0.32863322,0
0.28109086,0.40387574,0.31503344,0
0.27793705,0.41826087,0.30380213,0
0.33194858,0.3657371,0.30231428,0
0.32522064,0.33410314,0.34067628,1
0.3159178,0.36101955,0.32306263,0
0.3420311,0.32936123,0.32860768,-1
0.28941786,0.4403342,0.2702479,0
0.32110795,0.3415758,0.33731622,0
0.3157387,0.3450978,0.33916345,0
0.30746645,0.35883728,0.3336963,0
0.31349036,0.36234128,0.3241684,0
0.36520496,0.28228554,0.35250956,-1
0.33703563,0.31511185,0.34785244,1
0.22708714,0.50789297,0.26501983,0
0.34228566,0.3142581,0.34345624,1
0.35003102,0.2915957,0.3583733,1
0.27500367,0.4195649,0.30543143,0
0.29779193,0.38017467,0.3220334,0
0.31405628,0.35514408,0.3307996,0
0.37331894,0.26880446,0.35787663,-1
0.33040524,0.34156132,0.32803348,0
0.29077166,0.38627985,0.32294846,0
0.2505229,0.4668947,0.2825824,0
0.29818338,0.38792995,0.31388664,0
0.2852202,0.400252,0.31452784,0
0.29032102,0.40748838,0.30219054,0
0.29103446,0.40226898,0.30669665,0
0.27411368,0.42800686,0.2978795,0
0.3089489,0.37222594,0.31882513,0
0.3573374,0.29750136,0.34516123,-1
0.25223747,0.4536442,0.2941183,0
0.32540178,0.34384644,0.3307517,0
0.34412017,0.2982204,0.35765946,1
0.31693915,0.35391703,0.32914382,0
0.31422338,0.36383638,0.3219402,0
0.30608213,0.3625814,0.33133653,0
0.35580117,0.2999007,0.34429812,-1
0.28200588,0.41521022,0.3027839,0
0.34750494,0.29751956,0.35497555,1
0.31334916,0.35847718,0.32817367,0
0.36606482,0.28509808,0.34883714,-1
0.3026037,0.3823262,0.31507015,0
0.36728087,0.26387545,0.36884367,1
0.3275341,0.32810417,0.34436175,1
0.23356642,0.49494517,0.27148846,0
0.32327497,0.3422899,0.33443516,0
0.3477066,0.29733163,0.35496175,1
0.32992986,0.35963932,0.31043085,0
0.34256706,0.31808028,0.3393527,-1
0.29367724,0.3862238,0.32009897,0
0.31243768,0.36322215,0.32434016,0
0.28556716,0.40414476,0.31028816,0
0.2749117,0.41311672,0.3119715,0
0.32689375,0.33850905,0.33459717,0
0.3205596,0.35072872,0.32871175,0
0.30292186,0.41462272,0.2824554,0
0.26883057,0.440542,0.29062742,0
0.28291482,0.4002935,0.31679168,0
0.3584431,0.2860205,0.35553643,-1
0.27008742,0.42685533,0.30305722,0
0.26101556,0.45049742,0.28848708,0
0.3318344,0.38959202,0.2785736,0
0.34769288,0.30604205,0.3462651,-1
0.15897381,0.6346828,0.20634343,0
0.29060778,0.40118772,0.30820453,0
0.32603484,0.39221895,0.28174618,0
0.25228888,0.5147983,0.23291284,0
0.21856499,0.5252075,0.2562275,0
0.29404393,0.4357547,0.2702014,0
0.32290336,0.36634132,0.3107553,0
0.22256157,0.51538897,0.2620495,0
0.3519454,0.30666155,0.34139302,-1
0.22517097,0.5112903,0.26353875,0
0.2207899,0.5190883,0.26012182,0
0.34623453,0.3057122,0.34805337,1
0.35199878,0.2995444,0.34845683,-1
0.26972285,0.43685633,0.29342076,0
0.2762544,0.4234226,0.300323,0
0.2959121,0.3923835,0.31170443,0
0.24248624,0.4798989,0.27761483,0
0.3047011,0.38815737,0.3071415,0
0.3151352,0.34946424,0.33540058,0
0.24360089,0.47928494,0.27711415,0
0.3065418,0.42303324,0.27042493,0
0.28067508,0.47490093,0.24442406,0
0.22818139,0.5049051,0.2669134,0
0.2683493,0.4365468,0.29510397,0
0.32202783,0.35093462,0.32703748,0
0.28818023,0.45232746,0.2594923,0
0.33300012,0.34084812,0.3261518,0
0.2822288,0.40150797,0.31626317,0
0.28820416,0.40421006,0.30758578,0
0.30217087,0.38395095,0.31387824,0
0.28322384,0.42917916,0.28759697,0
0.31672257,0.34816593,0.33511156,0
0.25767997,0.45409963,0.28822038,0
0.28187692,0.4143079,0.30381522,0
0.26101667,0.4990878,0.23989555,0
0.30406284,0.38623255,0.3097046,0
0.28016037,0.43516546,0.28467414,0
0.31422406,0.3678575,0.31791842,0
0.25443533,0.47896278,0.26660183,0
0.3021273,0.38743156,0.31044102,0
0.32299525,0.35382825,0.3231766,0
0.37127954,0.2643077,0.36441275,-1
0.29741022,0.38968474,0.31290504,0
0.37243155,0.2668182,0.36075023,-1
0.3579116,0.30850148,0.33358693,-1
0.32733688,0.3255455,0.3471176,1
0.31564686,0.36050904,0.32384405,0
0.35186476,0.297845,0.35029024,-1
0.28698778,0.39832893,0.31468335,0
0.33405596,0.3185627,0.34738132,1
0.32603055,0.34251502,0.33145443,0
0.33679074,0.3526,0.31060922,0
0.29759684,0.3898676,0.31253558,0
0.2863175,0.4518904,0.26179203,0
0.24569146,0.46642873,0.28787974,0
0.27279207,0.4450494,0.28215855,0
0.25103536,0.52145714,0.22750753,0
0.24569803,0.47485808,0.27944395,0
0.2668681,0.46073452,0.27239737,0
0.27287224,0.42896214,0.2981656,0
0.28904325,0.4220988,0.28885797,0
0.32052028,0.35340324,0.32607654,0
0.27983797,0.41147688,0.3086852,0
0.30328134,0.38217115,0.3145475,0
0.3110768,0.36869556,0.32022765,0
0.3428223,0.3042558,0.35292178,1
0.29416516,0.39683846,0.30899638,0
0.3230217,0.3467285,0.3302498,0
0.33588156,0.3491559,0.31496254,0
0.34521142,0.3128773,0.34191123,-1
0.32097873,0.37719825,0.301823,0
0.28401494,0.39818704,0.31779802,0
0.30204368,0.45554045,0.24241592,0
0.3200264,0.35082477,0.3291489,0
0.3045688,0.36974692,0.32568428,0
0.33738425,0.32478574,0.33783,1
0.25819883,0.50047123,0.24132992,0
0.2891334,0.42011994,0.29074666,0
0.2385436,0.48769486,0.27376154,0
0.26289612,0.43519318,0.30191067,0
0.29536238,0.40062472,0.3040129,0
0.2749854,0.44665682,0.27835774,0
0.2250308,0.51153916,0.2634301,0
0.2890303,0.42708582,0.28388384,0
0.31193754,0.36809376,0.31996873,0
0.2769959,0.44107357,0.28193054,0
0.30074808,0.38536832,0.31388366,0
0.29700503,0.39446697,0.30852807,0
0.35184848,0.30510092,0.34305063,-1
0.36039537,0.28859115,0.35101348,-1
0.31039312,0.39730564,0.29230127,0
0.28747714,0.4053603,0.30716255,0
0.26960498,0.43309596,0.29729906,0
0.28979737,0.42303473,0.28716788,0
0.29099998,0.41159,0.29741004,0
0.27723908,0.40996876,0.31279218,0
0.28114814,0.46154246,0.25730947,0
0.23530012,0.49290034,0.27179947,0
0.311964,0.37874678,0.30928916,0
0.29347125,0.4658763,0.24065244,0
0.27061546,0.42915094,0.3002336,0
0.2913894,0.4043312,0.30427933,0
0.30401564,0.39182854,0.30415583,0
0.28933164,0.40242872,0.30823964,0
0.26765215,0.47723913,0.25510877,0
0.22961056,0.56420314,0.2061864,0
0.22788699,0.49867678,0.27343628,0
0.23128451,0.50045806,0.2682574,0
0.29939762,0.43160573,0.2689967,0
0.28357026,0.49265522,0.2237744,0
0.24001086,0.48619026,0.27379888,0
0.28949812,0.40548825,0.3050136,0
0.3402753,0.32911777,0.33060694,-1
0.34184405,0.31683853,0.34131747,-1
0.30363938,0.40829855,0.28806207,0
0.2875098,0.38998812,0.32250205,0
0.27706623,0.4218919,0.30104196,0
0.33848614,0.36145347,0.30006036,0
0.29591173,0.45343482,0.2506535,0
0.28503305,0.397169,0.31779802,0
0.345567,0.32687128,0.32756183,-1
0.33602032,0.3259741,0.33800563,1
0.2509908,0.46470055,0.28430864,0
0.28945783,0.4340384,0.2765038,0
0.28205293,0.40925896,0.3086881,0
0.20712201,0.5423098,0.25056812,0
0.26484853,0.50384134,0.23131007,0
0.32847324,0.35351568,0.31801108,0
0.24780324,0.4715883,0.28060845,0
0.24654509,0.5315002,0.22195476,0
0.21428512,0.5307493,0.25496557,0
0.25868505,0.45179802,0.2895169,0
0.268483,0.5024431,0.22907384,0
0.22960463,0.50342894,0.2669665,0
0.29179108,0.4010802,0.3071288,0
0.3116563,0.382751,0.30559275,0
0.328551,0.35105124,0.3203978,0
0.37343633,0.2693335,0.3572301,-1
0.37309965,0.2689994,0.35790092,-1
0.37757,0.26983163,0.35259837,-1
0.3900519,0.25447783,0.35547033,-1
0.32260922,0.34349868,0.33389214,0
0.32976675,0.34362832,0.3266049,0
0.35783792,0.31569818,0.32646388,-1
0.34467486,0.31703463,0.33829048,-1
0.31357738,0.34692627,0.3394964,0
0.2670689,0.42908403,0.30384716,0
0.319614,0.35370716,0.32667887,0
0.24990034,0.46757188,0.28252783,0
0.25959042,0.5146494,0.22576019,0
0.20750347,0.54369,0.24880649,0
0.21071807,0.5364944,0.25278756,0
0.2766084,0.49360362,0.22978796,0
0.240315,0.5489896,0.21069539,0
0.230902,0.5033449,0.26575306,0
0.27266204,0.44529837,0.28203958,0
0.24370702,0.4793571,0.27693594,0
0.24314302,0.4795931,0.27726385,0
0.3275342,0.36429793,0.30816787,0
0.32839894,0.3324209,0.3391801,1
0.29195663,0.41617593,0.29186743,0
0.26977468,0.43656695,0.29365838,0
0.28032327,0.41282025,0.30685657,0
0.2482292,0.47172785,0.28004295,0
0.27381414,0.41508487,0.31110102,0
0.2545487,0.49577287,0.24967843,0
0.19039805,0.6463168,0.16328514,0
0.2192465,0.5225489,0.25820455,0
0.27412862,0.42506915,0.30080223,0
0.20881006,0.54071677,0.25047314,0
0.27904597,0.45538995,0.2655641,0
0.18936656,0.6631446,0.14748889,0
0.21412428,0.52469325,0.2611825,0
0.22088106,0.51892555,0.26019335,0
0.2706657,0.43966454,0.28966975,0
0.32120296,0.3497691,0.32902798,0
0.3181384,0.39089587,0.29096574,0
0.36473832,0.29266077,0.34260088,-1
0.25013843,0.46829548,0.28156608,0
0.2817206,0.42131814,0.29696122,0
0.29200453,0.4019782,0.3060173,0
0.25098133,0.5217271,0.22729161,0
0.23357113,0.57946926,0.18695958,0
0.31259018,0.3771919,0.31021798,0
0.2767397,0.4226329,0.3006274,0
0.33073208,0.3437378,0.32553005,0
0.32616183,0.34157592,0.33226228,0
0.32191616,0.3377183,0.34036553,1
0.31850335,0.38381648,0.2976802,0
0.30986416,0.37048241,0.31965342,0
0.28863844,0.4036342,0.3077274,0
0.30135736,0.38271406,0.31592852,0
0.30742094,0.38025984,0.3123193,0
0.28094435,0.4144859,0.3045697,0
0.2974454,0.38937443,0.3131802,0
0.29442766,0.4016904,0.30388188,0
0.26867422,0.43099114,0.30033472,0
0.24891402,0.5124323,0.23865369,0
0.23917861,0.48175207,0.2790693,0
0.22482388,0.5420284,0.23314765,0
0.2952989,0.4084377,0.29626337,0
0.27130556,0.47074488,0.25794962,0
0.3139112,0.369025,0.31706378,0
0.25281253,0.4629563,0.28423116,0
0.31045175,0.38508818,0.3044601,0
0.29724118,0.4093407,0.29341805,0
0.29699993,0.3718209,0.33117917,0
0.34427992,0.3141742,0.34154588,-1
0.28593656,0.40747136,0.30659217,0
0.31761977,0.3626093,0.31977093,0
0.35619834,0.29244062,0.351361,-1
0.34676492,0.30099893,0.3522362,1
0.31855965,0.35532707,0.32611325,0
0.30847007,0.3694398,0.32209012,0
0.3384344,0.3062934,0.35527214,1
0.37461242,0.25355652,0.3718311,-1
0.29709393,0.41108102,0.291825,0
0.2704703,0.46737596,0.26215374,0
0.20895642,0.53983945,0.25120422,0
0.23190837,0.5346423,0.23344938,0
0.29955804,0.38992384,0.31051812,0
0.19227585,0.5709481,0.23677601,0
0.28722137,0.42730922,0.28546944,0
0.2779894,0.4736383,0.24837236,0
0.23180199,0.49954426,0.26865372,0
0.2811388,0.4146886,0.30417255,0
0.31344208,0.3572581,0.3292998,0
0.32858747,0.3526545,0.31875804,0
0.34787694,0.30091766,0.35120544,1
0.28612497,0.38875866,0.32511634,0
0.30691034,0.407329,0.2857607,0
0.33000425,0.33870187,0.33129388,0
0.36720714,0.25983632,0.37295657,1
0.3729902,0.2671241,0.35988575,-1
0.3395082,0.31284377,0.34764802,1
0.32749775,0.34581015,0.32669213,0
0.27909636,0.41507602,0.30582765,0
0.2928631,0.3852206,0.32191628,0
0.34393668,0.3158696,0.34019378,-1
0.32135993,0.38564238,0.2929977,0
0.32674944,0.35053298,0.32271764,0
0.29022855,0.42210716,0.2876643,0
0.334243,0.31994325,0.34581372,1
0.3316905,0.34489068,0.3234188,0
0.284718,0.4633994,0.2518827,0
0.28228417,0.42928374,0.28843206,0
0.23244421,0.4966618,0.27089393,0
0.26714647,0.43365762,0.29919583,0
0.2610162,0.49894282,0.24004099,0
0.22413164,0.5665581,0.2093102,0
0.21493468,0.5295797,0.25548565,0
0.23163693,0.49983573,0.2685274,0
0.31253383,0.4056077,0.28185844,0
0.32229924,0.34062383,0.337077,0
0.34158194,0.323685,0.33473316,-1
0.29864347,0.3898684,0.31148815,0
0.32738248,0.34623072,0.32638684,0
0.32412878,0.36045855,0.31541264,0
0.33556816,0.30799443,0.3564374,1
0.31145638,0.4006383,0.2879054,0
0.37666634,0.26566735,0.35766628,-1
0.3019988,0.3718303,0.32617083,0
0.32500434,0.33214042,0.34285522,1
0.35433206,0.29015884,0.35550913,1
0.28964218,0.4395806,0.27077717,0
0.37445608,0.26825368,0.3572902,-1
0.37392566,0.25996223,0.3661121,-1
0.3139346,0.36133865,0.32472676,0
0.32072467,0.3664859,0.3127894,0
0.26813933,0.43067396,0.3011867,0
0.26686227,0.46314076,0.26999703,0
0.28596112,0.41248778,0.30155113,0
0.29938877,0.39088762,0.30972356,0
0.31113756,0.39292586,0.2959366,0
0.3024114,0.38082498,0.31676358,0
0.26306334,0.4990837,0.23785295,0
0.2742671,0.45208374,0.2736492,0
0.29004678,0.4016636,0.30828962,0
0.32609,0.35773897,0.31617105,0
0.3288367,0.35603723,0.31512606,0
0.30776867,0.37178504,0.32044625,0
0.31869757,0.3625451,0.3187573,0
0.34441337,0.33465177,0.32093486,-1
0.36531994,0.29192236,0.34275773,-1
0.32002032,0.3509324,0.32904723,0
0.32089087,0.3362828,0.34282637,1
0.3218742,0.3489368,0.32918903,0
0.30857798,0.3582394,0.33318254,0
0.2684745,0.4519597,0.27956584,0
0.31246418,0.36374334,0.3237925,0
0.3318538,0.32491845,0.34322777,1
0.29443333,0.43059677,0.27496994,0
0.35885695,0.29236013,0.3487829,-1
0.3345604,0.34967893,0.3157607,0
0.3247876,0.33166543,0.343547,1
0.29391965,0.38965124,0.3164292,0
0.342611,0.3354203,0.32196867,-1
0.3306917,0.37590334,0.29340494,0
0.3053602,0.40789965,0.2867401,0
0.20648937,0.54496247,0.24854822,0
0.24410184,0.47458088,0.2813173,0
0.3251366,0.33935457,0.33550882,0
0.35524616,0.29064846,0.3541054,-1
0.3500206,0.29557732,0.35440212,1
0.35242316,0.30291128,0.34466553,-1
0.32671714,0.34242564,0.33085725,0
0.31455135,0.3550599,0.33038872,0
0.23822029,0.48407912,0.2777006,0
0.309995,0.36441416,0.32559088,0
0.31699058,0.42288858,0.2601208,0
0.2741616,0.42371577,0.3021226,0
0.33192334,0.33883747,0.32923925,0
0.32729775,0.33566564,0.33703655,1
0.25996464,0.45073077,0.28930464,0
0.26967433,0.48051643,0.24980913,0
0.3257364,0.35276565,0.3214979,0
0.29226682,0.38638824,0.32134485,0
0.26054084,0.45022675,0.2892324,0
0.26351023,0.4951668,0.24132296,0
0.24135256,0.5410116,0.2176359,0
0.2241831,0.51165456,0.2641624,0
0.26484025,0.47666967,0.25849006,0
0.20909218,0.5388308,0.25207704,0
0.2395946,0.5171999,0.24320555,0
0.22769348,0.59448916,0.17781736,0
0.2826633,0.4211286,0.29620808,0
0.27889526,0.46654963,0.25455517,0
0.27336097,0.42814538,0.29849362,0
0.29312062,0.39962164,0.3072577,0
0.32001084,0.35521185,0.32477725,0
0.31911665,0.35786778,0.32301563,0
0.34404227,0.3166816,0.33927616,-1
0.27409598,0.42733896,0.2985651,0
0.2805879,0.4048991,0.31451297,0
0.27948457,0.48901367,0.23150177,0
0.36853164,0.26332182,0.3681465,-1
0.29211932,0.40794754,0.29993314,0
0.22289196,0.5140674,0.26304066,0
0.23861124,0.48757643,0.27381226,0
0.29625693,0.42295015,0.2807929,0
0.31710202,0.36856347,0.31433448,0
0.31701133,0.361834,0.32115468,0
0.2880944,0.4063385,0.30556715,0
0.30708355,0.4021884,0.29072803,0
0.25978503,0.50959224,0.23062278,0
0.16604662,0.62098074,0.21297263,0
0.2598653,0.46317342,0.27696124,0
0.31687623,0.3735771,0.30954665,0
0.26794305,0.43756992,0.29448706,0
0.23168524,0.49975044,0.26856437,0
0.29050297,0.40011615,0.30938092,0
0.3266409,0.32796413,0.345395,1
0.30072045,0.4176612,0.28161833,0
0.27213034,0.48028237,0.24758731,0
0.1871551,0.5808193,0.23202555,0
0.30245778,0.42419875,0.2733435,0
0.34054267,0.31459144,0.34486595,1
0.2161836,0.52733517,0.25648123,0
0.32387406,0.37298626,0.3031397,0
0.3151859,0.36107746,0.3237366,0
0.3095861,0.3701721,0.32024178,0
0.298272,0.3890863,0.31264165,0
0.30654898,0.39158762,0.3018634,0
0.37343636,0.2693335,0.35723013,-1
0.28611726,0.40322766,0.31065503,0
0.3081132,0.35923854,0.33264828,0
0.23832777,0.4877492,0.27392307,0
0.2790826,0.41781795,0.30309948,0
0.33533984,0.33715895,0.32750127,0
0.307453,0.41054145,0.28200564,0
0.27072,0.43548372,0.29379633,0
0.32210016,0.37138614,0.30651367,0
0.35521507,0.29327366,0.3515112,-1
0.35560971,0.2946016,0.34978864,-1
0.37360555,0.2694792,0.3569153,-1
0.36201563,0.28262883,0.3553556,-1
0.32738027,0.34076428,0.3318555,0
0.3177744,0.34564894,0.3365767,0
0.3504089,0.2862035,0.36338758,1
0.2638725,0.4423828,0.29374474,0
0.32102516,0.3677953,0.31117952,0
0.31398845,0.35762572,0.32838577,0
0.31146288,0.36449754,0.32403946,0
0.27142644,0.48453057,0.24404295,0
0.27762783,0.40975967,0.3126126,0
0.26619038,0.45454627,0.2792633,0
0.30470362,0.389229,0.30606738,0
0.3057481,0.3798087,0.31444323,0
0.27916482,0.41891646,0.3019187,0
0.27054974,0.48976272,0.23968747,0
0.27736515,0.4332737,0.28936115,0
0.26233774,0.49123812,0.24642414,0
0.34794486,0.32353914,0.32851604,-1
0.21067373,0.5358454,0.25348088,0
0.28851578,0.41387472,0.29760945,0
0.3041413,0.38115588,0.31470275,0
0.26843452,0.42749178,0.3040737,0
0.32481664,0.3413354,0.33384794,0
0.32151616,0.35162938,0.3268544,0
0.2910127,0.4018615,0.30712572,0
0.3642328,0.2865654,0.34920177,-1
0.3507314,0.3071608,0.3421077,-1
0.3225722,0.3417808,0.33564702,0
0.28123888,0.45577857,0.26298255,0
0.3075286,0.36377499,0.32869646,0
0.2711282,0.4318812,0.2969906,0
0.33263764,0.35594562,0.31141675,0
0.28874156,0.4307339,0.28052452,0
0.25895497,0.45244953,0.28859544,0
0.31418106,0.39290404,0.29291493,0
0.30399007,0.36899626,0.3270137,0
0.29496568,0.39652875,0.30850554,0
0.27225086,0.4300741,0.29767507,0
0.3100414,0.37095776,0.3190008,0
0.2582783,0.45419317,0.28752857,0
0.30027452,0.38942006,0.31030545,0
0.2584771,0.5165392,0.22498366,0
0.23928607,0.48639616,0.27431774,0
0.33846888,0.3311675,0.33036363,-1
0.3401684,0.33219436,0.32763726,-1
0.31079882,0.36882544,0.32037568,0
0.299691,0.38604292,0.314266,0
0.31059527,0.36905628,0.32034838,0
0.29098898,0.39981592,0.30919513,0
0.33180916,0.34200776,0.32618308,0
0.35264835,0.29987952,0.34747207,-1
0.28702906,0.4425873,0.27038372,0
0.27808553,0.42044586,0.30146864,0
0.2828492,0.39902666,0.31812418,0
0.22170788,0.51738447,0.26090765,0
0.26809725,0.43795493,0.2939478,0
0.32729587,0.3122159,0.3604882,1
0.3080022,0.3728864,0.3191114,0
0.31188872,0.3658933,0.322218,0
0.31302348,0.36739278,0.31958377,0
0.31035626,0.37297732,0.31666642,0
0.27105322,0.42370054,0.30524617,0
0.3212428,0.38752642,0.29123077,0
0.32468992,0.3317657,0.34354436,1
0.3077795,0.37493625,0.31728423,0
0.27374548,0.42433077,0.30192375,0
0.3243497,0.39084268,0.28480753,0
0.32363394,0.39465892,0.28170714,0
0.25029954,0.45933953,0.29036093,0
0.35824472,0.29251748,0.34923786,-1
0.30128807,0.38424143,0.31447062,0
0.37331495,0.268984,0.35770103,-1
0.3304206,0.36554465,0.30403468,0
0.32971856,0.31616893,0.3541125,1
0.31759283,0.36470103,0.31770617,0
0.3259088,0.34875396,0.3253372,0
0.2688662,0.43360108,0.29753268,0
0.3090679,0.40167215,0.2892599,0
0.27978197,0.49110824,0.22910981,0
0.37404755,0.2598478,0.36610463,-1
0.29270184,0.39712247,0.31017563,0
0.3440395,0.30466542,0.3512951,1
0.31407872,0.36410758,0.32181373,0
0.3014322,0.37416378,0.3244041,0
0.30378693,0.427681,0.2685321,0
0.28243294,0.41243753,0.3051296,0
0.30748686,0.3807848,0.31172833,0
0.335608,0.32197225,0.34241974,1
0.32520837,0.34852237,0.3262692,0
0.3327766,0.36482954,0.30239385,0
0.3489255,0.31676418,0.33431032,-1
0.25536984,0.45271477,0.29191545,0
0.25748524,0.4524679,0.2900468,0
0.3237611,0.36406514,0.31217372,0
0.33735722,0.3181424,0.3445004,1
0.37361035,0.26978436,0.35660532,-1
0.31153485,0.36818963,0.32027552,0
0.35145542,0.31255004,0.33599454,-1
0.30565104,0.37546393,0.31888497,0
0.36295703,0.28440085,0.35264212,-1
0.3226511,0.33509296,0.3422559,1
0.3200839,0.385138,0.29477805,0
0.30849263,0.36466703,0.32684025,0
0.28754738,0.45118022,0.26127246,0
0.3182813,0.34844062,0.3332781,0
0.304711,0.39675286,0.2985361,0
0.32935748,0.34946823,0.32117432,0
0.31332284,0.39914265,0.2875345,0
0.32495487,0.3517645,0.3232807,0
0.23710446,0.48754713,0.27534842,0
0.26691324,0.42771122,0.30537555,0
0.30629462,0.37601787,0.3176875,0
0.33626613,0.31307563,0.35065818,1
0.27901128,0.4222922,0.29869646,0
0.2811668,0.41774938,0.30108383,0
0.26792508,0.4920224,0.24005252,0
0.32088017,0.36456144,0.31455848,0
0.17816323,0.5967661,0.22507057,0
0.28272393,0.4156808,0.30159533,0
0.32003713,0.42669305,0.25326982,0
0.23008665,0.50257576,0.26733753,0
0.28092748,0.41758433,0.30148816,0
0.26158324,0.50824714,0.23016964,0
0.272327,0.47542086,0.25225213,0
0.32325554,0.37694436,0.29980016,0
0.15520748,0.6408403,0.2039522,0
0.21673606,0.52634346,0.25692046,0
0.30696648,0.37817445,0.31485912,0
0.3122022,0.4539149,0.23388292,0
0.26687723,0.44406062,0.28906217,0
0.27706003,0.45023102,0.27270892,0
0.32262632,0.35078105,0.32659262,0
0.18676527,0.5810375,0.23219723,0
0.34393013,0.31002396,0.34604594,1
0.28345105,0.41425475,0.30229422,0
0.26686502,0.4326206,0.30051437,0
0.33745223,0.3429015,0.3196463,0
0.2326282,0.5572017,0.21017018,0
0.26833585,0.44656602,0.28509808,0
0.2817374,0.41512802,0.30313456,0
0.28674123,0.4466844,0.26657435,0
0.31590524,0.36482581,0.31926894,0
0.30766433,0.39463708,0.29769856,0
0.2845653,0.40139306,0.31404164,0
0.26687428,0.43848604,0.29463974,0
0.34722868,0.31884483,0.33392647,-1
0.30179524,0.43903553,0.2591692,0
0.298211,0.39615017,0.30563885,0
0.2989385,0.45137724,0.24968418,0
0.30226412,0.38970914,0.30802664,0
0.28721607,0.41066766,0.30211625,0
0.25198323,0.45160368,0.2964131,0
0.30332756,0.3855704,0.311102,0
0.31416714,0.36388314,0.32194975,0
0.28004146,0.4173518,0.3026067,0
0.33451322,0.32870135,0.33678538,1
0.35222587,0.29400933,0.35376486,1
0.2800393,0.41804817,0.30191252,0
0.27750012,0.46514344,0.25735644,0
0.3042854,0.3759956,0.3197189,0
0.26864442,0.4867662,0.24458942,0
0.2553801,0.45581928,0.28880063,0
0.2703098,0.43125236,0.2984378,0
0.32814145,0.34289354,0.328965,0
0.25474435,0.50805366,0.23720199,0
0.3295719,0.33975402,0.33067414,0
0.2591912,0.45204723,0.2887616,0
0.28843528,0.39049938,0.3210653,0
0.32502848,0.34240654,0.33256498,0
0.33863556,0.30814192,0.35322258,1
0.35381937,0.3139813,0.3321993,-1
0.31735164,0.35501328,0.3276351,0
0.3171366,0.35836717,0.32449624,0
0.3274792,0.37370157,0.29881918,0
0.19431227,0.56744397,0.2382437,0
0.20469487,0.54692954,0.24837561,0
0.30923036,0.36997008,0.32079953,0
0.33758113,0.31676707,0.34565175,1
0.23772511,0.49265042,0.26962444,0
0.2626872,0.44831863,0.28899422,0
0.34479782,0.3350537,0.32014853,-1
0.2736396,0.47541967,0.2509407,0
0.23768693,0.48479065,0.2775224,0
0.2851588,0.4724459,0.24239528,0
0.25197473,0.46565995,0.2823653,0
0.21510229,0.52857226,0.25632545,0
0.2631361,0.44453102,0.29233283,0
0.32890272,0.33647844,0.33461887,0
0.30802277,0.3745666,0.31741062,0
0.28487757,0.41290858,0.30221382,0
0.36705717,0.27914694,0.35379586,-1
0.3072131,0.37337008,0.31941682,0
0.3729181,0.268563,0.35851884,-1
0.32758337,0.33129558,0.34112108,1
0.3701642,0.2535696,0.37626627,1
0.34445655,0.30555028,0.34999317,1
0.3609157,0.2786047,0.36047965,-1
0.356678,0.2810485,0.36227345,1
0.3289644,0.33621904,0.33481652,0
0.3344869,0.31498867,0.35052446,1
0.31778026,0.35291353,0.32930624,0
0.29259768,0.43765977,0.26974258,0
0.31219468,0.40404898,0.2837563,0
0.29306832,0.42591223,0.28101942,0
0.21758881,0.5248141,0.25759706,0
0.28279132,0.41565847,0.30155024,0
0.32557312,0.35324234,0.32118458,0
0.23876531,0.55450153,0.20673317,0
0.26427096,0.44630253,0.2894265,0
0.2941828,0.3978619,0.30795527,0
0.26525638,0.43877307,0.29597056,0
0.301234,0.38340712,0.31535885,0
0.34161356,0.30487928,0.35350716,1
0.2905887,0.43582854,0.27358282,0
0.3419798,0.3369019,0.32111827,-1
0.37428924,0.26915675,0.356554,-1
0.32984066,0.35848787,0.31167144,0
0.33352712,0.32722405,0.33924884,1
0.29754838,0.3752581,0.3271935,0
0.31672704,0.3397943,0.34347868,1
0.32791024,0.33156052,0.34052926,1
0.32344615,0.38628826,0.29026553,0
0.33489713,0.32833892,0.33676395,1
0.30201215,0.37514183,0.32284603,0
0.3394967,0.31410462,0.34639868,1
0.36029062,0.2864078,0.35330164,-1
0.31448,0.34780687,0.33771303,0
0.3101091,0.37489116,0.31499967,0
0.29081896,0.43757424,0.27160674,0
0.23044524,0.49991608,0.26963875,0
0.30052578,0.3887862,0.31068802,0
0.2790648,0.43796545,0.2829698,0
0.24654302,0.47365034,0.27980667,0
0.32271048,0.35087636,0.32641318,0
0.3703376,0.27690816,0.35275427,-1
0.36009124,0.2938667,0.34604195,-1
0.19968766,0.5574774,0.2428349,0
0.3090387,0.35244557,0.33851567,0
0.34483257,0.29952136,0.3556461,1
0.34284097,0.32292056,0.33423847,-1
0.33608985,0.3223925,0.3415177,1
0.31695926,0.34813794,0.3349028,0
0.34535593,0.32813737,0.32650664,-1
0.3119682,0.3555697,0.33246213,0
0.31671748,0.39353538,0.28974718,0
0.28316963,0.40036306,0.3164673,0
0.31435853,0.3839374,0.30170405,0
0.35032514,0.31984064,0.32983422,-1
0.27987388,0.4581202,0.26200593,0
0.32033372,0.3572147,0.32245165,0
0.305349,0.41320488,0.28144607,0
0.30521116,0.3639761,0.33081275,0
0.27666673,0.42188013,0.30145314,0
0.2978652,0.4184891,0.2836457,0
0.29390037,0.45944342,0.24665627,0
0.25476056,0.4595575,0.2856819,0
0.30760518,0.4220075,0.27038726,0
0.34457904,0.3013596,0.3540614,1
0.29992816,0.3850685,0.31500328,0
0.32372156,0.3766735,0.29960498,0
0.33998314,0.32492185,0.335095,-1
0.36997178,0.26769006,0.3623381,-1
0.28835863,0.40396577,0.3076755,0
0.29351905,0.38458008,0.3219009,0
0.35825524,0.28749612,0.3542486,-1
0.38099384,0.24047247,0.37853375,-1
0.31761923,0.3485263,0.33385444,0
0.3756354,0.2678208,0.3565439,-1
0.37555334,0.25289318,0.37155342,-1
0.3624877,0.3072729,0.33023936,-1
0.2973942,0.37287405,0.32973173,0
0.30282417,0.36727637,0.3298994,0
0.2794326,0.41655847,0.304009,0
0.32878006,0.34558117,0.3256387,0
0.2458073,0.47010773,0.284085,0
0.24419482,0.47784176,0.27796343,0
0.35935906,0.3038166,0.33682442,-1
0.3132719,0.41411385,0.27261424,0
0.33060786,0.38893428,0.28045782,0
0.32097453,0.3563194,0.32270607,0
0.24895926,0.4695912,0.28144953,0
0.3141115,0.42601302,0.25987545,0
0.34586465,0.30173102,0.3524043,1
0.21550138,0.5227296,0.2617691,0
0.2322104,0.49882355,0.2689661,0
0.32030508,0.34029534,0.3393996,0
0.31422374,0.3631773,0.32259902,0
0.31337196,0.38890848,0.29771963,0
0.2873586,0.4088883,0.30375308,0
0.23301066,0.4974122,0.26957712,0
0.2848336,0.48360747,0.23155886,0
0.23728198,0.48913166,0.2735863,0
0.2985989,0.38114816,0.32025295,0
0.33964768,0.31109023,0.34926212,1
0.32688692,0.37290153,0.30021155,0
0.2860544,0.4470232,0.26692235,0
0.2758427,0.41272843,0.3114289,0
0.2721157,0.42214313,0.30574113,0
0.3445699,0.38992378,0.2655064,0
0.19517201,0.5658454,0.23898256,0
0.25143,0.45711377,0.29145628,0
0.32479066,0.32662332,0.34858602,1
0.25800812,0.5086856,0.23330629,0
0.30644757,0.38980487,0.30374748,0
0.27671757,0.42729098,0.29599145,0
0.30824137,0.37167612,0.32008255,0
0.29549775,0.45792884,0.24657339,0
0.23747274,0.47754577,0.28498146,0
0.32656008,0.41013312,0.26330677,0
0.3121462,0.39936113,0.2884927,0
0.32976002,0.33938062,0.3308594,0
0.32084483,0.38650754,0.29264763,0
0.31126076,0.36743757,0.32130167,0
0.3096723,0.37003127,0.32029647,0
0.30260035,0.41993067,0.27746898,0
0.27598944,0.47348705,0.25052357,0
0.30608037,0.38185722,0.31206244,0
0.27542222,0.4247781,0.29979974,0
0.2469787,0.4726297,0.28039157,0
0.30870828,0.41879514,0.2724966,0
0.33300203,0.36372057,0.30327743,0
0.364799,0.30282423,0.33237678,-1
0.36603773,0.28250134,0.35146093,-1
0.331029,0.3343672,0.33460385,1
0.3675876,0.27868444,0.35372794,-1
0.3234725,0.33440042,0.34212705,1
0.34235597,0.29701582,0.36062825,1
0.30638677,0.41082165,0.28279155,0
0.26715574,0.4385561,0.29428822,0
0.25123084,0.49120307,0.25756606,0
0.32048684,0.3486698,0.33084336,0
0.25833085,0.45301634,0.28865278,0
0.33188394,0.3481322,0.3199839,0
0.3154717,0.36218932,0.32233903,0
0.3738642,0.26918545,0.3569504,-1
0.37390026,0.269173,0.3569268,-1
0.3349541,0.31128538,0.35376048,1
0.3654755,0.2857971,0.3487274,-1
0.36359885,0.2759652,0.36043596,-1
0.31259868,0.34807807,0.33932325,0
0.3395844,0.34826243,0.3121532,0
0.29931498,0.37911946,0.32156557,0
0.24292769,0.5352975,0.22177476,0
0.20479499,0.54787475,0.24733034,0
0.28132078,0.41645002,0.3022292,0
0.2958933,0.4484696,0.25563702,0
0.29620373,0.39283133,0.310965,0
0.31309378,0.36439878,0.32250744,0
0.3606697,0.28674266,0.35258764,-1
0.36261487,0.28675604,0.3506291,-1
0.29277733,0.39743972,0.30978298,0
0.33258837,0.3260821,0.3413295,1
0.32429904,0.3388745,0.33682653,0
0.29313755,0.43108416,0.2757783,0
0.29784694,0.4081564,0.2939967,0
0.27012578,0.4234099,0.30646434,0
0.29195416,0.42890358,0.27914223,0
0.30670884,0.36992648,0.32336473,0
0.36916864,0.28618798,0.34464335,-1
0.3586125,0.28782395,0.35356352,-1
0.3063361,0.37033698,0.3233269,0
0.33772781,0.3446468,0.31762543,0
0.3579754,0.29057547,0.35144913,-1
0.33825693,0.32151553,0.34022754,1
0.3288823,0.36588344,0.30523422,0
0.32346025,0.36430535,0.3122344,0
0.30554307,0.3626583,0.33179864,0
0.29210982,0.38910428,0.3187859,0
0.3033676,0.42084116,0.27579123,0
0.28367653,0.41791305,0.2984104,0
0.3162199,0.35595992,0.32782018,0
0.29462573,0.3903352,0.3150391,0
0.29293263,0.43188533,0.27518204,0
0.2239789,0.51340765,0.2626134,0
0.3030618,0.38327935,0.3136589,0
0.27549845,0.42341936,0.30108222,0
0.28652436,0.40505916,0.30841652,0
0.32518306,0.3180999,0.3567171,1
0.28901982,0.45513654,0.25584358,0
0.30339763,0.38033777,0.31626463,0
0.30510348,0.41917163,0.2757249,0
0.27769947,0.41411698,0.30818352,0
0.29670724,0.39721975,0.30607304,0
0.32661915,0.33064097,0.34273988,1
0.33634564,0.32732382,0.33633053,-1
0.32099655,0.35259515,0.32640836,0
0.30527142,0.37746325,0.31726536,0
0.26721242,0.43080774,0.30197987,0
0.3063656,0.37537253,0.31826183,0
0.23705104,0.4837846,0.27916434,0
0.34056875,0.3188839,0.34054738,-1
0.329708,0.3195404,0.3507516,1
0.3006154,0.39898255,0.30040205,0
0.3250361,0.33484784,0.34011608,1
0.3308822,0.33833614,0.3307817,0
0.3460341,0.315655,0.33831084,-1
0.2922573,0.42558652,0.28215626,0
0.29267055,0.42829806,0.27903143,0
0.2777583,0.47010306,0.25213864,0
0.28377998,0.42723826,0.2889818,0
0.3137532,0.36776474,0.31848204,0
0.2782699,0.4177023,0.30402783,0
0.30465758,0.3904765,0.30486593,0
0.29413155,0.43122983,0.27463862,0
0.31644082,0.35385075,0.32970846,0
0.25551796,0.45831805,0.28616396,0
0.2550504,0.45856076,0.28638875,0
0.31969166,0.34021136,0.34009698,0
0.3412585,0.33033776,0.3284037,-1
0.3250056,0.3445531,0.33044127,0
0.2858364,0.40796098,0.30620268,0
0.37448236,0.26803523,0.3574824,-1
0.3536654,0.29138938,0.3549452,1
0.3700794,0.2662051,0.3637155,-1
0.36469007,0.3162599,0.3190501,-1
0.26310506,0.44254142,0.29435354,0
0.30442274,0.36971453,0.32586274,0
0.3176749,0.3514523,0.33087277,0
0.32771298,0.36682925,0.30545774,0
0.3281207,0.35572395,0.3161553,0
0.2797167,0.4125501,0.3077332,0
0.30981088,0.3754132,0.31477594,0
0.26190242,0.44629014,0.29180744,0
0.33602673,0.37670505,0.28726828,0
0.2808069,0.41584066,0.30335245,0
0.2566253,0.4466547,0.2967199,0
0.31919324,0.39242217,0.28838456,0
0.34016377,0.31618196,0.34365427,1
0.2802121,0.41280687,0.306981,0
0.32228702,0.37972128,0.29799175,0
0.37291315,0.26783597,0.35925087,-1
0.2980429,0.3791105,0.32284662,0
0.37343636,0.2693335,0.35723013,-1
0.2953618,0.3836215,0.3210167,0
0.31808615,0.4030098,0.27890402,0
0.30155978,0.3814941,0.31694615,0
0.3717042,0.25467196,0.37362388,1
0.34801915,0.30701703,0.34496376,-1
0.36909732,0.27619013,0.35471246,-1
0.2868377,0.3983586,0.3148037,0
0.30254006,0.4354268,0.26203316,0
0.34292662,0.34384245,0.3132309,0
0.33891812,0.3332556,0.32782623,-1
0.2714814,0.4216921,0.3068266,0
0.29004356,0.4573152,0.25264123,0
0.239114,0.5555612,0.20532489,0
0.22461997,0.58590055,0.18947946,0
0.21098766,0.5339444,0.2550679,0
0.29603472,0.39924812,0.3047171,0
0.30773872,0.374732,0.31752923,0
0.29670256,0.40818474,0.29511267,0
0.27370092,0.4981548,0.22814432,0
0.32091787,0.35646927,0.3226129,0
0.2706222,0.43240872,0.2969691,0
0.3322263,0.34077293,0.32700083,0
0.32041872,0.38753203,0.29204932,0
0.32161263,0.33694294,0.34144443,1
0.28427842,0.40570334,0.31001824,0
0.30940408,0.39976382,0.29083207,0
0.29084715,0.399543,0.3096099,0
0.3234003,0.35082155,0.3257781,0
0.31505096,0.398564,0.28638503,0
0.27983415,0.4548303,0.2653355,0
0.30453244,0.39909402,0.29637364,0
0.31016612,0.35806656,0.3317673,0
0.24346885,0.4791034,0.27742773,0
0.2454979,0.474491,0.28001103,0
0.32863218,0.38717854,0.28418934,0
0.33094448,0.32059905,0.34845644,1
0.33247462,0.38088328,0.28664207,0
0.35791516,0.29184324,0.3502416,-1
0.30763328,0.41337502,0.2789917,0
0.25577024,0.45788646,0.2863434,0
0.2813169,0.41933656,0.29934645,0
0.29826212,0.45035365,0.25138423,0
0.20877333,0.5389907,0.252236,0
0.26074648,0.44940138,0.28985217,0
0.3248205,0.3802422,0.29493734,0
0.28310823,0.45483613,0.26205567,0
0.21185182,0.5355763,0.2525719,0
0.3044157,0.39485568,0.30072856,0
0.2761952,0.48295268,0.24085209,0
0.30127308,0.38522342,0.31350356,0
0.3011618,0.3844834,0.3143548,0
0.2721052,0.49324408,0.23465069,0
0.27464402,0.42604703,0.29930896,0
0.27813026,0.46897945,0.2528903,0
0.35168546,0.2837618,0.36455274,1
0.30380535,0.3978408,0.29835385,0
0.25177425,0.46474075,0.28348494,0
0.278381,0.44845787,0.27316114,0
0.27689213,0.45852777,0.26458016,0
0.37870207,0.2677363,0.3535616,-1
0.31397876,0.36599997,0.32002127,0
0.27669883,0.42253366,0.30076757,0
0.31065813,0.4063452,0.28299668,0
0.32898247,0.3943873,0.2766302,0
0.3010874,0.38393804,0.31497455,0
0.29822302,0.39823937,0.30353764,0
0.28904158,0.43776834,0.2731901,0
0.33009917,0.34313244,0.32676837,0
0.30813873,0.36533365,0.32652763,0
0.37250298,0.2666235,0.3608735,-1
0.37407607,0.26911214,0.35681185,-1
0.3308364,0.32822692,0.34093672,1
0.33867964,0.30880406,0.35251632,1
0.34256127,0.3262366,0.33120218,-1
0.31105077,0.4063042,0.28264496,0
0.30065396,0.37200794,0.32733813,0
0.34134367,0.30005497,0.35860136,1
0.2852838,0.39948678,0.3152294,0
0.37030566,0.27587807,0.35381627,-1
0.32249197,0.35542798,0.32208008,0
0.29496744,0.38353154,0.32150102,0
0.26265582,0.4447603,0.29258388,0
0.32328776,0.34880865,0.32790357,0
0.23758866,0.48160636,0.28080502,0
0.2983516,0.44940528,0.25224322,0
0.31139195,0.3622655,0.32634258,0
0.34134403,0.35740352,0.30125248,0
0.34478778,0.3303683,0.32484394,-1
0.31969032,0.36239243,0.3179172,0
0.2676823,0.42935097,0.30296668,0
0.31402063,0.38636768,0.29961166,0
0.3231849,0.34477925,0.3320358,0
0.30650187,0.41469136,0.27880684,0
0.37532702,0.27725092,0.347422,-1
0.29596722,0.38506505,0.31896773,0
0.38160002,0.27141404,0.3469859,-1
0.37387913,0.26834348,0.35777742,-1
0.36782733,0.26515657,0.3670161,-1
0.31868997,0.35162973,0.3296803,0
0.34183085,0.33198512,0.32618406,-1
0.26208273,0.44567883,0.29223847,0
0.2908795,0.39132303,0.31779748,0
0.33948886,0.33359036,0.32692084,-1
0.27715823,0.489065,0.23377681,0
0.24282144,0.48133323,0.2758454,0
0.27862763,0.4320659,0.28930646,0
0.34964567,0.29601163,0.35434264,1
0.25305313,0.46254322,0.2844037,0
0.3010358,0.3859182,0.3130461,0
0.33404437,0.39195815,0.2739975,0
0.29508004,0.3943794,0.3105406,0
0.28629303,0.40558067,0.3081263,0
0.28616273,0.44220874,0.2716285,0
0.31988063,0.3939017,0.28621763,0
0.33685544,0.354648,0.30849662,0
0.38819915,0.27487847,0.33692232,-1
0.31515032,0.36097795,0.3238717,0
0.2863692,0.40649697,0.30713385,0
0.371698,0.26618472,0.3621173,-1
0.3681083,0.27497137,0.35692036,-1
0.36731258,0.28500837,0.3476791,-1
0.367361,0.28085667,0.3517823,-1
0.37703717,0.25007874,0.37288404,-1
0.2637614,0.4400547,0.29618388,0
0.3479057,0.30237165,0.34972256,1
0.3258998,0.36469212,0.30940807,0
0.26958767,0.48179063,0.2486217,0
0.3079284,0.3802797,0.3117919,0
0.28652835,0.41555926,0.2979124,0
0.31861943,0.35834327,0.32303733,0
0.30422896,0.37933236,0.31643867,0
0.29667714,0.42257768,0.28074518,0
0.2800502,0.41437352,0.30557635,0
0.3195765,0.38178253,0.29864097,0
0.33906826,0.30895117,0.35198057,1
0.33108088,0.333595,0.3353241,1
0.32190108,0.38562036,0.29247856,0
0.23211811,0.4937733,0.27410865,0
0.27815217,0.41988328,0.30196458,0
0.29279196,0.4040567,0.30315143,0
0.30741933,0.40219,0.29039067,0
0.32693252,0.34123763,0.33182985,0
0.37186337,0.27331126,0.35482538,-1
0.37418473,0.2813845,0.3444308,-1
0.30700174,0.37207824,0.32092008,0
0.2835502,0.39944616,0.31700364,0
0.33776414,0.31122017,0.3510157,1
0.32334676,0.35115188,0.3255014,0
0.295135,0.44035178,0.26451328,0
0.29086939,0.42092797,0.2882026,0
0.33697242,0.32293385,0.34009367,1
0.268847,0.42738828,0.3037647,0
0.3073121,0.37424466,0.31844324,0
0.32920516,0.39878103,0.27201384,0
0.24883606,0.46964672,0.2815172,0
0.18810116,0.57904446,0.23285443,0
0.3112002,0.44314882,0.24565095,0
0.25138137,0.5269126,0.22170606,0
0.27450317,0.42743847,0.2980584,0
0.21035779,0.53789216,0.25175005,0
0.31102023,0.39073044,0.29824936,0
0.30567163,0.37516633,0.319162,0
0.27677286,0.48714492,0.23608227,0
0.2742295,0.42942083,0.29634967,0
0.27485755,0.42535976,0.29978272,0
0.30878592,0.4068972,0.28431687,0
0.371929,0.27636573,0.35170525,-1
0.31790212,0.38452503,0.29757282,0
0.3288112,0.33837882,0.33280995,0
0.26956794,0.43449855,0.29593346,0
0.3045573,0.41095275,0.28449002,0
0.25620237,0.4535175,0.29028007,0
0.28843164,0.39043048,0.32113788,0
0.31686065,0.34695575,0.3361836,0
0.25606662,0.45548454,0.28844884,0
0.2927412,0.4578277,0.24943104,0
0.3043809,0.43447623,0.2611429,0
0.37108886,0.26586935,0.3630418,-1
0.30562937,0.41468212,0.2796885,0
0.26521584,0.44182873,0.29295546,0
0.20455438,0.5485119,0.2469337,0
0.28281733,0.49134532,0.22583736,0
0.2919515,0.40127388,0.30677456,0
0.2684959,0.43630022,0.29520392,0
0.2630126,0.49853945,0.238448,0
0.24622206,0.4743249,0.27945304,0
0.16995822,0.6134565,0.21658523,0
0.2723608,0.429883,0.29775614,0
0.32487923,0.4190306,0.2560902,0
0.22524744,0.5149105,0.25984207,0
0.32826856,0.40672407,0.26500738,0
0.32634452,0.32636303,0.34729248,1
0.24556038,0.4754718,0.27896786,0
0.33124024,0.3699614,0.29879832,0
0.33713472,0.32919914,0.33366615,-1
0.29655308,0.3910565,0.31239045,0
0.3019568,0.38410038,0.31394276,0
0.2550972,0.45903835,0.2858645,0
0.31031835,0.40444744,0.2852342,0
0.33667916,0.3135416,0.3497793,1
0.2629064,0.43031284,0.30678076,0
0.2776186,0.42348954,0.29889193,0
0.32057264,0.35704094,0.3223864,0
0.27342635,0.4217578,0.3048159,0
0.2934598,0.4411155,0.2654247,0
0.31417617,0.35847312,0.3273507,0
0.2749782,0.48271868,0.24230307,0
0.31798154,0.36650476,0.31551364,0
0.25074688,0.5102586,0.23899452,0
0.3109629,0.3546952,0.33434197,0
0.22835477,0.5056434,0.26600185,0
0.29791203,0.386628,0.31545994,0
0.28270555,0.4159375,0.3013569,0
0.31776404,0.37831888,0.30391708,0
0.3495963,0.33898923,0.31141445,-1
0.27575147,0.42130098,0.30294758,0
0.25150856,0.46519783,0.28329363,0
0.3260279,0.37259814,0.30137396,0
0.3497844,0.31131506,0.33890054,-1
0.33729425,0.32972032,0.3329854,-1
0.34252495,0.377621,0.27985406,0
0.21414903,0.5298765,0.25597456,0
0.38424632,0.26958606,0.34616765,-1
0.31101638,0.35651836,0.3324653,0
0.3781317,0.27228686,0.34958145,-1
0.33140492,0.36478406,0.30381098,0
0.24730168,0.47241268,0.28028563,0
0.303079,0.40588835,0.29103273,0
0.33014536,0.35981017,0.31004447,0
0.29711273,0.38624346,0.31664377,0
0.28046674,0.41658682,0.30294642,0
0.30808288,0.3675816,0.32433552,0
0.2683696,0.4379493,0.2936811,0
0.3190866,0.36623177,0.31468162,0
0.30894452,0.3700551,0.32100043,0
0.2711432,0.42750102,0.30135575,0
0.3097948,0.36838648,0.32181877,0
0.3343498,0.31986138,0.34578887,1
0.33760843,0.3246313,0.3377602,1
0.36569148,0.27947652,0.35483196,-1
0.30790815,0.41004905,0.2820428,0
0.34804797,0.3175575,0.33439454,-1
0.25780365,0.45107114,0.29112527,0
0.3450732,0.31714,0.33778676,-1
0.26801497,0.4399587,0.29202637,0
0.307615,0.35980707,0.33257797,0
0.33762375,0.30940872,0.35296753,1
0.30079,0.37813762,0.3210723,0
0.31662762,0.35921293,0.32415944,0
0.31261578,0.3697707,0.31761348,0
0.2502263,0.46735734,0.2824164,0
0.28139648,0.42388514,0.29471838,0
0.2924085,0.4629001,0.24469145,0
0.26344803,0.473791,0.26276094,0
0.23343171,0.4970485,0.26951978,0
0.2244607,0.508445,0.2670943,0
0.2896268,0.4047034,0.30566978,0
0.34200442,0.32132748,0.33666807,-1
0.3018402,0.3838282,0.31433168,0
0.29484162,0.39435872,0.31079972,0
0.29841027,0.38911128,0.31247848,0
0.35547048,0.32150188,0.32302764,-1
0.30169073,0.37121624,0.32709303,0
0.33738005,0.3220788,0.3405412,1
0.35762382,0.296582,0.34579417,-1
0.31014666,0.364514,0.32533932,0
0.30828387,0.39489964,0.29681647,0
0.29169264,0.38478428,0.32352307,0
0.22621009,0.5094473,0.26434264,0
0.31135073,0.42571652,0.26293266,0
0.30398172,0.3786128,0.31740546,0
0.27440503,0.4294374,0.29615757,0
0.29182187,0.45703128,0.25114682,0
0.26942375,0.43598384,0.29459238,0
0.25265685,0.4632237,0.28411943,0
0.29581073,0.4442838,0.2599054,0
0.2756413,0.42520618,0.29915252,0
0.25827637,0.45360613,0.2881175,0
0.32152867,0.35508242,0.3233889,0
0.26433095,0.44332433,0.29234463,0
0.28222317,0.41596946,0.30180746,0
0.31091836,0.36604437,0.32303727,0
0.32251385,0.3389838,0.3385023,0
0.3360673,0.33342957,0.33050308,-1
0.3306729,0.36203104,0.30729604,0
0.267617,0.4308318,0.3015512,0
0.3352825,0.31816018,0.34655735,1
0.3310177,0.32028127,0.34870106,1
0.3587838,0.27736467,0.36385155,1
0.3059182,0.37687916,0.3172026,0
0.36666572,0.27188382,0.36145037,-1
0.3185567,0.35353866,0.32790458,0
0.2295351,0.5014868,0.26897815,0
0.3078566,0.35787922,0.33426422,0
0.32963666,0.35901546,0.3113479,0
0.32351053,0.37346715,0.30302233,0
0.2833366,0.4141086,0.30255482,0
0.32957163,0.3673395,0.30308893,0
0.2967062,0.3908112,0.31248248,0
0.32676467,0.35528946,0.31794587,0
0.298196,0.3802861,0.32151783,0
0.24247351,0.48083523,0.27669132,0
0.2632934,0.44772688,0.28897974,0
0.25484508,0.45856416,0.28659073,0
0.30923042,0.3534569,0.33731264,0
0.3448864,0.32517964,0.32993403,-1
0.2867688,0.45374706,0.25948414,0
0.2577275,0.5178823,0.22439016,0
0.3034043,0.37589806,0.3206977,0
0.2625955,0.43814507,0.2992594,0
0.32133356,0.35274595,0.32592043,0
0.33265352,0.32720608,0.34014034,1
0.32945457,0.34366426,0.3268812,0
0.34011915,0.32764265,0.3322382,-1
0.36691186,0.29185632,0.34123182,-1
0.3016513,0.3829228,0.31542587,0
0.32019353,0.37999737,0.299809,0
0.2890723,0.38868755,0.32224017,0
0.31377462,0.34909466,0.33713067,0
0.25472984,0.45328498,0.29198515,0
0.32743657,0.3520281,0.3205353,0
0.32639426,0.36403334,0.30957243,0
0.2741734,0.42324382,0.3025827,0
0.25371867,0.4579021,0.28837922,0
0.3174656,0.36166555,0.3208689,0
0.22039935,0.51665765,0.2629429,0
0.3202179,0.35101655,0.32876557,0
0.34355578,0.29825255,0.35819173,1
0.34806862,0.32899258,0.32293877,-1
0.33568415,0.32740995,0.33690584,1
0.29022998,0.4407412,0.26902887,0
0.28719664,0.3919761,0.32082736,0
0.32861298,0.35495567,0.31643128,0
0.3419179,0.29713634,0.3609457,1
0.30486268,0.3745139,0.3206235,0
0.33113322,0.33604586,0.33282098,0
0.29204848,0.39026207,0.31768945,0
0.34235835,0.3036988,0.35394284,1
0.3356215,0.3144955,0.3498829,1
0.31323367,0.34667587,0.34009048,0
0.34624186,0.31999832,0.33375984,-1
0.22217143,0.5162397,0.2615889,0
0.30720392,0.36316535,0.3296307,0
0.3278015,0.330682,0.34151655,1
0.33195737,0.32782462,0.34021798,1
0.3682564,0.29319933,0.33854422,-1
0.32602313,0.34876058,0.32521623,0
0.20999686,0.5385504,0.25145277,0
0.29032123,0.46196225,0.24771652,0
0.30404115,0.3773507,0.31860813,0
0.1673797,0.617558,0.21506226,0
0.3115982,0.399246,0.2891558,0
0.30940908,0.40898153,0.2816094,0
0.3009777,0.38967925,0.309343,0
0.30900484,0.38454816,0.306447,0
0.25232482,0.4618957,0.28577957,0
0.2871635,0.40586147,0.30697495,0
0.33247772,0.3347685,0.33275375,0
0.3029158,0.40234923,0.2947349,0
0.32358578,0.37419808,0.30221608,0
0.2942877,0.42586026,0.27985206,0
0.28567645,0.39684424,0.3174793,0
0.31476143,0.40127018,0.2839684,0
0.3343727,0.38631046,0.2793168,0
0.23650402,0.490862,0.27263394,0
0.29289016,0.4042569,0.30285293,0
0.3019458,0.38428506,0.31376907,0
0.22887501,0.5031432,0.2679818,0
0.32489565,0.34521687,0.32988745,0
0.26019517,0.49640295,0.24340193,0
0.27362657,0.49147537,0.23489805,0
0.15792358,0.63672817,0.20534828,0
0.25238672,0.46804094,0.2795723,0
0.3150083,0.37708145,0.30791026,0
0.2708254,0.43238884,0.29678586,0
0.28221115,0.44188315,0.27590567,0
0.30771407,0.3752817,0.3170042,0
0.26463798,0.44322953,0.29213256,0
0.24402136,0.5333214,0.22265726,0
0.2202671,0.5929347,0.18679823,0
0.3105479,0.38830903,0.3011431,0
0.28278843,0.41282946,0.30438206,0
0.2925247,0.4421912,0.26528415,0
0.32637492,0.34429955,0.3293255,0
0.3168826,0.3624305,0.3206869,0
0.2576441,0.44120806,0.30114782,0
0.3226747,0.42160088,0.25572443,0
0.22863552,0.5073514,0.26401305,0
0.29019594,0.43842044,0.27138358,0
0.35224855,0.28582036,0.36193106,1
0.24753788,0.4704033,0.2820588,0
0.26986602,0.4350595,0.29507446,0
0.2957953,0.39511216,0.30909258,0
0.2822599,0.47087902,0.24686101,0
0.3166879,0.3638267,0.31948537,0
0.28391987,0.4200692,0.2960109,0
0.32229695,0.3544052,0.32329786,0
0.3073902,0.373738,0.31887183,0
0.30315894,0.41000777,0.28683332,0
0.31593078,0.3570394,0.32702973,0
0.30446956,0.40207615,0.29345435,0
0.3014755,0.3971917,0.30133274,0
0.2843127,0.40758017,0.30810705,0
0.32814142,0.36610398,0.3057546,0
0.32510513,0.34041327,0.3344817,0
0.32867268,0.33204457,0.33928278,1
0.33175537,0.36175686,0.30648768,0
0.37261024,0.26319638,0.36419335,-1
0.33991456,0.33098835,0.3290971,-1
0.34694678,0.3280811,0.32497215,-1
0.33853206,0.42199445,0.23947355,0
0.3210707,0.34945765,0.32947162,0
0.37433147,0.2824176,0.34325093,-1
0.2804211,0.41133803,0.30824092,0
0.30549482,0.39185232,0.30265287,0
0.2751733,0.47409603,0.25073066,0
0.37711602,0.25197065,0.37091336,-1
0.37600297,0.26777402,0.35622305,-1
0.3681691,0.29362074,0.33821014,-1
0.3295398,0.33714947,0.33331066,0
0.33336496,0.3359254,0.33070964,0
0.26547152,0.43512285,0.29940566,0
0.2766695,0.489573,0.23375762,0
0.24831179,0.54029757,0.21139067,0
0.24352862,0.47173348,0.28473788,0
0.3305666,0.36063156,0.30880183,0
0.24172305,0.48214236,0.27613452,0
0.37383977,0.2996792,0.32648095,-1
0.34720057,0.29844636,0.35435307,1
0.3500663,0.30452228,0.34541148,-1
0.37390018,0.26903588,0.35706398,-1
0.3493677,0.3115533,0.33907896,-1
0.30775598,0.4022689,0.28997508,0
0.3793304,0.24756253,0.37310705,-1
0.34177986,0.29724336,0.3609768,1
0.31702453,0.3746504,0.30832514,0
0.3062046,0.40605816,0.28773725,0
0.29285222,0.4391722,0.26797554,0
0.2714977,0.42558566,0.30291665,0
0.31312418,0.39028108,0.2965947,0
0.30716178,0.37205446,0.32078367,0
0.28968504,0.39939934,0.31091568,0
0.29145226,0.43024695,0.2783008,0
0.23880802,0.5324538,0.22873823,0
0.2502492,0.46631363,0.28343725,0
0.28766996,0.403609,0.30872104,0
0.3134114,0.3886393,0.29794934,0
0.33072406,0.34112018,0.32815567,0
0.29089406,0.39996532,0.30914056,0
0.25244185,0.45314723,0.2944109,0
0.32073018,0.35195404,0.32731578,0
0.33557212,0.3243302,0.34009773,1
0.31517768,0.38804057,0.29678184,0
0.2932506,0.39420736,0.312542,0
0.32560456,0.3570214,0.3173741,0
0.33870095,0.3209927,0.34030634,1
0.33426112,0.3820088,0.2837301,0
0.3234112,0.3339356,0.34265324,1
0.32736987,0.36177698,0.31085315,0
0.31100482,0.3638204,0.32517475,0
0.31119454,0.367587,0.32121846,0
0.30926022,0.35893598,0.3318038,0
0.31460932,0.34525773,0.34013298,0
0.3239216,0.3404755,0.33560294,0
0.30052787,0.42631948,0.27315268,0
0.28498977,0.40311772,0.3118925,0
0.2751341,0.41993743,0.30492848,0
0.29853114,0.37632674,0.3251421,0
0.28626958,0.40873295,0.3049974,0
0.32416412,0.36448514,0.31135073,0
0.3050223,0.37960404,0.3153736,0
0.2965975,0.3836266,0.31977585,0
0.3089293,0.37320334,0.31786734,0
0.28143945,0.4020976,0.31646287,0
0.24873132,0.4586648,0.2926039,0
0.31338844,0.35474026,0.33187133,0
0.35287353,0.2973588,0.34976766,-1
0.323179,0.34731206,0.32950893,0
0.339518,0.32247978,0.3380022,-1
0.34449098,0.32170406,0.33380497,-1
0.37379315,0.26850066,0.35770613,-1
0.2816307,0.4040848,0.31428453,0
0.2980789,0.3725667,0.32935447,0
0.32134247,0.37304682,0.3056107,0
0.30354095,0.38137183,0.31508726,0
0.31138575,0.36767966,0.32093456,0
0.33315414,0.3342898,0.33255607,0
0.23114288,0.50039756,0.2684596,0
0.28853482,0.40353367,0.3079315,0
0.30385685,0.3848173,0.31132582,0
0.30724847,0.41203937,0.2807122,0
0.28433862,0.4130814,0.3025799,0
0.23895556,0.48041198,0.2806324,0
0.292518,0.43649694,0.2709851,0
0.32379138,0.3519585,0.32425013,0
0.31499377,0.35926482,0.3257414,0
0.3555754,0.29708973,0.34733483,-1
0.30665842,0.38574278,0.30759874,0
0.3373135,0.33072984,0.3319566,-1
0.34542674,0.3260246,0.3285487,-1
0.3253512,0.32264844,0.35200036,1
0.29448876,0.39240345,0.3131078,0
0.35920268,0.28136808,0.35942927,1
0.32396677,0.34534785,0.3306854,0
0.31232283,0.3539833,0.33369386,0
0.36993363,0.27616608,0.35390025,-1
0.3207309,0.33574182,0.34352735,1
0.3655786,0.2807513,0.35367012,-1
0.31544396,0.35148892,0.33306712,0
0.332596,0.33150515,0.33589882,1
0.2657846,0.49173063,0.24248482,0
0.2887398,0.3971213,0.31413892,0
0.30204937,0.41820282,0.27974778,0
0.29172269,0.38606545,0.32221177,0
0.2566771,0.45633593,0.28698704,0
0.29744777,0.43387628,0.26867592,0
0.30047327,0.41981104,0.27971566,0
0.27818888,0.42909285,0.29271832,0
0.16845293,0.6163476,0.21519953,0
0.24234459,0.48089305,0.27676228,0
0.3257731,0.37948412,0.29474276,0
0.30765966,0.39135998,0.30098033,0
0.27522996,0.42823294,0.2965371,0
0.2892939,0.4040375,0.30666867,0
0.32507342,0.34550214,0.3294244,0
0.33050737,0.34879178,0.32070094,0
0.33146778,0.36203757,0.30649465,0
0.26386106,0.43013152,0.30600744,0
0.30962113,0.37475944,0.31561938,0
0.26772958,0.49797696,0.23429342,0
0.26791507,0.4354679,0.296617,0
0.2202976,0.5150962,0.26460627,0
0.2992675,0.3840055,0.31672707,0
0.22768532,0.5063696,0.2659451,0
0.31301868,0.36369717,0.32328418,0
0.34859067,0.29493108,0.35647824,1
0.33860546,0.31904688,0.34234774,1
0.3055095,0.37989476,0.3145957,0
0.27531484,0.4371566,0.28752866,0
0.21080191,0.5370827,0.25211546,0
0.2628548,0.44502297,0.29212227,0
0.2987627,0.38085312,0.32038426,0
0.30961597,0.384578,0.3058061,0
0.23590848,0.4940053,0.27008626,0
0.23889992,0.5418639,0.21923621,0
0.30495527,0.39353368,0.301511,0
0.25287965,0.48696998,0.26015034,0
0.23908074,0.4809702,0.2799491,0
0.2661761,0.44020757,0.2936162,0
0.32630667,0.3665454,0.30714795,0
0.3651374,0.28179744,0.35306522,-1
0.31646442,0.3732341,0.31030148,0
0.29546347,0.39327163,0.3112649,0
0.30837995,0.41356942,0.27805066,0
0.28132948,0.47910133,0.23956911,0
0.29418492,0.42538473,0.28043035,0
0.20806283,0.53631103,0.25562608,0
0.2923817,0.39737663,0.31024167,0
0.32342717,0.34365034,0.33292246,0
0.33267617,0.3545125,0.31281126,0
0.25373,0.52352697,0.22274308,0
0.284823,0.41105822,0.30411884,0
0.27833027,0.46594793,0.25572175,0
0.20905477,0.5375176,0.2534276,0
0.25258088,0.47882167,0.2685974,0
0.2527426,0.46178088,0.28547654,0
0.28125545,0.41769356,0.301051,0
0.3010754,0.3733316,0.32559296,0
0.321936,0.35112616,0.32693776,0
0.3125296,0.3640696,0.32340086,0
0.30971178,0.37704575,0.3132425,0
0.29333702,0.38454238,0.32212064,0
0.30186594,0.37799898,0.32013512,0
0.34780827,0.3154434,0.33674842,-1
0.29212224,0.384916,0.3229617,0
0.33087012,0.3430479,0.32608202,0
0.3419848,0.31553718,0.342478,1
0.31577322,0.39650297,0.28772384,0
0.2883663,0.40097117,0.31066254,0
0.28808817,0.38852826,0.32338357,0
0.28349113,0.45516607,0.2613428,0
0.29441956,0.3993809,0.30619955,0
0.2795545,0.41863742,0.30180818,0
0.259854,0.4457603,0.29438576,0
0.211324,0.53531265,0.2533634,0
0.28243616,0.49231687,0.2252469,0
0.35116276,0.29146534,0.3573719,1
0.32284597,0.38805136,0.28910267,0
0.30103236,0.38612255,0.31284514,0
0.28936777,0.4176041,0.29302815,0
0.33213815,0.33951414,0.32834774,0
0.2651813,0.4418871,0.29293165,0
0.29407388,0.38235784,0.32356837,0
0.3095557,0.37219068,0.31825355,0
0.30060643,0.38079387,0.31859967,0
0.3105244,0.40711966,0.28235584,0
0.37256432,0.26783964,0.35959607,-1
0.2760159,0.41428572,0.30969846,0
0.33249068,0.35599616,0.3115132,0
0.31630033,0.3545111,0.32918862,0
0.27989614,0.46204224,0.2580616,0
0.24923605,0.4633265,0.28743753,0
0.31490597,0.37560135,0.30949265,0
0.33401498,0.3065214,0.35946363,1
0.3060661,0.3985357,0.29539827,0
0.3048471,0.37748787,0.317665,0
0.37364355,0.2645582,0.36179826,-1
0.32290667,0.3454882,0.3316052,0
0.37468365,0.26258782,0.36272854,-1
0.37014204,0.26383147,0.36602652,-1
0.37690863,0.24634433,0.376747,-1
0.08787865,0.8689224,0.043198887,0
0.40217543,0.2534701,0.34435448,-1
0.39054233,0.1115,0.49795762,1
0.361725,0.30607736,0.33219767,-1
0.3669469,0.32619765,0.3068554,-1
0.33525196,0.3465352,0.3182128,0
0.41214657,0.32655233,0.2613011,-1
0.3317298,0.33358696,0.33468327,1
0.35952696,0.32238922,0.31808382,-1
0.31943274,0.35388407,0.32668322,0
0.388504,0.2590918,0.35240424,-1
0.35264313,0.2964244,0.35093248,-1
0.33067873,0.32451278,0.3448084,1
0.34994522,0.33889863,0.31115618,-1
0.38791868,0.2526529,0.35942844,-1
0.37591562,0.25039718,0.37368724,-1
0.27314216,0.41980496,0.30705285,0
0.31865764,0.35402945,0.32731292,0
0.33323482,0.36770776,0.29905748,0
0.26326457,0.4439984,0.2927371,0
0.3741426,0.2690891,0.35676837,-1
0.3545477,0.2898332,0.3556191,1
0.29637253,0.37278017,0.33084732,0
0.27945578,0.41949126,0.30105293,0
0.30246764,0.36700562,0.33052668,0
0.32767388,0.3530303,0.31929576,0
0.329467,0.33958563,0.33094734,0
0.29863632,0.4113116,0.29005206,0
0.21909685,0.52211374,0.25878945,0
0.25722626,0.45018068,0.29259315,0
0.30963314,0.36588368,0.3244832,0
0.3241754,0.35116762,0.324657,0
0.30614853,0.3737619,0.3200896,0
0.30857244,0.37145334,0.31997424,0
0.37406147,0.28355736,0.34238115,-1
0.36465147,0.28246668,0.35288182,-1
0.37372082,0.26644087,0.35983825,-1
0.37004417,0.26401725,0.36593857,-1
0.32353705,0.34381232,0.3326506,0
0.34896824,0.2955678,0.35546398,1
0.32023785,0.343257,0.33650514,0
0.32706785,0.32726464,0.34566748,1
0.31657606,0.38672912,0.29669476,0
0.34325045,0.30282322,0.3539264,1
0.30936232,0.36166847,0.32896924,0
0.2863677,0.39899567,0.31463662,0
0.320788,0.38019592,0.29901606,0
0.34496328,0.30315962,0.35187706,1
0.26177275,0.49603426,0.24219301,0
0.2870524,0.41203603,0.30091155,0
0.34217694,0.31887594,0.33894715,-1
0.29817185,0.37753868,0.3242895,0
0.30131167,0.4154987,0.2831896,0
0.2715336,0.47908774,0.24937862,0
0.18163931,0.58931905,0.22904167,0
0.2857038,0.46405074,0.25024542,0
0.3219133,0.33260468,0.345482,1
0.27958077,0.418021,0.30239818,0
0.3611127,0.29091775,0.34796956,-1
0.352508,0.29735088,0.35014105,-1
0.3477647,0.33531114,0.31692418,-1
0.37159702,0.29312077,0.33528218,-1
0.34018436,0.30228925,0.35752636,1
0.30823493,0.37187022,0.31989485,0
0.3121039,0.3666232,0.3212729,0
0.30860078,0.3637355,0.32766363,0
0.3199861,0.3680871,0.31192675,0
0.34335276,0.31186637,0.3447808,1
0.30133978,0.37732106,0.3213392,0
0.31666496,0.35554266,0.3277924,0
0.27578643,0.41288143,0.31133214,0
0.29798022,0.41656974,0.28545,0
0.3162172,0.3888051,0.29497775,0
0.2809231,0.40404728,0.31502962,0
0.2755476,0.42309594,0.3013565,0
0.32199493,0.40147313,0.27653188,0
0.30777344,0.36809,0.32413653,0
0.24293874,0.4754761,0.28158513,0
0.3032581,0.38866377,0.3080781,0
0.2642299,0.44239452,0.29337552,0
0.33006492,0.4124961,0.25743896,0
0.22776416,0.50953156,0.26270428,0
0.29931122,0.38993734,0.31075153,0
0.2950945,0.39623606,0.30866948,0
0.33609802,0.33181068,0.3320913,-1
0.34064135,0.30569363,0.35366505,1
0.34896705,0.32287222,0.32816073,-1
0.332311,0.35185868,0.31583035,0
0.32591987,0.3977411,0.27633905,0
0.34101683,0.33651182,0.32247138,-1
0.37273237,0.2500865,0.37718117,1
0.3747583,0.2724558,0.35278592,-1
0.28029525,0.4109983,0.30870643,0
0.37442675,0.26784778,0.3577255,-1
0.35765588,0.28542274,0.35692134,-1
0.34228006,0.34986967,0.30785027,0
0.37411612,0.27192718,0.3539567,-1
0.31421542,0.35843542,0.3273492,0
0.29138482,0.38888994,0.31972525,0
0.33149648,0.36377075,0.30473283,0
0.33885798,0.3504635,0.31067842,0
0.32389194,0.34536642,0.33074164,0
0.3633686,0.2930819,0.34354955,-1
0.31141603,0.360668,0.32791603,0
0.2896194,0.3986962,0.3116844,0
0.3630663,0.27980036,0.35713333,-1
0.34040156,0.32442155,0.3351769,-1
0.36579412,0.2789049,0.355301,-1
0.36189634,0.3447572,0.29334646,-1
0.3675668,0.2595126,0.37292063,1
0.32765973,0.32733983,0.34500042,1
0.29696125,0.3784502,0.32458854,0
0.35874665,0.2923513,0.34890205,-1
0.3817268,0.24016003,0.37811327,-1
0.30801013,0.36400437,0.32798553,0
0.32144332,0.35064209,0.3279145,0
0.3717887,0.2664865,0.36172473,-1
0.33306754,0.31711793,0.34981453,1
0.32328987,0.3721671,0.30454308,0
0.26305637,0.4336528,0.30329087,0
0.26697007,0.43834838,0.29468155,0
0.31032297,0.36852813,0.32114896,0
0.2818323,0.44818136,0.26998627,0
0.27881345,0.41848457,0.30270195,0
0.30756488,0.37160328,0.3208319,0
0.37343633,0.2693335,0.3572301,-1
0.31666315,0.36270297,0.3206339,0
0.33327276,0.33401597,0.33271125,0
0.2878152,0.38720027,0.32498452,0
0.36608332,0.28090778,0.35300893,-1
0.3755063,0.26700696,0.35748672,-1
0.37024885,0.25785288,0.37189826,1
0.36231402,0.28530842,0.3523775,-1
0.38874283,0.26188555,0.34937158,-1
0.37722582,0.24383734,0.37893683,1
0.3773445,0.24333219,0.3793233,1
0.37127045,0.25707883,0.37165073,1
0.3771879,0.25638452,0.3664275,-1
0.38710186,0.23183256,0.3810656,-1
0.386669,0.2324348,0.3808962,-1
0.30840254,0.35953885,0.3320586,0
0.30759278,0.36233738,0.3300699,0
0.3634297,0.27725238,0.3593179,-1
0.38657987,0.23236969,0.3810504,-1
0.37543982,0.26829046,0.35626975,-1
0.3276362,0.36476216,0.30760166,0
0.3207856,0.33603922,0.34317523,1
0.37046787,0.29793185,0.3316003,-1
0.28824374,0.39414185,0.3176144,0
0.34014583,0.30828574,0.35156834,1
0.35335225,0.29272208,0.35392568,1
0.37195486,0.2639686,0.3640765,-1
0.37021515,0.27635163,0.35343322,-1
0.3780721,0.24857242,0.37335554,-1
0.33403793,0.3166516,0.34931052,1
0.38241696,0.24027675,0.37730628,-1
0.31719774,0.33848017,0.3443221,1
0.38122556,0.23393805,0.38483647,1
0.37432417,0.25927866,0.36639717,-1
0.38287517,0.24037297,0.37675193,-1
0.3328802,0.32307437,0.34404543,1
0.38463637,0.2367759,0.3785877,-1
0.28917754,0.39368403,0.3171385,0
0.31889775,0.34254646,0.33855575,0
0.32400718,0.3448672,0.33112556,0
0.2895764,0.39372784,0.31669572,0
0.3054706,0.3767958,0.31773356,0
0.33691984,0.31670225,0.3463779,1
0.2993026,0.3740327,0.3266647,0
0.31925523,0.37027073,0.31047407,0
0.32597327,0.37241977,0.3016069,0
0.3175491,0.33944774,0.34300315,1
0.3266639,0.3510032,0.3223329,0
0.31818157,0.36901522,0.3128032,0
0.31616244,0.3869848,0.2968528,0
0.30660313,0.36353284,0.32986405,0
0.37177745,0.25984845,0.36837408,-1
0.3735575,0.26283294,0.36360958,-1
0.3774329,0.25561324,0.36695388,-1
0.3660038,0.27817222,0.355824,-1
0.37882164,0.23974404,0.3814343,1
0.37744412,0.2478022,0.37475374,-1
0.37244982,0.2624416,0.3651086,-1
0.33475587,0.313075,0.35216913,1
0.3857103,0.234761,0.3795287,-1
0.3817053,0.24449514,0.37379956,-1
0.364668,0.3112461,0.32408583,-1
0.3120099,0.36813405,0.31985608,0
0.36275813,0.2694047,0.36783716,1
0.30703568,0.36527067,0.3276937,0
0.3221498,0.33974317,0.33810702,0
0.32084402,0.3462533,0.33290276,0
0.34604642,0.3088887,0.34506488,-1
0.29238418,0.39433086,0.31328496,0
0.3747772,0.2634264,0.36179644,-1
0.3414441,0.3081487,0.35040712,1
0.31794932,0.36943126,0.31261948,0
0.35050797,0.29630864,0.35318336,1
0.35603115,0.27587667,0.36809218,1
0.30966008,0.35677728,0.33356267,0
0.29731855,0.37956524,0.32311624,0
0.336266,0.30952665,0.35420734,1
0.3381993,0.3104028,0.3513979,1
0.3398521,0.34036422,0.31978375,0
0.29300904,0.39183357,0.3151574,0
0.29437998,0.38715163,0.31846836,0
0.33036602,0.33230394,0.33733013,1
0.31551576,0.3536547,0.33082953,0
0.30818903,0.36423153,0.3275795,0
0.3324071,0.3328418,0.33475116,1
0.30419126,0.36802033,0.32778844,0
0.3741744,0.26874554,0.35708004,-1
0.32401508,0.38031292,0.2956719,0
0.33061826,0.34275025,0.32663146,0
0.25837484,0.45200813,0.28961706,0
0.29888004,0.37667438,0.32444555,0
0.35245666,0.29362723,0.3539161,1
0.31824854,0.346519,0.33523247,0
0.301681,0.3828755,0.3154434,0
0.35922828,0.30542883,0.33534288,-1
0.36166075,0.2824382,0.35590103,-1
0.37230918,0.27269292,0.35499796,-1
0.30809218,0.35593313,0.33597466,0
0.37141237,0.25816667,0.370421,-1
0.37229156,0.27122927,0.35647917,-1
0.3760244,0.24685091,0.3771247,1
0.32709435,0.3266684,0.34623724,1
0.38589612,0.23649366,0.37761024,-1
0.2956776,0.38853168,0.31579074,0
0.32762942,0.34534562,0.3270249,0
0.37115058,0.2615457,0.36730373,-1
0.3865059,0.23246706,0.38102704,-1
0.37520385,0.26845092,0.35634527,-1
0.3365621,0.3121254,0.35131246,1
0.29991996,0.37330025,0.32677978,0
0.34286383,0.31609926,0.34103692,-1
0.33843586,0.3425555,0.31900862,0
0.34008607,0.33799577,0.32191813,-1
0.3035046,0.37658548,0.31990996,0
0.3157529,0.38365075,0.30059633,0
0.37353542,0.25898722,0.3674774,-1
0.34703645,0.30864838,0.34431514,-1
0.2801828,0.404241,0.31557617,0
0.34811762,0.29887766,0.35300472,1
0.29755345,0.3842775,0.3181691,0
0.33878905,0.3401146,0.3210964,0
0.33876255,0.3186468,0.34259063,1
0.3004544,0.37471503,0.3248306,0
0.32223764,0.35103756,0.32672474,0
0.31267002,0.36893877,0.31839123,0
0.32639143,0.32510707,0.34850156,1
0.37074247,0.2763858,0.35287172,-1
0.3641062,0.33301258,0.30288124,-1
0.3230445,0.34566888,0.33128658,0
0.27806094,0.41169533,0.31024367,0
0.3002249,0.37164846,0.32812667,0
0.31223848,0.43099335,0.25676817,0
0.22480719,0.51165324,0.26353952,0
0.28392965,0.42528397,0.2907864,0
0.33501306,0.35264328,0.3123436,0
0.29845524,0.38770214,0.31384265,0
0.33950368,0.32370722,0.33678913,-1
0.32706296,0.3413116,0.3316254,0
0.37343636,0.26933348,0.35723013,-1
0.3307239,0.33660737,0.3326688,0
0.33171362,0.3421745,0.32611185,0
0.33695093,0.3116149,0.35143414,1
0.33182892,0.3648847,0.3032864,0
0.33136475,0.31941816,0.3492171,1
0.24744216,0.4709855,0.2815723,0
0.27456704,0.4188957,0.3065373,0
0.34192935,0.3175409,0.34052974,-1
0.23434755,0.4934554,0.27219707,0
0.26638913,0.4423117,0.2912991,0
0.3290091,0.31265852,0.35833243,1
0.31467268,0.39766464,0.28766277,0
0.34126022,0.31804493,0.3406948,-1
0.2251814,0.5029756,0.271843,0
0.31225067,0.36534467,0.32240468,0
0.32839206,0.3229748,0.34863308,1
0.2922069,0.38972214,0.31807092,0
0.3461176,0.32158497,0.33229753,-1
0.3044756,0.4174062,0.2781182,0
0.29066345,0.40141118,0.3079254,0
0.35875663,0.30180758,0.33943585,-1
0.26503587,0.43195084,0.30301332,0
0.3362732,0.37202713,0.29169974,0
0.32026592,0.35114932,0.32858482,0
0.3249951,0.34525692,0.329748,0
0.37312996,0.2912356,0.33563444,-1
0.2632173,0.44520926,0.29157338,0
0.31552136,0.36081207,0.32366654,0
0.3197404,0.37539768,0.30486187,0
0.31234542,0.35450208,0.33315247,0
0.27114996,0.43184477,0.2970053,0
0.325015,0.34033623,0.3346488,0
0.3017164,0.37149438,0.32678914,0
0.35876724,0.28890964,0.35232309,-1
0.3682099,0.27681214,0.354978,-1
0.37240708,0.26100022,0.36659274,-1
0.3172295,0.36010355,0.3226669,0
0.37453482,0.24887778,0.37658748,1
0.37099317,0.2631527,0.36585417,-1
0.33964992,0.30073476,0.35961536,1
0.35063168,0.31332538,0.33604294,-1
0.23876353,0.48546696,0.2757695,0
0.37249422,0.3265786,0.3009272,-1
0.31451443,0.35931173,0.32617384,0
0.34928158,0.31267184,0.33804655,-1
0.34529006,0.31019202,0.34451795,-1
0.35334173,0.3069548,0.33970347,-1
0.3338357,0.33105156,0.33511278,1
0.31081766,0.35687795,0.3323044,0
0.27391905,0.4152442,0.3108368,0
0.2902517,0.43839633,0.27135193,0
0.332268,0.31797236,0.3497596,1
0.3296945,0.33358958,0.33671594,1
0.34874684,0.31034672,0.34090644,-1
0.37390512,0.274721,0.35137385,-1
0.30701455,0.36094987,0.33203554,0
0.34002444,0.3273704,0.33260515,-1
0.33784434,0.34045145,0.32170418,0
0.3230194,0.3479733,0.32900727,0
0.36967793,0.2886623,0.3416598,-1
0.379849,0.2424116,0.37773946,-1
0.37398326,0.25632992,0.36968678,-1
0.32667845,0.33280352,0.34051794,1
0.373028,0.2539341,0.37303787,1
0.28344798,0.40706962,0.30948246,0
0.36207777,0.29002827,0.34789392,-1
0.32795542,0.32742965,0.34461495,1
0.26001915,0.44802165,0.29195917,0
0.3227815,0.3488016,0.32841688,0
0.32955435,0.34828174,0.32216394,0
0.3456706,0.3245872,0.32974216,-1
0.3213115,0.37867486,0.3000136,0
0.28256306,0.39760762,0.31982926,0
0.32282418,0.35735485,0.31982097,0
0.37228587,0.2565186,0.37119552,-1
0.31080112,0.3692912,0.31990772,0
0.34836406,0.33483604,0.31679982,-1
0.34232754,0.3252824,0.3323901,-1
0.32283506,0.33583614,0.3413287,1
0.37569356,0.27855507,0.3457514,-1
0.37117195,0.26538283,0.3634452,-1
0.37298572,0.25841743,0.36859685,-1
0.36751086,0.27853176,0.3539574,-1
0.32699746,0.33122933,0.34177318,1
0.3673796,0.2742165,0.35840386,-1
0.33000836,0.32212853,0.3478632,1
0.3776246,0.24409634,0.3782791,1
0.35157672,0.32640758,0.3220157,-1
0.38719863,0.2621341,0.3506672,-1
0.32300502,0.37701634,0.29997867,0
0.38566512,0.23633248,0.3780024,-1
0.31270528,0.38069162,0.30660313,0
0.32932037,0.32435733,0.3463223,1
0.37765348,0.27244228,0.3499042,-1
0.3868059,0.23265994,0.38053423,-1
0.30310863,0.3760691,0.3208223,0
0.35123244,0.292939,0.35582855,1
0.3407419,0.32569808,0.33356,-1
0.28914386,0.4485048,0.2623513,0
0.33532083,0.32784343,0.33683577,1
0.32998285,0.3174784,0.35253876,1
0.3646497,0.29982015,0.33553007,-1
0.33807877,0.32338017,0.3385411,1
0.3157131,0.39052466,0.2937622,0
0.34711766,0.29751164,0.3553707,1
0.31967732,0.3394634,0.34085923,1
0.329615,0.36654395,0.30384108,0
0.37331772,0.26391461,0.3627677,-1
0.37225583,0.2575933,0.37015086,-1
0.3747468,0.26508695,0.36016634,-1
0.3656551,0.27792996,0.356415,-1
0.3094377,0.36521235,0.32534996,0
0.3073428,0.40362874,0.28902844,0
0.3340984,0.35755086,0.3083507,0
0.34090868,0.30701205,0.35207927,1
0.37611714,0.26957834,0.3543046,-1
0.36380458,0.2840652,0.35213026,-1
0.3732384,0.26478004,0.36198157,-1
0.31966767,0.34039608,0.33993623,0
0.3481465,0.28742236,0.3644311,1
0.30942363,0.36541873,0.32515758,0
0.35900146,0.29162425,0.34937432,-1
0.30158326,0.40311846,0.29529834,0
0.33849332,0.30588898,0.3556177,1
0.2984675,0.38477284,0.31675968,0
0.3908005,0.26394573,0.34525377,-1
0.2721255,0.42956653,0.29830787,0
0.3330467,0.31632477,0.35062855,1
0.35308245,0.29779378,0.34912378,-1
0.3798242,0.2590143,0.36116153,-1
0.32204202,0.3495812,0.32837677,0
0.3513433,0.2889563,0.35970038,1
0.3698684,0.2600949,0.37003672,1
0.35381562,0.2812168,0.36496758,1
0.37193015,0.2983223,0.32974756,-1
0.37809083,0.24759263,0.37431657,-1
0.30863014,0.3633572,0.32801265,0
0.31986436,0.34592617,0.3342094,0
0.3732024,0.27033988,0.35645774,-1
0.38198572,0.23616134,0.38185298,-1
0.34095237,0.32017705,0.33887056,-1
0.3726508,0.30409178,0.32325745,-1
0.37788552,0.24543971,0.3766748,-1
0.3857404,0.23298272,0.38127688,-1
0.3724078,0.2644427,0.36314946,-1
0.37343636,0.26933348,0.35723013,-1
0.3898754,0.23821452,0.37190995,-1
0.38710186,0.23183256,0.3810656,-1
0.37803146,0.2810005,0.340968,-1
0.3360301,0.3291363,0.33483365,-1
0.38682497,0.26833728,0.34483778,-1
0.31037262,0.35505497,0.3345724,0
0.37722543,0.25802842,0.36474615,-1
0.26398605,0.4439079,0.29210606,0
0.30910304,0.36559093,0.32530612,0
0.35085896,0.29451427,0.35462674,1
0.3735251,0.25735164,0.36912325,-1
0.28813717,0.40431598,0.30754685,0
0.27877074,0.4145258,0.30670348,0
0.36453393,0.28393707,0.35152906,-1
0.23917171,0.48481733,0.27601096,0
0.31323922,0.38735104,0.29940978,0
0.28628486,0.46470302,0.24901216,0
0.31253025,0.39048252,0.29698718,0
0.34424248,0.33594984,0.31980768,-1
0.22003329,0.5204395,0.25952718,0
0.34636882,0.309003,0.34462819,-1
0.3135523,0.36127004,0.32517773,0
0.34729058,0.30380347,0.348906,1
0.25658506,0.45649317,0.2869218,0
0.38473594,0.26330844,0.3519556,-1
0.34233895,0.3171025,0.34055856,-1
0.29288548,0.3968084,0.31030613,0
0.2938722,0.38646972,0.31965807,0
0.31310797,0.3502464,0.33664563,0
0.32447162,0.33608583,0.33944252,1
0.30435088,0.38396862,0.31168044,0
0.3176242,0.3435577,0.33881807,0
0.3874602,0.27850738,0.33403236,-1
0.3576857,0.28803718,0.35427704,-1
0.31061822,0.3965318,0.29284987,0
0.32564503,0.32696256,0.34739247,1
0.36198714,0.27856085,0.359452,-1
0.36444756,0.27802932,0.3575231,-1
0.37109196,0.27706692,0.35184115,-1
0.29623342,0.3777791,0.32598752,0
0.31821403,0.34041896,0.34136707,1
0.31480047,0.36063778,0.32456177,0
0.32913128,0.32992423,0.34094453,1
0.27491844,0.47179583,0.25328574,0
0.26118353,0.44376966,0.2950468,0
0.33064792,0.35973516,0.30961692,0
0.30529386,0.36959994,0.3251062,0
0.28590253,0.4058691,0.3082283,0
0.3027304,0.3973566,0.29991296,0
0.3628636,0.31773427,0.31940213,-1
0.35904923,0.28849238,0.3524584,-1
0.37109527,0.27360275,0.35530198,-1
0.32663336,0.33857518,0.33479142,0
0.36368582,0.28330222,0.353012,-1
0.28530088,0.39690712,0.31779206,0
0.3733975,0.25772366,0.36887878,-1
0.3333095,0.33088157,0.33580893,1
0.33325103,0.31795767,0.34879127,1
0.35671106,0.28613678,0.35715216,1
0.32823458,0.32038406,0.35138133,1
0.32514712,0.37685797,0.2979949,0
0.33197564,0.3233329,0.34469143,1
0.37059444,0.26514807,0.36425745,-1
0.35386136,0.2881007,0.35803792,1
0.3683449,0.28342894,0.34822613,-1
0.36291713,0.28204066,0.35504222,-1
0.25482076,0.4594716,0.2857076,0
0.27246997,0.42929226,0.29823768,0
0.3285218,0.329464,0.34201425,1
0.3111422,0.4111898,0.277668,0
0.2914305,0.40132448,0.30724502,0
0.29184258,0.39847273,0.30968466,0
0.35186452,0.29570234,0.35243315,1
0.32264608,0.34858724,0.32876667,0
0.28386524,0.39860564,0.31752905,0
0.3449915,0.30506235,0.34994614,1
0.3653454,0.27839345,0.35626107,-1
0.36308765,0.28408825,0.35282412,-1
0.37348235,0.26864222,0.35787538,-1
0.3621927,0.26870492,0.36910233,1
0.37856022,0.27829227,0.34314752,-1
0.31564447,0.34572914,0.33862635,0
0.34036008,0.29933447,0.36030543,1
0.35087276,0.28473312,0.36439413,1
0.37620714,0.25919807,0.36459482,-1
0.3681887,0.27860522,0.35320613,-1
0.26574242,0.43619046,0.29806715,0
0.3282154,0.33548674,0.3362978,1
0.3454967,0.30175763,0.35274565,1
0.3757754,0.25032339,0.3739012,-1
0.37359944,0.27103588,0.35536474,-1
0.27098837,0.42624357,0.30276805,0
0.34258115,0.31764844,0.33977035,-1
0.3439039,0.30472115,0.35137498,1
0.33042327,0.32011637,0.34946033,1
0.30947706,0.37086678,0.31965622,0
0.27162525,0.43104857,0.29732618,0
0.33711624,0.34359157,0.31929225,0
0.302017,0.4252134,0.27276957,0
0.27622047,0.412758,0.31102154,0
0.31335843,0.37085187,0.31578964,0
0.34969622,0.32639343,0.32391036,-1
0.37343636,0.2693335,0.35723013,-1
0.37353337,0.2692999,0.35716665,-1
0.34903783,0.2947154,0.35624677,1
0.37925288,0.24463867,0.3761084,-1
0.31751478,0.38839564,0.29408962,0
0.37218451,0.25037685,0.37743866,1
0.37520105,0.24712375,0.37767518,1
0.36443624,0.27465248,0.36091125,-1
0.31244683,0.35880876,0.3287444,0
0.33384442,0.3146471,0.35150853,1
0.34295654,0.35008693,0.30695656,0
0.26698345,0.43682048,0.29619604,0
0.25791854,0.4511046,0.29097676,0
0.33633405,0.32257724,0.34108874,1
0.33486983,0.32211104,0.3430192,1
0.3397696,0.32144514,0.33878517,-1
0.33448425,0.35928214,0.30623356,0
0.3034714,0.37354323,0.32298538,0
0.33333883,0.35359403,0.31306723,0
0.2568152,0.44681692,0.2963679,0
0.29925525,0.37907362,0.32167113,0
0.33491808,0.36095908,0.3041229,0
0.3232099,0.35073143,0.32605866,0
0.33031473,0.36092696,0.30875826,0
0.33155668,0.33677614,0.33166716,0
0.31945908,0.35384053,0.32670042,0
0.30520132,0.37336668,0.32143196,0
0.32920465,0.3684126,0.30238277,0
0.31835622,0.4109598,0.27068394,0
0.27747393,0.4218929,0.3006332,0
0.3166768,0.3545671,0.32875612,0
0.3483433,0.3774465,0.2742102,0
0.374318,0.27106142,0.35462058,-1
0.352293,0.30341968,0.3442873,-1
0.3204635,0.3372709,0.3422656,1
0.32024845,0.353915,0.32583657,0
0.3171198,0.39889276,0.2839875,0
0.26544794,0.4320375,0.30251458,0
0.22592272,0.50741607,0.26666117,0
0.3038981,0.38096538,0.31513655,0
0.29938307,0.38873607,0.31188086,0
0.26808128,0.44025648,0.29166228,0
0.31145126,0.43375382,0.25479493,0
0.31336954,0.37261266,0.31401783,0
0.27722794,0.4432917,0.2794804,0
0.3459661,0.328166,0.32586792,-1
0.30712533,0.37394923,0.31892544,0
0.35773292,0.2945837,0.3476833,-1
0.37308112,0.26831424,0.35860467,-1
0.3693298,0.254133,0.37653717,1
0.3749795,0.26853144,0.3564891,-1
0.32006985,0.3415161,0.33841413,0
0.36712787,0.2779477,0.35492447,-1
0.35781538,0.2950293,0.34715533,-1
0.33111152,0.36192825,0.30696025,0
0.30416968,0.426322,0.2695083,0
0.36795977,0.26404834,0.36799183,1
0.20131494,0.5522405,0.24644452,0
0.29350573,0.39238107,0.3141132,0
0.35195294,0.31948635,0.32856077,-1
0.35521653,0.28896132,0.35582215,1
0.33576953,0.3524008,0.3118297,0
0.3415512,0.37425065,0.28419814,0
0.20867476,0.5395413,0.25178388,0
0.2938774,0.3967935,0.3093291,0
0.33850458,0.3029799,0.35851553,1
0.34222138,0.31555256,0.34222606,1
0.30491096,0.37826762,0.3168214,0
0.33202553,0.3785425,0.289432,0
0.3528288,0.30988023,0.33729094,-1
0.25683403,0.45606777,0.28709817,0
0.29136494,0.38004622,0.32858884,0
0.34649575,0.37191102,0.28159314,0
0.37288907,0.2679292,0.3591817,-1
0.3048364,0.37781683,0.31734687,0
0.29309094,0.44113207,0.26577705,0
0.30430347,0.4179597,0.27773687,0
0.1719465,0.60713536,0.22091812,0
0.29298466,0.39026168,0.31675357,0
0.26146716,0.45230305,0.2862298,0
0.31333473,0.3742932,0.31237206,0
0.3567946,0.32985854,0.3133468,-1
0.29332072,0.39231917,0.3143601,0
0.27563655,0.42442882,0.2999347,0
0.3861619,0.30836844,0.3054697,-1
0.2619921,0.44839707,0.2896108,0
0.20562528,0.54458475,0.24978991,0
0.2606549,0.44348484,0.29586026,0
0.3091103,0.4354268,0.25546294,0
0.32509398,0.38330695,0.29159912,0
0.24353556,0.4789874,0.27747703,0
0.24819496,0.46540853,0.2863965,0
0.35342035,0.35770544,0.28887424,0
0.22642735,0.50906426,0.2645084,0
0.33970317,0.36385974,0.29643708,0
0.34307116,0.3023423,0.35458648,1
0.2536577,0.46086067,0.2854816,0
0.28747052,0.4053708,0.30715868,0
0.3573297,0.3401027,0.30256763,-1
0.3551428,0.2922322,0.35262498,-1
0.31680995,0.4036611,0.27952895,0
0.30077645,0.36976802,0.32945544,0
0.3196436,0.4014039,0.2789525,0
0.30614552,0.3767772,0.31707734,0
0.36862427,0.27572864,0.35564706,-1
0.3395234,0.31515127,0.34532538,1
0.36750492,0.27888447,0.3536106,-1
0.2983602,0.38593143,0.3157084,0
0.261198,0.44782436,0.2909776,0
0.3244645,0.36175868,0.31377682,0
0.3152662,0.36026162,0.3244722,0
0.3029098,0.38731402,0.30977628,0
0.20650253,0.5449383,0.24855916,0
0.309385,0.3629495,0.32766542,0
0.34454304,0.331999,0.32345796,-1
0.3439567,0.30982977,0.3462135,1
0.31880942,0.36183053,0.31936008,0
0.3004108,0.3826179,0.31697133,0
0.31829065,0.35577208,0.3259373,0
0.368375,0.27517503,0.35645,-1
0.36718306,0.258835,0.37398198,1
0.31969684,0.34270135,0.33760184,0
0.34303883,0.3173165,0.33964476,-1
0.3852927,0.24378878,0.37091848,-1
0.36220518,0.28116107,0.35663375,-1
0.33122903,0.31732786,0.3514431,1
0.31449476,0.3445529,0.34095234,0
0.31171325,0.35752094,0.33076584,0
0.32091278,0.39235148,0.2867358,0
0.3304375,0.32311004,0.34645247,1
0.31581274,0.34878877,0.33539847,0
0.3175063,0.3921732,0.29032052,0
0.34309238,0.31668875,0.3402188,-1
0.26834765,0.42867997,0.30297238,0
0.3333892,0.36126867,0.3053421,0
0.27117565,0.432086,0.2967384,0
0.32027128,0.3638789,0.3158498,0
0.33805862,0.30563563,0.35630572,1
0.31858894,0.34436527,0.33704576,0
0.2882957,0.40523612,0.30646816,0
0.34744108,0.34883076,0.3037282,0
0.32464868,0.33316186,0.34218946,1
0.28999048,0.39517614,0.3148333,0
0.36411974,0.28035253,0.3555277,-1
0.36823535,0.27694988,0.35481477,-1
0.30747366,0.37312564,0.31940064,0
0.34185803,0.3498336,0.30830845,0
0.27346274,0.42148557,0.30505177,0
0.36545363,0.34804532,0.28650108,-1
0.27452713,0.42600918,0.29946366,0
0.35621634,0.30572605,0.33805758,-1
0.35558173,0.29550824,0.34891,-1
0.32410026,0.34616306,0.3297367,0
0.32690716,0.34161222,0.33148053,0
0.3624052,0.3088544,0.32874036,-1
0.3529829,0.2846223,0.36239475,1
0.343916,0.3075128,0.34857118,1
0.2824802,0.3984367,0.31908312,0
0.32577065,0.37520924,0.29902008,0
0.3356347,0.32506526,0.3393,1
0.2971201,0.37594202,0.32693782,0
0.29133245,0.39360866,0.31505898,0
0.34736535,0.30653438,0.3461002,-1
0.22371703,0.5138733,0.26240972,0
0.278807,0.41746336,0.30372965,0
0.33782405,0.36179382,0.30038205,0
0.3064071,0.37502423,0.31856862,0
0.33775586,0.32752112,0.33472306,-1
0.35291636,0.30298322,0.34410042,-1
0.35300168,0.30129436,0.34570393,-1
0.34588453,0.32650656,0.32760897,-1
0.36802945,0.26063994,0.37133062,1
0.3742475,0.27099317,0.35475925,-1
0.38196597,0.26012567,0.3579084,-1
0.37292862,0.25499707,0.3720743,-1
0.3263288,0.36945862,0.30421263,0
0.37865594,0.25154653,0.36979756,-1
0.3146377,0.34530154,0.34006077,0
0.33741087,0.30444914,0.35814,1
0.37668452,0.25759852,0.36571702,-1
0.38359076,0.23580498,0.38060433,-1
0.37467426,0.26648706,0.3588387,-1
0.3066663,0.363758,0.32957566,0
0.31096655,0.36048314,0.32855028,0
0.32925528,0.3643426,0.3064021,0
0.32358858,0.3343371,0.34207433,1
0.35167915,0.3444987,0.3038222,-1
0.36216637,0.28481036,0.35302326,-1
0.32090032,0.38988551,0.28921416,0
0.37371418,0.26891232,0.3573735,-1
0.34035814,0.31516552,0.34447634,1
0.35943937,0.29180756,0.34875312,-1
0.29553154,0.39196151,0.31250697,0
0.3061896,0.3634978,0.33031264,0
0.35297075,0.31445804,0.33257124,-1
0.31397197,0.3518739,0.3341541,0
0.2964913,0.38970837,0.31380036,0
0.3681711,0.27833354,0.35349542,-1
0.32905602,0.33056322,0.34038082,1
0.37531173,0.26549935,0.3591889,-1
0.35976848,0.28378594,0.3564456,-1
0.36974356,0.26099765,0.3692588,-1
0.3732488,0.26892155,0.35782963,-1
0.32117826,0.3332258,0.34559596,1
0.33175036,0.33633053,0.33191913,0
0.34128058,0.34201717,0.31670225,0
0.26286986,0.4428597,0.29427034,0
0.2721065,0.424529,0.3033645,0
0.34416953,0.3054303,0.35040018,1
0.35235655,0.2949437,0.35269976,1
0.29552898,0.39269263,0.31177843,0
0.34150207,0.31870005,0.33979797,-1
0.3207346,0.34754553,0.33171982,0
0.27037457,0.43295926,0.29666623,0
0.31648085,0.37011936,0.31339982,0
0.3621098,0.28234088,0.3555493,-1
0.31938696,0.34895757,0.33165538,0
0.29239586,0.39760318,0.31000102,0
0.3583674,0.31881857,0.322814,-1
0.3689575,0.27127954,0.35976294,-1
0.3245336,0.33192125,0.34354517,1
0.31522664,0.34729642,0.3374769,0
0.27994055,0.41695556,0.3031039,0
0.3470496,0.35048717,0.3024633,0
0.3130482,0.35641128,0.33054048,0
0.31317434,0.38986883,0.29695687,0
0.24759868,0.471942,0.28045928,0
0.283808,0.40780672,0.30838528,0
0.3351328,0.30797642,0.35689077,1
0.33624634,0.3189897,0.34476393,1
0.2477166,0.46686885,0.28541452,0
0.31516677,0.3735918,0.31124142,0
0.33528596,0.32815433,0.33655965,1
0.3348179,0.3399715,0.32521063,0
0.3145343,0.37326628,0.31219938,0
0.20218384,0.5520295,0.24578659,0
0.30795723,0.40925342,0.28278932,0
0.30704162,0.37139323,0.32156512,0
0.32404655,0.35028324,0.32567018,0
0.3726127,0.29991093,0.32747635,-1
0.32593104,0.36831203,0.3057569,0
0.305481,0.37636003,0.31815904,0
0.31037787,0.36468023,0.32494196,0
0.3600827,0.31381032,0.32610703,-1
0.25602716,0.45577985,0.28819308,0
0.27956638,0.40819958,0.3122341,0
0.32657355,0.33842334,0.3350031,0
0.2751211,0.42547604,0.2994029,0
0.3383713,0.3649925,0.29663625,0
0.29319164,0.38864836,0.31815994,0
0.37178516,0.26688996,0.3613249,-1
0.38812134,0.3094657,0.3024129,-1
0.25103626,0.46601063,0.28295308,0
0.2468124,0.46255347,0.2906341,0
0.2799462,0.41956866,0.30048516,0
0.31931704,0.38676015,0.29392275,0
0.30685714,0.37657392,0.31656897,0
0.22347927,0.51188284,0.26463792,0
0.29270902,0.39871007,0.30858085,0
0.34559688,0.32487515,0.32952803,-1
0.34505752,0.30236188,0.35258055,1
0.32889837,0.3545249,0.3165768,0
0.373306,0.27923718,0.3474568,-1
0.19471352,0.56574297,0.23954351,0
0.25531444,0.4688239,0.27586168,0
0.33012488,0.34626737,0.3236077,0
0.34617692,0.33055836,0.32326478,-1
0.27215174,0.432376,0.29547232,0
0.30848032,0.43110645,0.26041317,0
0.2815192,0.41488102,0.30359977,0
0.34741583,0.37098962,0.2815945,0
0.3280177,0.37875375,0.29322854,0
0.33759153,0.3239195,0.33848903,1
0.2773733,0.42160267,0.301024,0
0.3164066,0.35889283,0.3247006,0
0.2782228,0.42203596,0.2997413,0
0.30638543,0.37708032,0.31653425,0
0.32890397,0.37733036,0.2937657,0
0.27352482,0.43051308,0.295962,0
0.37426254,0.26882458,0.35691294,-1
0.35402858,0.29429153,0.35167986,-1
0.32597056,0.34435126,0.32967824,0
0.3481923,0.31356087,0.33824676,-1
0.31941152,0.3417576,0.33883092,0
0.31358612,0.35454708,0.33186683,0
0.31045425,0.37055337,0.31899247,0
0.36218998,0.273876,0.36393404,1
0.3626069,0.28460774,0.35278535,-1
0.3519876,0.3020681,0.34594432,-1
0.32245326,0.34237242,0.3351743,0
0.3105869,0.35836795,0.33104518,0
0.373047,0.2551675,0.37178546,-1
0.37312704,0.25315753,0.37371543,1
0.31619027,0.34403405,0.3397757,0
0.3747352,0.26855832,0.3567065,-1
0.38249934,0.2399043,0.37759644,-1
0.34879538,0.33036458,0.32084003,-1
0.37256068,0.2637923,0.36364704,-1
0.30085686,0.37146425,0.32767883,0
0.31028304,0.35539427,0.3343227,0
0.38339296,0.2559716,0.36063543,-1
0.36801374,0.27499315,0.35699314,-1
0.31621855,0.3913505,0.292431,0
0.29058942,0.4414907,0.26791987,0
0.21032026,0.535362,0.2543178,0
0.29379728,0.39377627,0.31242642,0
0.33897483,0.30317006,0.35785517,1
0.30783597,0.40843388,0.2837302,0
0.33149725,0.33518946,0.33331326,0
0.29331037,0.39616734,0.31052226,0
0.3722182,0.27152804,0.3562537,-1
0.34537077,0.3126425,0.34198672,-1
0.31096148,0.3508965,0.338142,0
0.3711509,0.27128074,0.35756835,-1
0.37575802,0.2661829,0.35805902,-1
0.3342853,0.32173604,0.34397867,1
0.37261927,0.2687821,0.3585986,-1
0.3584741,0.30116552,0.34036034,-1
0.38517037,0.2347633,0.3800663,-1
0.3022266,0.3701166,0.32765684,0
0.36397666,0.27131158,0.36471167,1
0.31594872,0.35207716,0.33197412,0
0.3480348,0.2965685,0.35539666,1
0.37279114,0.2938601,0.33334875,-1
0.323348,0.32957426,0.34707773,1
0.33420205,0.3567228,0.30907506,0
0.3024707,0.3700653,0.32746392,0
0.28654286,0.40210098,0.3113562,0
0.26743183,0.4335058,0.29906237,0
0.3303004,0.39007914,0.27962047,0
0.28743893,0.39856777,0.31399333,0
0.3391503,0.33729392,0.3235558,-1
0.33567128,0.32422465,0.340104,1
0.26416025,0.442807,0.29303282,0
0.34285477,0.31924182,0.33790338,-1
0.3415167,0.35586247,0.3026208,0
0.37032247,0.2647525,0.36492503,-1
0.3745772,0.2689386,0.35648426,-1
0.30040547,0.37052336,0.32907116,0
0.3278553,0.3627641,0.30938065,0
0.36536416,0.32793337,0.3067024,-1
0.37149945,0.25110415,0.37739637,1
0.36133578,0.30367073,0.33499354,-1
0.3463044,0.30786487,0.34583074,-1
0.3278243,0.3429604,0.32921532,0
0.28834274,0.3965567,0.31510055,0
0.30259803,0.36565056,0.33175144,0
0.37160936,0.33112738,0.2972632,-1
0.23861687,0.4860458,0.27533728,0
0.34966522,0.31581378,0.33452103,-1
0.33828595,0.33513725,0.3265768,-1
0.29119948,0.39948446,0.309316,0
0.2712194,0.46708733,0.2616933,0
0.32577226,0.40966713,0.2645607,0
0.30426016,0.38545546,0.31028435,0
0.28669772,0.4584926,0.25480977,0
0.18630488,0.5824162,0.23127887,0
0.3088741,0.3945712,0.29655474,0
0.3617901,0.31595382,0.32225612,-1
0.34377688,0.31549922,0.3407239,-1
0.3725695,0.27170667,0.35572386,-1
0.37400764,0.2691358,0.35685652,-1
0.37343636,0.2693335,0.35723013,-1
0.34101415,0.32165113,0.33733472,-1
0.3561239,0.26891774,0.3749583,1
0.3646083,0.27513933,0.36025235,-1
0.35231054,0.31554338,0.3321461,-1
0.35119492,0.28977305,0.35903206,1
0.30171138,0.37133175,0.32695684,0
0.32917923,0.33940393,0.33141688,0
0.35896987,0.2862416,0.35478854,-1
0.33393088,0.3651235,0.30094564,0
0.37186792,0.2860373,0.34209475,-1
0.35792354,0.3222591,0.3198174,-1
0.24687581,0.47269744,0.28042674,0
0.27136448,0.43099415,0.29764146,0
0.37856,0.31387624,0.30756375,-1
0.3511625,0.3540577,0.29477984,0
0.2341369,0.49542853,0.27043447,0
0.3380227,0.35751686,0.30446044,0
0.349363,0.30309135,0.3475457,-1
0.31343794,0.36340272,0.3231594,0
0.33380088,0.33274955,0.33344948,-1
0.35791132,0.31396383,0.32812482,-1
0.3174912,0.3578232,0.3246856,0
0.36947566,0.27745754,0.3530668,-1
0.368419,0.26020297,0.37137794,1
0.3621096,0.2826795,0.3552109,-1
0.3091641,0.3720355,0.31880042,0
0.3538666,0.2818125,0.36432096,1
0.3388895,0.30715725,0.3539533,1
0.32918113,0.34700572,0.32381308,0
0.34671062,0.3483497,0.3049397,0
0.291423,0.39265087,0.31592616,0
0.37405846,0.26229537,0.3636462,-1
0.3318389,0.3261483,0.3420128,1
0.3168728,0.35291785,0.33020934,0
0.29337165,0.3951752,0.31145316,0
0.34686324,0.3778691,0.27526763,0
0.33662733,0.3183762,0.34499648,1
0.30464268,0.3692961,0.3260613,0
0.36005336,0.29180956,0.34813705,-1
0.26125723,0.44853368,0.29020908,0
0.3317292,0.375401,0.29286975,0
0.2989307,0.46656296,0.23450628,0
0.23429298,0.4928902,0.27281678,0
0.25732428,0.45523044,0.2874452,0
0.3151698,0.41457137,0.27025875,0
0.32427454,0.34612527,0.3296002,0
0.31400973,0.3630086,0.32298172,0
0.32689962,0.34226045,0.33083993,0
0.3459441,0.31028423,0.3437716,-1
0.3197467,0.39952397,0.28072932,0
0.23112497,0.49086028,0.2780148,0
0.32592618,0.40320563,0.27086815,0
0.33184755,0.3109978,0.35715467,1
0.3277106,0.34583634,0.326453,0
0.33452964,0.34449172,0.3209787,0
0.36509687,0.3179713,0.31693184,-1
0.24917535,0.4692183,0.2816064,0
0.25148433,0.46513596,0.2833796,0
0.30395254,0.4182605,0.2777869,0
0.3106454,0.37063885,0.3187158,0
0.28734994,0.4055617,0.30708838,0
0.3430436,0.334849,0.32210732,-1
0.3036509,0.44064304,0.2557061,0
0.29851836,0.4430298,0.25845188,0
0.2709773,0.41633016,0.31269258,0
0.35945216,0.34001163,0.30053627,-1
0.32417342,0.404198,0.2716286,0
0.30214313,0.38213477,0.3157221,0
0.2754726,0.41531578,0.30921155,0
0.31054774,0.3685866,0.3208657,0
0.3604458,0.32034189,0.31921235,-1
0.3654912,0.29885182,0.3356569,-1
0.34883162,0.34369197,0.30747646,-1
0.28671566,0.40289935,0.310385,0
0.2985005,0.38790977,0.31358975,0
0.33040953,0.33762813,0.3319623,0
0.3557833,0.3334587,0.31075802,-1
0.3740404,0.26894808,0.35701147,-1
0.37574673,0.26805082,0.35620245,-1
0.37290356,0.26963562,0.3574608,-1
0.34659663,0.2632427,0.39016062,1
0.31917533,0.35633796,0.3244868,0
0.36792457,0.2593839,0.37269148,1
0.34514523,0.33382037,0.3210344,-1
0.37352183,0.26930392,0.35717422,-1
0.2751717,0.4251863,0.2996419,0
0.2676366,0.4300666,0.3022968,0
0.33509573,0.38282186,0.28208235,0
0.3413124,0.3190409,0.33964667,-1
0.26136097,0.4483575,0.29028153,0
0.33919558,0.31877038,0.34203398,1
0.35584888,0.2903446,0.35380653,-1
0.37493995,0.2540268,0.37103316,-1
0.37549427,0.27644378,0.34806198,-1
0.37002942,0.25610203,0.37386853,1
0.32731852,0.3420217,0.3306598,0
0.3778631,0.23941618,0.3827207,1
0.36286938,0.30074653,0.33638403,-1
0.32611135,0.3266247,0.34726402,1
0.37435442,0.26120943,0.3644362,-1
0.38019544,0.2412469,0.37855765,-1
0.3739069,0.27980882,0.34628427,-1
0.33939335,0.33595687,0.3246498,-1
0.3294872,0.3626414,0.30787134,0
0.3049818,0.36520803,0.3298101,0
0.3439744,0.3735664,0.28245917,0
0.25758314,0.44952127,0.29289562,0
0.34476054,0.31145173,0.3437877,-1
0.3200065,0.352127,0.32786652,0
0.2891625,0.43734893,0.27348858,0
0.3688883,0.28431535,0.34679636,-1
0.28180107,0.40695953,0.3112394,0
0.3438124,0.30963525,0.3465523,1
0.33032978,0.33736712,0.3323031,0
0.31371665,0.38936907,0.29691422,0
0.33320773,0.33163515,0.33515713,1
0.33079305,0.3622553,0.3069516,0
0.3741669,0.2690193,0.3568138,-1
0.3743492,0.26658317,0.35906762,-1
0.36612138,0.26816642,0.36571223,-1
0.3255929,0.34320918,0.33119798,0
0.3441098,0.3128368,0.34305343,-1
0.33817068,0.3132267,0.34860265,1
0.34450606,0.29329756,0.3621964,1
0.29739356,0.3897114,0.3128951,0
0.3799707,0.24864635,0.37138295,-1
0.37705052,0.2514205,0.37152892,-1
0.28104284,0.40883863,0.31011856,0
0.3395531,0.316209,0.34423795,1
0.29313594,0.39255667,0.31430733,0
0.33484784,0.31291655,0.35223562,1
0.34293887,0.30259934,0.35446185,1
0.34974012,0.32558322,0.3246767,-1
0.31803182,0.3580869,0.32388127,0
0.27867657,0.41573608,0.30558732,0
0.33400533,0.32551014,0.3404845,1
0.37196863,0.34068105,0.2873504,-1
0.32330996,0.34772742,0.32896262,0
0.31454706,0.36134785,0.3241051,0
0.3122763,0.36024037,0.3274833,0
0.34247178,0.31679735,0.34073085,-1
0.3463879,0.30966857,0.34394354,-1
0.34580895,0.296831,0.35736006,1
0.31205907,0.3609843,0.3269566,0
0.33995003,0.32372737,0.33632267,-1
0.33292463,0.32291308,0.34416232,1
0.3729007,0.25279164,0.3743076,1
0.36385435,0.28240407,0.35374156,-1
0.3719616,0.26683533,0.36120307,-1
0.30418992,0.37505317,0.32075688,0
0.36712682,0.2694046,0.36346856,-1
0.24252212,0.48071945,0.27675843,0
0.38683072,0.25508213,0.35808715,-1
0.36086783,0.28641337,0.3527188,-1
0.263913,0.44278002,0.29330698,0
0.32968235,0.3550421,0.31527552,0
0.33410883,0.31872758,0.3471636,1
0.32031554,0.3955921,0.28409237,0
0.34400836,0.30827656,0.3477151,1
0.29523894,0.3783927,0.32636836,0
0.3718234,0.2694272,0.35874945,-1
0.29056928,0.40047687,0.30895376,0
0.26890033,0.42819765,0.30290198,0
0.33253336,0.3317211,0.3357455,1
0.33568954,0.3248864,0.33942407,1
0.36656716,0.28000343,0.35342944,-1
0.37757602,0.26862407,0.35379988,-1
0.34091052,0.30682716,0.3522623,1
0.3726388,0.26911798,0.3582433,-1
0.35146812,0.28716162,0.36137024,1
0.36968637,0.25832585,0.3719878,1
0.37423486,0.2556554,0.3701098,-1
0.37773708,0.24639137,0.37587157,-1
0.3288911,0.33304474,0.3380641,1
0.33840895,0.30272737,0.35886368,1
0.32699135,0.32011068,0.35289797,1
0.38878432,0.23232888,0.37888685,-1
0.31192753,0.35669422,0.33137828,0
0.34772247,0.3397292,0.3125483,-1
0.33702707,0.31709996,0.34587297,1
0.32261136,0.33130783,0.34608078,1
0.33812112,0.3133598,0.3485191,1
0.31569487,0.35562262,0.32868248,0
0.3468547,0.29822198,0.35492334,1
0.36943454,0.27356476,0.35700068,-1
0.37284663,0.25362667,0.37352672,1
0.37378675,0.2710183,0.35519502,-1
0.37114918,0.26317307,0.36567768,-1
0.3779271,0.24222732,0.37984562,1
0.38130632,0.23489614,0.38379756,1
0.28281546,0.40538776,0.3117967,0
0.34493405,0.3437559,0.31131014,-1
0.3789313,0.24736062,0.37370807,-1
0.38648874,0.2325591,0.38095224,-1
0.3543222,0.29988444,0.3457933,-1
0.32456154,0.33733982,0.33809865,1
0.37649786,0.2521811,0.37132102,-1
0.3268988,0.3219154,0.3511858,1
0.28508002,0.39595935,0.31896058,0
0.36288646,0.27955484,0.35755867,-1
0.33936435,0.33448574,0.3261499,-1
0.2800691,0.41015556,0.30977532,0
0.2827696,0.4275329,0.28969747,0
0.3782314,0.30895856,0.31281,-1
0.27732956,0.44096714,0.2817033,0
0.37403092,0.26912776,0.35684136,-1
0.31284496,0.36554816,0.3216068,0
0.29855987,0.38784757,0.31359258,0
0.30622026,0.37682065,0.31695914,0
0.30660328,0.41880727,0.27458945,0
0.31524283,0.36247328,0.32228395,0
0.3417757,0.31697968,0.3412446,-1
0.32623923,0.33133,0.3424308,1
0.31451023,0.39302525,0.29246452,0
0.27915424,0.40954104,0.31130475,0
0.31859058,0.3425546,0.3388548,0
0.3399773,0.30745468,0.3525681,1
0.3337213,0.33156916,0.33470953,1
0.35589543,0.30382723,0.34027737,-1
0.32279903,0.34032112,0.3368799,0
0.3127737,0.35474157,0.33248475,0
0.32532907,0.34465796,0.33001292,0
0.33370772,0.32181746,0.34447482,1
0.29914227,0.37428382,0.32657385,0
0.29577935,0.38861597,0.3156047,0
0.31327063,0.36700737,0.31972206,0
0.2771612,0.4237301,0.29910862,0
0.32218957,0.34679523,0.33101517,0
0.36119682,0.28280693,0.35599628,-1
0.24317187,0.47315338,0.28367472,0
0.30443504,0.3724583,0.32310665,0
0.33780673,0.34970725,0.31248602,0
0.37018296,0.26436105,0.36545604,-1
0.30069473,0.38570204,0.31360322,0
0.24774025,0.46677476,0.285485,0
0.3078157,0.37515238,0.31703192,0
0.35241058,0.2938504,0.35373908,1
0.3119256,0.350597,0.33747745,0
0.34633544,0.32382867,0.3298359,-1
0.29985416,0.38578296,0.31436285,0
0.34337366,0.36117893,0.29544744,0
0.2635012,0.43435717,0.3021417,0
0.37135756,0.28546938,0.34317303,-1
0.27877057,0.42307484,0.2981545,0
0.38469008,0.2759862,0.33932373,-1
0.33858714,0.30527377,0.3561391,1
0.31725317,0.35748965,0.32525724,0
0.32985622,0.3385038,0.33164,0
0.35809472,0.29213136,0.34977394,-1
0.3647279,0.28048122,0.3547908,-1
0.29708108,0.38215524,0.32076365,0
0.28068846,0.41482148,0.30449003,0
0.23995855,0.48528436,0.27475703,0
0.3540613,0.3590196,0.28691903,0
0.35286394,0.29192773,0.3552083,1
0.3435422,0.332273,0.3241848,-1
0.33055574,0.3374263,0.332018,0
0.26853165,0.43624005,0.2952283,0
0.32877684,0.3491212,0.3221019,0
0.2767262,0.41783777,0.305436,0
0.32178244,0.35090235,0.32731515,0
0.33502504,0.32553044,0.33944455,1
0.36737636,0.28799298,0.3446306,-1
0.33242348,0.330341,0.33723548,1
0.3253027,0.33517578,0.33952156,1
0.33875528,0.3107464,0.35049832,1
0.36812904,0.27133185,0.36053914,-1
0.37397775,0.27196804,0.35405418,-1
0.37659627,0.2637053,0.35969844,-1
0.31823772,0.349082,0.33268023,0
0.3104676,0.36399972,0.32553267,0
0.3748226,0.25763685,0.3675406,-1
0.31075457,0.35460553,0.33463988,0
0.3090671,0.40039593,0.29053694,0
0.29110792,0.40509725,0.3037949,0
0.28742245,0.4408889,0.27168873,0
0.23114893,0.50069755,0.26815343,0
0.30411872,0.43857312,0.25730824,0
0.33807245,0.34742078,0.3145068,0
0.2695613,0.4345098,0.29592898,0
0.32753178,0.3405134,0.33195475,0
0.35363424,0.30093086,0.34543487,-1
0.31069076,0.36950082,0.31980842,0
0.3736463,0.26926085,0.35709283,-1
0.36757892,0.2584237,0.37399742,1
0.39078653,0.25582284,0.3533907,-1
0.36512217,0.28919905,0.34567878,-1
0.37200454,0.25067478,0.37732074,1
0.3790253,0.23942691,0.3815478,1
0.28729272,0.40331718,0.30939007,0
0.35524693,0.29754955,0.34720352,-1
0.39034212,0.28331536,0.32634255,-1
0.33389977,0.3085394,0.3575609,1
0.28820592,0.40420726,0.3075868,0
0.26819393,0.43105063,0.30075544,0
0.28316686,0.41308948,0.3037436,0
0.32546824,0.38799405,0.28653768,0
0.34277546,0.33164442,0.32558012,-1
0.30778006,0.38125375,0.3109662,0
0.25995144,0.45075324,0.28929538,0
0.26094776,0.44859585,0.29045632,0
0.32208517,0.38436994,0.29354483,0
0.3040643,0.3744742,0.32146147,0
0.3344312,0.33312887,0.33243996,-1
0.36478093,0.28364113,0.3515779,-1
0.30988327,0.36968648,0.3204303,0
0.34056365,0.32411215,0.33532417,-1
0.33258143,0.34197792,0.32544062,0
0.36802343,0.2603065,0.37167007,1
0.32303694,0.3485708,0.3283922,0
0.34969327,0.30923054,0.34107617,-1
0.34902117,0.31396827,0.33701056,-1
0.3477633,0.3302487,0.32198796,-1
0.37227368,0.26008427,0.3676421,-1
0.34363964,0.29510918,0.36125112,1
0.37712276,0.25295374,0.36992347,-1
0.30229428,0.4251403,0.27256548,0
0.31587982,0.35770962,0.32641062,0
0.29275244,0.39604887,0.31119868,0
0.292066,0.41900498,0.288929,0
0.29013237,0.40116554,0.3087021,0
0.31183738,0.4194576,0.26870498,0
0.23379545,0.49636075,0.2698437,0
0.28620547,0.4352072,0.2785873,0
0.3395643,0.30855924,0.3518765,1
0.25808817,0.45392704,0.2879848,0
0.29194006,0.40029553,0.30776444,0
0.32616818,0.34697622,0.32685563,0
0.33169794,0.3566436,0.31165844,0
0.3262327,0.36730066,0.30646664,0
0.32107154,0.34354082,0.33538765,0
0.32219765,0.3495146,0.32828766,0
0.37343636,0.26933348,0.35723013,-1
0.36923903,0.26202923,0.36873168,-1
0.324849,0.3700228,0.30512825,0
0.32876605,0.32677752,0.34445643,1
0.31091222,0.3906403,0.2984475,0
0.3259497,0.33423805,0.3398122,1
0.28970268,0.39408186,0.31621546,0
0.36592793,0.2679703,0.3661018,1
0.37130037,0.26877922,0.35992044,-1
0.3403059,0.30987975,0.3498143,1
0.3549769,0.29560575,0.3494173,-1
0.3735081,0.25096548,0.3755265,1
0.3249028,0.33461976,0.3404775,1
0.36573684,0.26860848,0.36565468,-1
0.32335287,0.33342984,0.34321728,1
0.3843453,0.23477758,0.38087717,-1
0.33175257,0.37063208,0.29761538,0
0.31761885,0.3388214,0.34355977,1
0.33739576,0.32116964,0.3414346,1
0.38572896,0.23385909,0.38041192,-1
0.26166245,0.44784576,0.29049185,0
0.3161824,0.36553845,0.31827915,0
0.35951886,0.2768814,0.3635998,1
0.34555548,0.29227597,0.36216852,1
0.32628348,0.34359086,0.3301256,0
0.3354866,0.3184571,0.34605625,1
0.37070644,0.26334822,0.36594537,-1
0.3739169,0.25848648,0.3675966,-1
0.35359862,0.2930699,0.35333148,-1
0.35564837,0.29801646,0.34633514,-1
0.30765095,0.36518103,0.32716796,0
0.3497808,0.28861535,0.36160386,1
0.35591066,0.28279388,0.36129543,1
0.30991927,0.35490742,0.3351733,0
0.34024748,0.3319169,0.32783562,-1
0.32876533,0.34311146,0.3281232,0
0.24519911,0.47533482,0.27946606,0
0.2968888,0.45170766,0.25140348,0
0.32338086,0.3396137,0.3370054,0
0.26830992,0.44758943,0.28410068,0
0.31155208,0.37480742,0.31364053,0
0.29697743,0.4081052,0.29491735,0
0.305283,0.39973596,0.29498103,0
0.32172483,0.3571402,0.32113492,0
0.28712755,0.39000672,0.3228657,0
0.30386895,0.40486655,0.29126453,0
0.29720482,0.3857948,0.3170004,0
0.3439922,0.31432262,0.34168524,-1
0.37050453,0.2732554,0.35624012,-1
0.3386983,0.32732508,0.33397663,-1
0.34041286,0.37414807,0.28543898,0
0.37295258,0.25402045,0.373027,1
0.34925857,0.2869233,0.3638181,1
0.35212004,0.33265367,0.31522632,-1
0.33452463,0.32782137,0.337654,1
0.31921053,0.35939226,0.3213972,0
0.38230303,0.28971756,0.32797933,-1
0.33739093,0.32459214,0.33801696,1
0.27049333,0.43270186,0.29680482,0
0.26890516,0.43323517,0.29785958,0
0.33829057,0.40492883,0.25678062,0
0.31537446,0.35907072,0.32555482,0
0.3526129,0.30176058,0.34562656,-1
0.35224393,0.29154822,0.35620782,1
0.31730872,0.3587005,0.3239908,0
0.28604075,0.45349053,0.26046872,0
0.3209585,0.36988792,0.30915368,0
0.33502167,0.3419528,0.3230256,0
0.3043697,0.3792975,0.3163328,0
0.31618652,0.35925788,0.32455564,0
0.288228,0.39773694,0.31403497,0
0.3780852,0.25672972,0.3651851,-1
0.35091874,0.2966149,0.35246643,1
0.33004278,0.33609062,0.3338666,0
0.2906497,0.3997793,0.309571,0
0.33840948,0.31452978,0.34706068,1
0.31898996,0.34549803,0.33551198,0
0.29208812,0.38752893,0.32038286,0
0.31632987,0.39090794,0.29276213,0
0.22543387,0.5107039,0.26386216,0
0.32361904,0.34350878,0.33287215,0
0.34632915,0.30605647,0.34761435,1
0.32303506,0.34858245,0.3283825,0
0.34373906,0.33474955,0.3215114,-1
0.35566747,0.28428772,0.36004475,1
0.29981247,0.37267315,0.32751438,0
0.3723276,0.272297,0.35537535,-1
0.35901812,0.284197,0.35678485,-1
0.33923823,0.3308718,0.32989007,-1
0.33188713,0.33266532,0.3354475,1
0.29089046,0.39842886,0.3106807,0
0.30668417,0.37373778,0.31957808,0
0.33100158,0.35831663,0.31068182,0
0.36989656,0.25902918,0.37107423,1
0.34420344,0.33698496,0.31881166,-1
0.27264196,0.42878616,0.29857185,0
0.30839428,0.37212208,0.31948367,0
0.36836183,0.27686653,0.35477164,-1
0.36092427,0.2784851,0.3605906,-1
0.37370548,0.26924035,0.35705414,-1
0.3746159,0.26883566,0.35654843,-1
0.32732332,0.33370674,0.33896992,1
0.3770906,0.26287144,0.360038,-1
0.31621045,0.345343,0.33844653,0
0.3474869,0.30789885,0.34461424,-1
0.3393074,0.3197092,0.34098345,1
0.37908992,0.25010574,0.37080437,-1
0.35542598,0.29161304,0.3529609,-1
0.38986608,0.23349535,0.3766386,-1
0.3707689,0.25887346,0.37035766,-1
0.3856913,0.23330167,0.38100705,-1
0.35606518,0.27824083,0.36569405,1
0.33325684,0.31307077,0.3536724,1
0.30231324,0.37490195,0.32278475,0
0.3255755,0.36866865,0.30575588,0
0.33377147,0.32076955,0.34545892,1
0.28216136,0.40628558,0.31155303,0
0.30236948,0.38021874,0.31741175,0
0.3752338,0.2682774,0.3564889,-1
0.36952728,0.27479205,0.35568064,-1
0.3743063,0.26763576,0.35805798,-1
0.3301515,0.32509568,0.34475282,1
0.33541155,0.32555482,0.3390336,1
0.34506547,0.304494,0.3504405,1
0.3732151,0.24938692,0.37739792,1
0.37189063,0.25594437,0.372165,1
0.37333426,0.2569492,0.36971655,-1
0.32332224,0.39235508,0.28432268,0
0.28741893,0.39794827,0.31463283,0
0.35581544,0.30135754,0.34282696,-1
0.36637047,0.27436993,0.35925964,-1
0.2519428,0.46392548,0.28413165,0
0.2770296,0.42216146,0.300809,0
0.2562593,0.45897564,0.28476503,0
0.32341042,0.418668,0.25792152,0
0.37073898,0.26914963,0.3601114,-1
0.2510219,0.4565133,0.29246482,0
0.2330911,0.49727044,0.26963848,0
0.35881355,0.2924231,0.34876335,-1
0.3297229,0.33080375,0.33947337,1
0.37123507,0.2730061,0.35575885,-1
0.3574713,0.30645233,0.33607638,-1
0.39040038,0.25417078,0.35542887,-1
0.3742436,0.2696757,0.35608074,-1
0.35466155,0.32004723,0.3252913,-1
0.29680786,0.38813972,0.31505242,0
0.3761913,0.24412237,0.37968633,1
0.3635734,0.3314781,0.30494842,-1
0.32837844,0.38399538,0.28762612,0
0.37141284,0.27373952,0.35484764,-1
0.38521433,0.23401512,0.38077056,-1
0.31374446,0.3638315,0.3224241,0
0.3507849,0.32275018,0.32646492,-1
0.35206118,0.28207907,0.3658597,1
0.34903705,0.28461733,0.3663456,1
0.3515439,0.32375702,0.32469907,-1
0.3083417,0.37269932,0.31895897,0
0.37709913,0.25496793,0.3679329,-1
0.3602063,0.27470517,0.36508843,1
0.30448994,0.36736438,0.32814574,0
0.34267756,0.3169878,0.34033468,-1
0.3364844,0.3126338,0.3508818,1
0.3753877,0.24819785,0.37641445,1
0.27248612,0.4296078,0.29790604,0
0.32596028,0.32477129,0.34926844,1
0.36565867,0.27916032,0.35518095,-1
0.36680907,0.26675937,0.36643153,-1
0.37378657,0.26914892,0.35706455,-1
0.30152687,0.37151736,0.3269558,0
0.37726295,0.24712662,0.3756104,-1
0.3579972,0.31258783,0.32941493,-1
0.36211437,0.2835158,0.35436988,-1
0.3725804,0.26976997,0.35764953,-1
0.3121476,0.3981555,0.28969693,0
0.35191372,0.3211032,0.3269831,-1
0.3006172,0.3734197,0.32596308,0
0.2726286,0.4222428,0.3051287,0
0.2677066,0.4363037,0.2959897,0
0.34397873,0.3243915,0.33162978,-1
0.3391571,0.30790424,0.3529386,1
0.31212276,0.3661025,0.32177472,0
0.27617452,0.42495275,0.29887277,0
0.30223593,0.3794834,0.31828073,0
0.28320903,0.40335858,0.31343243,0
0.2600842,0.43719503,0.3027208,0
0.33844572,0.31356907,0.34798524,1
0.36023036,0.28646848,0.3533012,-1
0.33647382,0.32366765,0.33985847,1
0.33996353,0.33271036,0.3273261,-1
0.25966984,0.44579712,0.29453307,0
0.25919196,0.45205107,0.28875694,0
0.35140073,0.31858137,0.3300179,-1
0.35136414,0.31717938,0.33145645,-1
0.3604635,0.29322928,0.3463072,-1
0.31893426,0.3839123,0.2971535,0
0.37239596,0.2668645,0.36073953,-1
0.37328193,0.26838723,0.35833082,-1
0.35791102,0.28390238,0.35818657,1
0.28724363,0.44553587,0.26722053,0
0.29175857,0.3986048,0.30963656,0
0.3357651,0.3102859,0.353949,1
0.2528011,0.45952928,0.28766963,0
0.32666895,0.34983388,0.32349718,0
0.33513573,0.33430645,0.33055788,-1
0.2564812,0.45369557,0.28982314,0
0.23495361,0.49399185,0.2710545,0
0.30860427,0.41585165,0.27554396,0
0.32857293,0.35254884,0.31887823,0
0.2941373,0.39487082,0.31099188,0
0.19939265,0.5535298,0.24707761,0
0.2705163,0.43290818,0.29657552,0
0.34426188,0.32929754,0.32644063,-1
0.34563947,0.30483702,0.3495235,1
0.26833683,0.43819413,0.29346907,0
0.3520933,0.32587758,0.32202917,-1
0.35583344,0.31559858,0.328568,-1
0.36938626,0.26031703,0.37029672,1
0.36755332,0.27872938,0.3537173,-1
0.37216982,0.30649877,0.32133147,-1
0.25967833,0.4512179,0.28910378,0
0.3472968,0.35219425,0.30050886,0
0.32235262,0.41310567,0.26454166,0
0.25382343,0.46032757,0.28584895,0
0.29573336,0.39202905,0.31223753,0
0.22119325,0.5172759,0.26153082,0
0.28427562,0.4120517,0.3036726,0
0.32180184,0.3363212,0.34187692,1
0.35916728,0.36030883,0.28052396,0
0.3333311,0.33070457,0.33596435,1
0.26792857,0.43725455,0.2948168,0
0.22138709,0.51092756,0.26768538,0
0.30039355,0.40229622,0.29731026,0
0.21072553,0.536204,0.25307047,0
0.2223464,0.5102099,0.2674437,0
0.3288325,0.31459334,0.35657418,1
0.34719664,0.2995073,0.3532961,1
0.32328856,0.34332508,0.3333863,0
0.32856527,0.36527514,0.30615965,0
0.33823672,0.32059082,0.34117246,1
0.29392287,0.39520684,0.31087026,0
0.34356663,0.32465705,0.33177635,-1
0.2865229,0.39714625,0.31633088,0
0.2097095,0.5390746,0.25121585,0
0.3699935,0.33507058,0.29493594,-1
0.32919312,0.3853143,0.2854926,0
0.3028439,0.4168617,0.28029445,0
0.30416965,0.39401627,0.30181402,0
0.31203702,0.40390012,0.2840628,0
0.23842537,0.48775604,0.2738186,0
0.31866148,0.36164266,0.31969592,0
0.35238513,0.2998848,0.34773004,-1
0.36468062,0.28532648,0.34999284,-1
0.3425802,0.31943625,0.3379836,-1
0.32420775,0.37298715,0.3028051,0
0.36122233,0.29835698,0.3404207,-1
0.28800207,0.40386015,0.30813774,0
0.29404238,0.37763068,0.3283269,0
0.3014217,0.38252306,0.3160553,0
0.29853314,0.38413987,0.31732696,0
0.3089588,0.41754788,0.27349332,0
0.3005376,0.42815626,0.27130613,0
0.3169713,0.36403805,0.31899062,0
0.31895736,0.3594144,0.3216282,0
0.3414428,0.3428273,0.3157299,0
0.37343636,0.26933348,0.35723013,-1
0.31373775,0.34902227,0.33723995,0
0.31493267,0.35260242,0.33246484,0
0.3135841,0.36641476,0.3200011,0
0.34133944,0.35700324,0.30165732,0
0.33714822,0.31894457,0.34390718,1
0.35171258,0.3012764,0.34701106,-1
0.34128553,0.36248598,0.29622847,0
0.31609264,0.35680342,0.32710394,0
0.3483832,0.32892337,0.3226934,-1
0.3529451,0.2852975,0.36175734,1
0.28201786,0.41408035,0.30390182,0
0.32582316,0.38823545,0.2859414,0
0.34397894,0.30438784,0.35163325,1
0.22983493,0.50216377,0.26800126,0
0.32240096,0.38767874,0.28992027,0
0.3514087,0.29157424,0.35701704,1
0.3248625,0.34275663,0.33238083,0
0.3563386,0.2902721,0.3533893,-1
0.25882035,0.4518725,0.28930718,0
0.32003635,0.34654027,0.33342338,0
0.33992964,0.3219186,0.33815175,-1
0.30263796,0.38961822,0.30774385,0
0.30432022,0.3801015,0.31557834,0
0.37403652,0.2636455,0.36231804,-1
0.3598543,0.29456684,0.3455788,-1
0.31351355,0.36351636,0.32297015,0
0.3305004,0.32647797,0.3430216,1
0.33126563,0.31890446,0.3498299,1
0.35313442,0.29467893,0.35218668,-1
0.3407202,0.32166794,0.33761185,-1
0.34351212,0.29660842,0.35987946,1
0.3252047,0.33885792,0.33593735,0
0.36117494,0.27494812,0.3638769,1
0.29957727,0.37254238,0.32788038,0
0.33763137,0.30474046,0.35762817,1
0.35608035,0.2884329,0.3554868,-1
0.32654783,0.33212996,0.34132218,1
0.3394881,0.3222479,0.338264,-1
0.26185173,0.4421503,0.29599792,0
0.34137222,0.33515963,0.3234681,-1
0.34536898,0.30628294,0.34834805,1
0.25184706,0.45715004,0.29100296,0
0.3038538,0.4039078,0.29223832,0
0.3208237,0.34888363,0.33029267,0
0.2922252,0.3970878,0.31068692,0
0.33255684,0.33630645,0.3311367,0
0.34984338,0.306911,0.3432457,-1
0.33497408,0.3254945,0.33953142,1
0.3591811,0.291897,0.34892192,-1
0.35800707,0.2840034,0.35798952,-1
0.37448186,0.26901945,0.3564986,-1
0.3449559,0.31055883,0.34448525,-1
0.32466,0.34588817,0.32945183,0
0.3677547,0.2917024,0.3405429,-1
0.38022792,0.24025387,0.3795183,-1
0.37472984,0.25659496,0.36867523,-1
0.30607095,0.36084515,0.33308393,0
0.34974244,0.2885677,0.3616898,1
0.33486864,0.30689684,0.35823452,1
0.24940427,0.46705055,0.28354514,0
0.36166814,0.3245363,0.3137956,-1
0.3459306,0.31003553,0.3440339,-1
0.3117088,0.35523668,0.3330545,0
0.27486974,0.42567876,0.29945144,0
0.33467633,0.32377455,0.34154907,1
0.36728525,0.28480437,0.34791037,-1
0.3218324,0.34563056,0.33253703,0
0.31812748,0.34655443,0.33531812,0
0.3180284,0.36032552,0.3216461,0
0.27179912,0.43075743,0.29744342,0
0.37167543,0.2654996,0.362825,-1
0.35611257,0.2887754,0.35511205,-1
0.36977252,0.2757565,0.35447094,-1
0.31211013,0.367492,0.32039788,0
0.370434,0.26009598,0.3694701,-1
0.26299557,0.4455849,0.2914195,0
0.2816947,0.41442537,0.3038799,0
0.36159912,0.28279328,0.35560757,-1
0.35804722,0.30766553,0.33428726,-1
0.36814436,0.27770245,0.35415316,-1
0.32577932,0.34419557,0.33002505,0
0.37271947,0.25550857,0.37177193,-1
0.37400788,0.26848426,0.35750782,-1
0.31891587,0.3431067,0.3379774,0
0.32952818,0.3191065,0.3513654,1
0.35102263,0.3170623,0.3319151,-1
0.32498863,0.34356612,0.3314453,0
0.35288987,0.3055453,0.34156477,-1
0.2810028,0.40437815,0.31461912,0
0.31125718,0.37861618,0.31012666,0
0.35999092,0.33666632,0.30334267,-1
0.2500372,0.46773168,0.2822311,0
0.29083258,0.39642653,0.31274086,0
0.35906965,0.29132706,0.34960327,-1
0.37343636,0.26933348,0.35723013,-1
0.3745247,0.26895675,0.35651857,-1
0.37257916,0.2670086,0.36041224,-1
0.37684402,0.2853049,0.33785108,-1
0.3069641,0.36770335,0.32533252,0
0.31672,0.3402203,0.34305972,1
0.32904392,0.32474217,0.34621388,1
0.36735934,0.27902377,0.3536169,-1
0.3761132,0.26915735,0.35472944,-1
0.37109202,0.2724961,0.35641184,-1
0.25814393,0.45095155,0.2909045,0
0.25348583,0.45928445,0.2872297,0
0.32927087,0.3293422,0.3413869,1
0.2980367,0.38527974,0.31668356,0
0.27035525,0.43317714,0.29646757,0
0.35535625,0.35736576,0.28727794,0
0.3312481,0.31456932,0.35418257,1
0.30962318,0.3902522,0.3001246,0
0.29486528,0.39029923,0.3148354,0
0.28142697,0.49230886,0.22626421,0
0.27969065,0.4403262,0.27998313,0
0.28456062,0.4282072,0.2872322,0
0.20636794,0.5416466,0.2519855,0
0.2545209,0.4597037,0.28577542,0
0.35929582,0.30763027,0.3330739,-1
0.30935118,0.37239468,0.31825414,0
0.30512202,0.37838903,0.31648895,0
0.28682712,0.40638983,0.30678305,0
0.37875763,0.31489286,0.30634952,-1
0.36085135,0.28276828,0.3563804,-1
0.37136963,0.2728381,0.35579225,-1
0.35450143,0.31944546,0.32605305,-1
0.2711226,0.4318906,0.29698682,0
0.2522181,0.46397763,0.28380424,0
0.31122407,0.37212193,0.316654,0
0.31165826,0.4224148,0.26592693,0
0.3601157,0.29166913,0.34821516,-1
0.33383274,0.3319681,0.33419922,1
0.26554447,0.44029677,0.29415873,0
0.273819,0.42739394,0.29878703,0
0.3204763,0.34403184,0.3354919,0
0.3299305,0.3310399,0.33902958,1
0.32586786,0.34013158,0.33400053,0
0.23806241,0.48853716,0.2734004,0
0.3186138,0.36921886,0.31216732,0
0.30098394,0.45489693,0.24411908,0
0.297802,0.40229696,0.299901,0
0.2905004,0.40173617,0.30776346,0
0.37391007,0.26862428,0.35746565,-1
0.3475643,0.33918536,0.3132503,-1
0.2950076,0.39148912,0.3135033,0
0.30309844,0.41269478,0.2842068,0
0.33694088,0.32450882,0.3385503,1
0.26583305,0.4409684,0.29319856,0
0.31766233,0.38713747,0.29520017,0
0.2829286,0.412527,0.30454445,0
0.3542628,0.29205334,0.35368386,-1
0.3443014,0.35620716,0.2994914,0
0.36551827,0.27625304,0.35822862,-1
0.29903165,0.38709462,0.31387383,0
0.31069803,0.35357016,0.3357318,0
0.38647038,0.27400932,0.33952028,-1
0.31545535,0.35604954,0.3284951,0
0.30460307,0.36620107,0.3291959,0
0.31517926,0.35763946,0.32718134,0
0.2786033,0.43532434,0.28607237,0
0.28095335,0.41091365,0.308133,0
0.32680872,0.32988927,0.343302,1
0.33278623,0.31997943,0.34723437,1
0.31209275,0.36527953,0.32262766,0
0.32327777,0.34540054,0.33132172,0
0.3478068,0.3261948,0.32599837,-1
0.36509004,0.2773504,0.35755956,-1
0.36972812,0.27598253,0.35428938,-1
0.3316686,0.32054347,0.34778795,1
0.35973352,0.31270945,0.327557,-1
0.31132102,0.35786325,0.33081573,0
0.33232558,0.34418,0.32349443,0
0.37120458,0.25989956,0.3688959,-1
0.3620885,0.27790233,0.36000916,-1
0.3305871,0.33219388,0.33721897,1
0.3810928,0.25021645,0.36869082,-1
0.2973331,0.3790963,0.3235706,0
0.33306924,0.35150915,0.31542155,0
0.33831748,0.35495967,0.30672285,0
0.29080856,0.39861196,0.31057948,0
0.31693718,0.3694327,0.31363022,0
0.3072552,0.3641656,0.32857916,0
0.31377965,0.36325693,0.32296345,0
0.3482657,0.32101914,0.33071515,-1
0.32611516,0.40077734,0.27310747,0
0.35495138,0.31108275,0.3339658,-1
0.2718689,0.43064058,0.29749048,0
0.30040386,0.36858094,0.33101523,0
0.3141087,0.3638144,0.32207692,0
0.36320803,0.2923131,0.34447888,-1
0.34200564,0.31705025,0.34094405,-1
0.37397382,0.26909947,0.3569268,-1
0.34672645,0.31240705,0.34086648,-1
0.37676355,0.254785,0.36845145,-1
0.3578704,0.27348843,0.3686412,1
0.3727967,0.25236672,0.37483662,1
0.36956784,0.26023167,0.3702004,1
0.3176698,0.38749358,0.2948366,0
0.32349417,0.37437245,0.30213335,0
0.25891766,0.44940573,0.2916766,0
0.33772781,0.35177845,0.3104937,0
0.32123923,0.37505615,0.30370465,0
0.241987,0.48020956,0.27780348,0
0.31953603,0.38516614,0.29529783,0
0.34656855,0.32313552,0.33029595,-1
0.2907772,0.40014938,0.3090734,0
0.32469,0.3507661,0.3245439,0
0.32439214,0.3456401,0.3299678,0
0.349551,0.31065416,0.33979487,-1
0.2564412,0.45752832,0.28603053,0
0.31489208,0.34995273,0.33515513,0
0.32263342,0.34720913,0.33015746,0
0.31874916,0.3873101,0.2939408,0
0.37343636,0.2693335,0.35723013,-1
0.3716986,0.26876354,0.35953793,-1
0.35056898,0.30505577,0.34437528,-1
0.30088988,0.3829532,0.31615695,0
0.37032184,0.25180173,0.3778764,1
0.376223,0.24342169,0.38035533,1
0.365006,0.27061075,0.36438328,-1
0.37549722,0.26781455,0.35668823,-1
0.36736146,0.28509974,0.3475388,-1
0.32451564,0.32637694,0.34910735,1
0.37752903,0.2958255,0.32664543,-1
0.32058644,0.33408824,0.34532535,1
0.3656151,0.3063353,0.32804957,-1
0.2823835,0.40627164,0.31134486,0
0.30588216,0.3761447,0.31797317,0
0.34654996,0.30940694,0.34404308,-1
0.2791088,0.41117144,0.30971974,0
0.273946,0.47042906,0.25562504,0
0.32624087,0.35065162,0.32310745,0
0.26066664,0.44246617,0.29686728,0
0.3516233,0.33219635,0.31618038,-1
0.3155537,0.36191007,0.32253626,0
0.3249671,0.33373082,0.34130213,1
0.29032034,0.400753,0.30892664,0
0.29430264,0.39231494,0.31338254,0
0.35275444,0.30725175,0.33999375,-1
0.37651223,0.26538473,0.35810304,-1
0.3376775,0.313027,0.34929553,1
0.36193344,0.2883258,0.34974077,-1
0.34760085,0.29560894,0.3567903,1
0.31963205,0.38740838,0.29295948,0
0.3007458,0.3685199,0.33073434,0
0.32206073,0.33200955,0.3459297,1
0.34551972,0.3041563,0.350324,1
0.31798446,0.35325557,0.32876,0
0.33212426,0.33705783,0.330818,0
0.3744877,0.26114914,0.36436316,-1
0.37283704,0.25689295,0.37027,-1
0.38199705,0.27411157,0.3438914,-1
0.33288097,0.31979263,0.34732634,1
0.30668807,0.36128262,0.33202934,0
0.32790932,0.35000458,0.3220861,0
0.32835,0.3783543,0.2932956,0
0.37486213,0.26071766,0.36442024,-1
0.3109104,0.36284554,0.32624406,0
0.35933673,0.3104162,0.33024707,-1
0.33255476,0.33307427,0.33437103,1
0.34968147,0.31645283,0.33386573,-1
0.34200993,0.30574867,0.35224134,1
0.34665236,0.31867006,0.33467755,-1
0.36247134,0.28403872,0.35349,-1
0.3872364,0.25287086,0.3598928,-1
0.32218152,0.33140498,0.34641346,1
0.3473896,0.32391104,0.32869932,-1
0.374773,0.25215647,0.3730705,-1
0.38134074,0.24627908,0.37238017,-1
0.37410584,0.26033247,0.3655617,-1
0.29845208,0.3859311,0.31561682,0
0.31233546,0.35345533,0.33420914,0
0.33845696,0.38393682,0.27760616,0
0.26303074,0.4418859,0.29508343,0
0.332813,0.380338,0.28684905,0
0.34222963,0.31081262,0.3469578,1
0.30621272,0.37550953,0.31827775,0
0.3099993,0.37044066,0.31956005,0
0.3074425,0.40673983,0.2858177,0
0.25899422,0.4479275,0.2930783,0
0.30659857,0.37462065,0.31878078,0
0.32359287,0.33805084,0.33835632,1
0.29688278,0.3950216,0.30809563,0
0.31402194,0.38146904,0.30450895,0
0.36473414,0.2838099,0.35145596,-1
0.3429951,0.349232,0.307773,0
0.30503425,0.37750024,0.31746554,0
0.3770183,0.27100864,0.3519731,-1
0.3144921,0.35161296,0.3338949,0
0.32599297,0.34127694,0.33273008,0
0.35245517,0.29279685,0.35474795,1
0.3438784,0.31450436,0.34161723,-1
0.3696675,0.27657706,0.35375547,-1
0.31978315,0.35004523,0.33017164,0
0.3382848,0.30745715,0.354258,1
0.35575193,0.29418442,0.35006365,-1
0.24251425,0.47874117,0.27874455,0
0.32677752,0.39300013,0.28022233,0
0.35818928,0.29069686,0.35111392,-1
0.3802705,0.25911832,0.3606111,-1
0.3756033,0.26815715,0.35623953,-1
0.32767856,0.33768204,0.33463937,0
0.37494197,0.25878564,0.36627242,-1
0.2604088,0.44866803,0.29092324,0
0.35344446,0.28694963,0.3596059,1
0.35145235,0.29611346,0.35243428,1
0.35770103,0.283857,0.35844207,1
0.3356855,0.32807115,0.33624336,1
0.3575061,0.27826697,0.36422697,1
0.33795008,0.32653058,0.33551934,-1
0.3584044,0.30460426,0.33699143,-1
0.31413242,0.3458026,0.34006503,0
0.3186902,0.3376577,0.34365216,1
0.33572274,0.3532875,0.31098977,0
0.33019137,0.3211604,0.34864822,1
0.38056248,0.28543139,0.33400607,-1
0.2987871,0.38420436,0.31700853,0
0.31781402,0.3447842,0.33740175,0
0.36228597,0.27877876,0.3589352,-1
0.37257448,0.2655981,0.3618274,-1
0.36949864,0.27550197,0.35499942,-1
0.37530267,0.26509714,0.35960016,-1
0.35374933,0.32971022,0.31654042,-1
0.3529272,0.3213334,0.32573944,-1
0.34098,0.3416802,0.3173398,0
0.34227887,0.30825758,0.3494635,1
0.3751784,0.26391095,0.36091056,-1
0.37788394,0.25328627,0.3688298,-1
0.33439246,0.33194,0.33366755,-1
0.34385395,0.31014988,0.3459961,1
0.3108885,0.36256328,0.32654822,0
0.35228744,0.29958835,0.34812427,-1
0.37785965,0.27025905,0.35188127,-1
0.37825412,0.24640335,0.37534252,-1
0.33893985,0.31897306,0.34208712,1
0.30325964,0.3660829,0.3306575,0
0.37928134,0.24903215,0.3716865,-1
0.38225427,0.23660731,0.38113844,-1
0.3723851,0.25545815,0.3721567,-1
0.36617666,0.2827373,0.35108605,-1
0.33429825,0.30810162,0.35760012,1
0.30209437,0.37136763,0.326538,0
0.36052793,0.266451,0.37302107,1
0.32566756,0.3332439,0.34108844,1
0.31137612,0.35766894,0.3309549,0
0.30262765,0.38223535,0.315137,0
0.32386404,0.3478329,0.3283031,0
0.32772455,0.34141886,0.33085665,0
0.2923481,0.3872074,0.32044452,0
0.28312966,0.40392378,0.31294662,0
0.34611887,0.30369616,0.35018504,1
0.37202305,0.2702905,0.35768643,-1
0.3741866,0.26828548,0.3575279,-1
0.37364507,0.2692613,0.35709363,-1
0.32894096,0.35861626,0.31244275,0
0.37577692,0.25467345,0.36954966,-1
0.34652665,0.32648703,0.32698634,-1
0.31564677,0.3474518,0.33690143,0
0.36765584,0.2801453,0.3521988,-1
0.38726094,0.23078288,0.38195616,-1
0.374004,0.26980272,0.35619324,-1
0.37448746,0.26714665,0.35836595,-1
0.37718114,0.26089993,0.36191902,-1
0.3820204,0.23923229,0.37874734,-1
0.3604654,0.2807879,0.35874677,-1
0.35601017,0.3127557,0.3312341,-1
0.25816116,0.45121348,0.29062542,0
0.311623,0.37770516,0.3106718,0
0.32394877,0.33916122,0.33689,0
0.31789255,0.34475785,0.33734968,0
0.3637308,0.28592825,0.35034096,-1
0.3546811,0.30379647,0.34152246,-1
0.2990704,0.37824205,0.32268757,0
0.28254744,0.45531812,0.26213443,0
0.32186908,0.35747674,0.32065415,0
0.2912348,0.39366248,0.31510273,0
0.31482887,0.3532743,0.3318968,0
0.36176658,0.28551316,0.35272023,-1
0.35352716,0.33311796,0.31335485,-1
0.35323408,0.30161172,0.3451542,-1
0.34919354,0.32198247,0.328824,-1
0.27376536,0.42711523,0.29911944,0
0.34384772,0.31192446,0.3442279,1
0.35300973,0.281634,0.36535633,1
0.35875142,0.27575895,0.36548966,1
0.347079,0.32939953,0.32352147,-1
0.34536797,0.31755266,0.33707938,-1
0.31908035,0.3816782,0.29924142,0
0.32439533,0.32858735,0.34701726,1
0.3737792,0.2575159,0.36870486,-1
0.36720523,0.27745467,0.35534012,-1
0.31090716,0.3597001,0.3293927,0
0.3040783,0.36832562,0.32759604,0
0.30206355,0.37539214,0.3225443,0
0.3408047,0.3173614,0.34183386,1
0.27444074,0.42267084,0.30288836,0
0.2883996,0.39530653,0.31629387,0
0.32338938,0.34762233,0.3289883,0
0.2920027,0.3985834,0.3094139,0
0.3308008,0.3745865,0.29461274,0
0.28183168,0.41143817,0.30673012,0
0.26955023,0.42582968,0.30462003,0
0.32156312,0.3498809,0.32855597,0
0.33631375,0.32139698,0.34228927,1
0.32677028,0.34210894,0.33112085,0
0.34944806,0.33028442,0.3202675,-1
0.36998415,0.2638962,0.36611962,-1
0.37468338,0.26885396,0.35646263,-1
0.3695289,0.26289377,0.3675773,-1
0.3670213,0.26928827,0.36369044,-1
0.2992138,0.37550116,0.32528508,0
0.2995821,0.37647295,0.323945,0
0.36833122,0.26727793,0.36439085,-1
0.3823491,0.2538495,0.3638014,-1
0.37555587,0.26860207,0.35584202,-1
0.31600598,0.35797045,0.32602355,0
0.30451354,0.37212828,0.32335815,0
0.33537367,0.31976622,0.34486017,1
0.30623204,0.36711872,0.32664928,0
0.35409594,0.29036632,0.35553777,1
0.32217187,0.4062645,0.27156365,0
0.30903122,0.4003315,0.29063725,0
0.22991788,0.5028744,0.2672077,0
0.27711508,0.41274703,0.31013787,0
0.34501427,0.32276624,0.3322195,-1
0.28981808,0.39675802,0.31342387,0
0.29989627,0.41542503,0.28467873,0
0.30987546,0.37218788,0.3179367,0
0.2839398,0.42943794,0.28662235,0
0.2885652,0.4033498,0.30808505,0
0.35242042,0.33375916,0.31382048,-1
0.31883055,0.34546828,0.33570114,0
0.350062,0.30508035,0.34485763,-1
0.35423586,0.3367052,0.30905896,-1
0.37243327,0.2715045,0.35606226,-1
0.35346854,0.2963484,0.35018304,-1
0.36987475,0.27307615,0.35704914,-1
0.2998577,0.42807958,0.27206266,0
0.28281707,0.4119601,0.30522293,0
0.28623176,0.39661452,0.3171537,0
0.3482221,0.2954,0.35637796,1
0.3424949,0.31488273,0.3426223,1
0.23371641,0.49616882,0.27011478,0
0.35142678,0.3445421,0.30403107,-1
0.1931786,0.5680025,0.23881888,0
0.21425688,0.5300199,0.25572327,0
0.34041655,0.2931073,0.36647615,1
0.30902,0.4244749,0.26650503,0
0.26075357,0.45298904,0.28625733,0
0.27955386,0.43342412,0.287022,0
0.24977288,0.5439297,0.20629744,0
0.24847738,0.46904525,0.28247732,0
0.28359425,0.4038883,0.3125175,0
0.31426933,0.36133966,0.324391,0
0.32454672,0.3456317,0.32982165,0
0.33417565,0.36771277,0.2981115,0
0.32822806,0.32990244,0.34186944,1
0.3329157,0.345457,0.32162726,0
0.37381655,0.30260715,0.3235762,-1
0.24405107,0.47809145,0.27785742,0
0.32950252,0.32122645,0.34927106,1
0.32379282,0.390248,0.28595918,0
0.33666626,0.3243323,0.33900145,1
0.20783447,0.5425002,0.24966542,0
0.26474804,0.43480602,0.30044603,0
0.35699296,0.30182058,0.34118646,-1
0.33700186,0.31177396,0.35122418,1
0.32913038,0.3700475,0.30082208,0
0.29371667,0.39767843,0.30860493,0
0.2948648,0.38996363,0.31517157,0
0.25651628,0.4556816,0.28780216,0
0.29797348,0.38982448,0.31220207,0
0.33149457,0.35415697,0.31434846,0
0.26050526,0.4502735,0.28922132,0
0.29590315,0.41680482,0.2872921,0
0.28339285,0.42728722,0.2893199,0
0.27487138,0.43691152,0.2882171,0
0.30617192,0.3774323,0.31639573,0
0.2666376,0.4366881,0.2966743,0
0.33439752,0.3350433,0.33055922,0
0.32088265,0.35276574,0.32635158,0
0.29529634,0.43860793,0.26609582,0
0.3282504,0.3890815,0.28266814,0
0.24681373,0.4725958,0.2805905,0
0.28363043,0.41148064,0.30488896,0
0.2886598,0.40453288,0.3068073,0
0.3354561,0.33064008,0.33390382,-1
0.32242158,0.35075954,0.32681882,0
0.28950736,0.3984971,0.3119956,0
0.3464353,0.3039988,0.3495659,1
0.3728627,0.27229998,0.35483736,-1
0.34726956,0.30719313,0.3455373,-1
0.24427992,0.46803164,0.28768846,0
0.28821203,0.39309862,0.31868938,0
0.36269936,0.27321,0.3640906,1
0.37128782,0.25833425,0.37037796,-1
0.29481047,0.39188328,0.3133063,0
0.34313262,0.31452906,0.34233832,-1
0.31223306,0.36066774,0.32709914,0
0.29867387,0.38009045,0.32123572,0
0.33447248,0.3642793,0.30124822,0
0.2914867,0.38085702,0.3276563,0
0.38146606,0.27211007,0.34642383,-1
0.3512146,0.2993506,0.34943482,-1
0.27997637,0.4125736,0.30745006,0
0.35557115,0.29072633,0.35370257,-1
0.35166687,0.31641343,0.3319197,-1
0.37088558,0.25944838,0.36966604,-1
0.31651345,0.35885772,0.32462883,0
0.33936054,0.3060485,0.35459092,1
0.37916082,0.28284094,0.33799824,-1
0.33411607,0.3170465,0.3488375,1
0.2677858,0.42351538,0.30869883,0
0.3294212,0.3845266,0.28605226,0
0.3521677,0.29724142,0.3505909,-1
0.36935577,0.27481207,0.3558322,-1
0.32605836,0.34427837,0.32966325,0
0.23588589,0.49225643,0.2718577,0
0.29461607,0.3908291,0.3145548,0
0.32757995,0.3265412,0.3458788,1
0.35290986,0.2986599,0.34843028,-1
0.32391593,0.3531577,0.32292634,0
0.3135098,0.36469463,0.32179555,0
0.2549925,0.458402,0.2866055,0
0.33264622,0.31801298,0.34934083,1
0.35154462,0.29075575,0.35769963,1
0.33842388,0.326342,0.33523417,-1
0.3418912,0.31859538,0.33951342,-1
0.34198004,0.3103639,0.347656,1
0.3633123,0.28629032,0.35039738,-1
0.30101883,0.36990845,0.32907274,0
0.27521765,0.41168472,0.3130976,0
0.32503322,0.33461598,0.34035084,1
0.36403504,0.30474693,0.33121803,-1
0.28697655,0.4002065,0.31281692,0
0.29298624,0.4278931,0.27912062,0
0.32910186,0.3596829,0.31121528,0
0.15088364,0.6474947,0.20162171,0
0.27045286,0.43601424,0.29353288,0
0.33259392,0.3116182,0.35578784,1
0.36071515,0.2875988,0.3516861,-1
0.3697852,0.3111348,0.31908002,-1
0.29946733,0.38741842,0.31311426,0
0.3292801,0.37007344,0.30064642,0
0.31903356,0.35603604,0.3249304,0
0.31423146,0.3647689,0.32099968,0
0.29627082,0.42809382,0.27563536,0
0.27766627,0.42147645,0.30085725,0
0.3033153,0.3812647,0.31541997,0
0.33494183,0.33388907,0.33116913,-1
0.32090852,0.35144857,0.3276429,0
0.3357396,0.32802382,0.3362366,1
0.33206657,0.33054337,0.33739007,1
0.34633783,0.33567247,0.31798974,-1
0.37456715,0.26894206,0.3564908,-1
0.36906108,0.261274,0.36966485,1
0.31683865,0.34508988,0.33807147,0
0.3674903,0.27111033,0.36139935,-1
0.2923045,0.38727084,0.32042465,0
0.3223287,0.34475803,0.33291322,0
0.35686004,0.28818682,0.3549531,-1
0.3013869,0.4413115,0.2573016,0
0.27387065,0.48352212,0.24260716,0
0.26182413,0.4430736,0.29510224,0
0.27034834,0.43318874,0.29646295,0
0.30790865,0.3757733,0.316318,0
0.31517127,0.36841768,0.31641108,0
0.3151356,0.36583763,0.31902677,0
0.2748884,0.4256484,0.2994632,0
0.29083264,0.40006208,0.3091053,0
0.2966641,0.39230576,0.31103015,0
0.31766033,0.35866016,0.32367948,0
0.34541228,0.30593303,0.3486547,1
0.36279148,0.29374775,0.34346074,-1
0.36147237,0.29114732,0.34738037,-1
0.37272775,0.27111754,0.35615474,-1
0.29982162,0.3718286,0.32834986,0
0.33257368,0.31516033,0.3522659,1
0.34905097,0.29555783,0.3553912,1
0.36693728,0.27613896,0.35692376,-1
0.37294918,0.2780293,0.34902155,-1
0.37526938,0.25674114,0.36798945,-1
0.30412033,0.36995378,0.32592586,0
0.32671124,0.32171178,0.35157695,1
0.30577713,0.36587054,0.32835236,0
0.31025282,0.386969,0.30277815,0
0.27722612,0.4185658,0.30420804,0
0.28219208,0.40722227,0.31058562,0
0.34339964,0.33761066,0.31898963,-1
0.30203694,0.41716793,0.2807951,0
0.25875765,0.44594505,0.29529735,0
0.2921545,0.40300348,0.30484203,0
0.31070635,0.39574617,0.29354742,0
0.3058284,0.3766896,0.31748194,0
0.34817165,0.31552136,0.33630708,-1
0.2983575,0.38513294,0.3165096,0
0.31458345,0.36200953,0.323407,0
0.35160694,0.30756554,0.34082752,-1
0.37220642,0.2647821,0.36301148,-1
0.33379838,0.33093774,0.33526388,1
0.2935385,0.39580953,0.31065202,0
0.31046322,0.3573979,0.3321388,0
0.36034495,0.29671976,0.34293526,-1
0.34671643,0.29236156,0.360922,1
0.35389274,0.32255897,0.32354823,-1
0.32440457,0.34727237,0.32832307,0
0.31701645,0.36685193,0.3161316,0
0.30764145,0.3654086,0.32694992,0
0.30639267,0.3626549,0.33095253,0
0.21100916,0.53670514,0.2522858,0
0.24361947,0.47751766,0.2788629,0
0.31282866,0.4444645,0.24270676,0
0.28452381,0.41382098,0.30165523,0
0.24489896,0.47661906,0.2784819,0
0.3169041,0.35653114,0.3265648,0
0.28279418,0.41455257,0.30265322,0
0.27547458,0.4258847,0.29864076,0
0.31631133,0.3598814,0.3238073,0
0.3222619,0.41554385,0.26219422,0
0.3225617,0.39648774,0.28095052,0
0.19528389,0.5654084,0.23930778,0
0.27563408,0.41238943,0.31197652,0
0.34852877,0.3359652,0.31550598,-1
0.32481727,0.34501106,0.3301716,0
0.34478015,0.33509701,0.32012284,-1
0.262475,0.44330212,0.29422286,0
0.22293472,0.51436543,0.26269987,0
0.29351243,0.39857125,0.30791628,0
0.3374544,0.30173638,0.3608093,1
0.2957124,0.39423352,0.31005412,0
0.35407642,0.29490057,0.351023,-1
0.34625536,0.34594157,0.30780303,-1
0.2654518,0.4414302,0.29311803,0
0.2319285,0.49456012,0.2735114,0
0.2781278,0.4125135,0.30935872,0
0.36231747,0.299965,0.33771756,-1
0.34849748,0.32509324,0.32640928,-1
0.25240922,0.46364912,0.2839416,0
0.2345968,0.49461937,0.27078384,0
0.3603844,0.3032959,0.3363197,-1
0.35580128,0.2977039,0.34649482,-1
0.3227686,0.34620488,0.3310265,0
0.25508615,0.45861787,0.28629595,0
0.26322058,0.44520372,0.29157567,0
0.3289521,0.39137542,0.27967238,0
0.32990417,0.38192618,0.28816968,0
0.29311562,0.3896708,0.3172136,0
0.29179,0.39855543,0.30965456,0
0.31790093,0.3564169,0.3256821,0
0.36643264,0.27916905,0.3543983,-1
0.3587585,0.2864932,0.3547482,-1
0.269901,0.4187435,0.3113555,0
0.32030413,0.3529788,0.32671714,0
0.3803284,0.26279786,0.35687384,-1
0.35682905,0.2815715,0.36159948,1
0.3735757,0.2692853,0.35713902,-1
0.37285677,0.2612678,0.36587548,-1
0.38479316,0.23583315,0.37937367,-1
0.317072,0.34403464,0.3388933,0
0.33312565,0.3109736,0.35590073,1
0.358983,0.28278366,0.35823333,-1
0.36930567,0.2674278,0.36326653,-1
0.32291856,0.3728401,0.30424133,0
0.28811324,0.3957432,0.3161436,0
0.28724608,0.40430215,0.30845177,0
0.313501,0.35713682,0.32936224,0
0.28992894,0.39554197,0.31452912,0
0.3265462,0.3437826,0.3296712,0
0.3440342,0.3084048,0.34756097,1
0.37366882,0.26953703,0.35679415,-1
0.36576122,0.28187275,0.35236603,-1
0.33084333,0.32150272,0.34765396,1
0.36917144,0.26183757,0.36899102,-1
0.37599796,0.28176966,0.34223235,-1
0.37348342,0.24977577,0.37674084,1
0.37545565,0.27699336,0.34755102,-1
0.37924537,0.24621227,0.3745424,-1
0.31628394,0.35277343,0.3309426,0
0.29051378,0.39370692,0.3157793,0
0.37647977,0.25677314,0.36674705,-1
0.29241982,0.39235833,0.3152218,0
0.2801716,0.4108854,0.308943,0
0.20900646,0.54035807,0.25063547,0
0.35058957,0.31463942,0.33477098,-1
0.3413127,0.34750068,0.31118664,0
0.22905473,0.5011373,0.26980793,0
0.26932958,0.4337584,0.29691207,0
0.34035265,0.3345257,0.32512167,-1
0.3185757,0.39862573,0.28279856,0
0.30541936,0.40646335,0.28811726,0
0.37343636,0.26933348,0.35723013,-1
0.27611795,0.42364472,0.30023736,0
0.37572092,0.2719153,0.35236382,-1
0.34909368,0.28913227,0.36177403,1
0.37120527,0.25917205,0.36962262,-1
0.37433928,0.26902097,0.35663974,-1
0.35760245,0.30389613,0.33850145,-1
0.35460728,0.29048985,0.35490292,1
0.31561738,0.344006,0.3403766,0
0.32768857,0.3211729,0.35113856,1
0.38795558,0.26741314,0.34463128,-1
0.34396502,0.3259715,0.33006346,-1
0.2781441,0.44725627,0.27459955,0
0.3107229,0.35753417,0.3317429,0
0.33904406,0.3282899,0.332666,-1
0.3325141,0.34437022,0.32311562,0
0.29178777,0.3981128,0.31009936,0
0.31577563,0.3496435,0.33458084,0
0.34143984,0.31711575,0.34144443,1
0.32692945,0.3372503,0.33582023,0
0.32607353,0.34426108,0.32966536,0
0.326195,0.33142576,0.3423792,1
0.31744006,0.35034016,0.33221972,0
0.34543672,0.33685634,0.31770694,-1
0.34342542,0.30044502,0.3561296,1
0.29946324,0.42892143,0.2716153,0
0.32530233,0.3363013,0.33839637,1
0.31925303,0.36050656,0.32024038,0
0.35160026,0.2898384,0.35856128,1
0.32131585,0.3507772,0.32790694,0
0.3676067,0.2725725,0.3598208,-1
0.37424377,0.26762044,0.35813582,-1
0.36932665,0.26475534,0.365918,-1
0.33208483,0.33828342,0.32963178,0
0.3546195,0.32121456,0.324166,-1
0.3245312,0.33191967,0.34354916,1
0.3097889,0.40213877,0.28807235,0
0.30714363,0.3609433,0.3319131,0
0.31514588,0.40476093,0.2800932,0
0.29144397,0.39441454,0.31414145,0
0.30131614,0.4100169,0.28866693,0
0.30531478,0.37173155,0.32295364,0
0.34031156,0.32701695,0.3326715,-1
0.24105832,0.4801115,0.27883023,0
0.31824696,0.3599406,0.32181245,0
0.33080152,0.4002439,0.26895463,0
0.37511003,0.2854415,0.33944848,-1
0.31135646,0.37043613,0.31820735,0
0.3313557,0.33407623,0.33456802,1
0.34213725,0.3423888,0.31547394,0
0.35319865,0.29726943,0.3495319,-1
0.33774298,0.3219739,0.34028313,1
0.3463458,0.2926463,0.36100784,1
0.3778259,0.2928741,0.3293,-1
0.3410533,0.3017734,0.35717323,1
0.31092134,0.35271463,0.336364,0
0.353657,0.2803654,0.36597762,1
0.34533536,0.3324631,0.32220158,-1
0.32273954,0.37498248,0.30227795,0
0.3037755,0.41104713,0.28517738,0
0.26189116,0.4446409,0.29346788,0
0.3736141,0.2541397,0.37224615,-1
0.36328354,0.31755182,0.3191646,-1
0.2872251,0.40053013,0.31224474,0
0.21842945,0.5233082,0.25826237,0
0.25669459,0.45456436,0.288741,0
0.26999438,0.43436375,0.2956419,0
0.35794985,0.30147702,0.34057313,-1
0.35517356,0.30296245,0.341864,-1
0.3609968,0.2885662,0.350437,-1
0.31594563,0.36119133,0.3228631,0
0.33584684,0.34864694,0.3155062,0
0.3576214,0.29227072,0.35010788,-1
0.36883453,0.2548845,0.37628093,1
0.37014425,0.26328087,0.36657485,-1
0.37882218,0.25509945,0.36607838,-1
0.35911793,0.2998279,0.34105417,-1
0.3204437,0.33458075,0.3449755,1
0.37176728,0.26461166,0.3636211,-1
0.3153546,0.3468561,0.33778933,0
0.30410862,0.36691478,0.3289766,0
0.34236747,0.3630574,0.29457518,0
0.30170694,0.37983668,0.31845635,0
0.3070576,0.4162899,0.2766525,0
0.3187514,0.4063251,0.27492344,0
0.21690169,0.52523893,0.25785938,0
0.33497268,0.3494937,0.3155336,0
0.34511942,0.33316875,0.32171187,-1
0.25612822,0.45727414,0.28659764,0
0.2741404,0.4268691,0.29899052,0
0.30906382,0.36754367,0.3233925,0
0.32273862,0.34927607,0.32798532,0
0.2909289,0.40267757,0.30639356,0
0.36495295,0.3365789,0.29846814,-1
0.33962697,0.31846046,0.34191254,1
0.33361456,0.36382303,0.30256236,0
0.3389991,0.35357487,0.30742598,0
0.33564046,0.3295057,0.33485386,-1
0.31268463,0.35427612,0.33303922,0
0.260907,0.4491287,0.2899644,0
0.34873208,0.35351083,0.29775718,0
0.3618735,0.28637838,0.35174808,-1
0.32315835,0.33871445,0.3381272,0
0.28291276,0.41263682,0.3044504,0
0.31257722,0.36211216,0.32531062,0
0.30317825,0.40345997,0.29336184,0
0.27332217,0.41676503,0.30991283,0
0.29878473,0.38039482,0.3208205,0
0.3309409,0.33336645,0.33569267,1
0.3350491,0.33009258,0.33485833,-1
0.30996633,0.36895454,0.32107908,0
0.3298665,0.36795625,0.30217725,0
0.30548424,0.37256557,0.32195017,0
0.2285594,0.5052805,0.26616004,0
0.2628234,0.4366655,0.30051118,0
0.3307386,0.33985043,0.32941103,0
0.34663895,0.33529535,0.3180657,-1
0.30707684,0.37653512,0.31638807,0
0.22888811,0.504698,0.26641393,0
0.3286942,0.348713,0.32259274,0
0.3244105,0.34475535,0.33083418,0
0.28113732,0.40308014,0.31578255,0
0.3356399,0.34874746,0.31561273,0
0.34349522,0.33103788,0.32546693,-1
0.32840917,0.3441823,0.32740858,0
0.3116071,0.3615749,0.326818,0
0.3235076,0.33389378,0.3425986,1
0.32015777,0.3526869,0.32715532,0
0.34107503,0.3323252,0.32659975,-1
0.31633407,0.3459907,0.3376752,0
0.3239224,0.34328958,0.33278802,0
0.34335107,0.3365985,0.32005048,-1
0.3376835,0.31712735,0.34518912,1
0.26982743,0.42526692,0.3049056,0
0.31990203,0.38180396,0.29829398,0
0.36898133,0.2755206,0.3554981,-1
0.31137505,0.35604808,0.33257687,0
0.30665132,0.37578437,0.31756434,0
0.35207364,0.33398136,0.31394497,-1
0.36339214,0.2839948,0.35261306,-1
0.34699675,0.302093,0.35091025,1
0.28951523,0.38620055,0.32428426,0
0.32240972,0.37512976,0.30246058,0
0.3086331,0.36821863,0.3231483,0
0.27993253,0.4062057,0.31386176,0
0.38070133,0.2905577,0.32874092,-1
0.30893406,0.37263876,0.31842718,0
0.28933588,0.40064225,0.3100219,0
0.34858322,0.33290714,0.31850958,-1
0.3690635,0.29178706,0.33914948,-1
0.35103115,0.30439916,0.34456974,-1
0.32128355,0.3764339,0.3022826,0
0.36820444,0.271303,0.3604926,-1
0.3746318,0.26204878,0.3633195,-1
0.27166453,0.42225736,0.30607805,0
0.30620933,0.3683175,0.32547325,0
0.3659419,0.28032488,0.35373318,-1
0.34407097,0.29688895,0.35904008,1
0.3216451,0.35033718,0.3280177,0
0.3077925,0.36938137,0.32282615,0
0.31016618,0.3687577,0.32107612,0
0.28599587,0.464691,0.24931315,0
0.30351204,0.36193565,0.33455232,0
0.2391696,0.48015493,0.28067544,0
0.32853314,0.39507082,0.276396,0
0.3142342,0.36343178,0.32233405,0
0.33699384,0.32161528,0.34139088,1
0.35704976,0.3250892,0.31786105,-1
0.3210137,0.3789391,0.3000472,0
0.27803123,0.42053396,0.30143476,0
0.34157652,0.36815128,0.29027218,0
0.32755014,0.33746874,0.33498114,0
0.2728854,0.4284493,0.2986653,0
0.35587347,0.31716374,0.32696274,-1
0.35394165,0.29950267,0.34655577,-1
0.32992062,0.33648467,0.3335947,0
0.36352322,0.28651267,0.34996405,-1
0.35681713,0.3268819,0.31630093,-1
0.25912434,0.4513179,0.2895578,0
0.34346357,0.30705482,0.34948155,1
0.36399257,0.3162527,0.31975475,-1
0.33336145,0.33655792,0.33008066,0
0.17193075,0.60967654,0.21839276,0
0.28641757,0.39910227,0.31448016,0
0.32551622,0.36621717,0.30826655,0
0.3131504,0.41377816,0.2730714,0
0.3195759,0.3598035,0.3206206,0
0.31329373,0.41012192,0.2765844,0
0.31162217,0.36770993,0.32066783,0
0.3426437,0.32375824,0.33359802,-1
0.2921782,0.3806529,0.32716885,0
0.3789634,0.31734103,0.30369553,-1
0.3622927,0.2858506,0.35185674,-1
0.3405403,0.32200125,0.3374585,-1
0.33868274,0.3159411,0.34537622,1
0.37092146,0.2741019,0.35497656,-1
0.37412712,0.27516314,0.35070974,-1
0.37460318,0.26574606,0.3596508,-1
0.34958816,0.2868854,0.36352643,1
0.35214105,0.29505992,0.35279903,1
0.37488547,0.26972267,0.3553919,-1
0.37675804,0.24761054,0.37563145,-1
0.37735888,0.24648863,0.37615243,-1
0.24550769,0.4741432,0.28034917,0
0.26224384,0.44475576,0.29300034,0
0.3470232,0.33567384,0.31730297,-1
0.25369543,0.45978206,0.2865225,0
0.2806665,0.43043557,0.28889793,0
0.29839566,0.3901396,0.31146476,0
0.35702404,0.33425117,0.30872473,-1
0.3038943,0.38042834,0.31567726,0
0.31665474,0.4050194,0.27832583,0
0.29153472,0.38895118,0.3195141,0
0.3273083,0.4006665,0.2720252,0
0.3125205,0.3568982,0.33058128,0
0.2502461,0.46657988,0.28317404,0
0.3145939,0.36355028,0.3218558,0
0.34099922,0.35486764,0.30413315,0
0.32632497,0.3358379,0.33783716,1
0.3689441,0.2802396,0.35081622,-1
0.32029146,0.3422292,0.33747938,0
0.33609062,0.32663348,0.33727586,1
0.36760777,0.271212,0.3611802,-1
0.32834378,0.31924403,0.35241222,1
0.37008375,0.27175662,0.3581596,-1
0.3585075,0.2959264,0.34556606,-1
0.30601618,0.36248535,0.3314985,0
0.29793194,0.3797204,0.3223477,0
0.3512077,0.29279605,0.35599628,1
0.21508737,0.52765787,0.2572547,0
0.27846763,0.41841352,0.3031188,0
0.32030472,0.41525945,0.2644358,0
0.33883208,0.3131329,0.34803492,1
0.26973477,0.4351824,0.2950828,0
0.31218487,0.40620983,0.28160536,0
0.3204635,0.3817838,0.29775268,0
0.28486967,0.4094963,0.30563402,0
0.3056183,0.36490458,0.3294772,0
0.26736468,0.4363067,0.2963286,0
0.3175719,0.3586132,0.32381493,0
0.31663096,0.35805735,0.3253117,0
0.33624938,0.31591892,0.34783173,1
0.3604297,0.2905182,0.34905204,-1
0.3454655,0.31289095,0.34164357,-1
0.3672591,0.2916133,0.3411276,-1
0.37102506,0.25807852,0.3708964,-1
0.33370546,0.3167155,0.3495791,1
0.3397484,0.30187795,0.35837364,1
0.28648543,0.40011027,0.3134043,0
0.3487342,0.3418435,0.30942228,-1
0.33753684,0.32132313,0.34114,1
0.3195752,0.39378506,0.28663972,0
0.29849735,0.38941702,0.31208563,0
0.31500342,0.42717394,0.2578226,0
0.27344775,0.4233267,0.30322558,0
0.22412129,0.5119629,0.26391587,0
0.301325,0.3745453,0.32412973,0
0.29829898,0.41292876,0.28877226,0
0.26395154,0.44404522,0.29200327,0
0.27480394,0.4613201,0.26387593,0
0.29036573,0.3929761,0.3166582,0
0.24739,0.47230297,0.280307,0
0.34473154,0.34866282,0.3066056,0
0.3328301,0.33192012,0.33524978,1
0.31503633,0.38496643,0.2999973,0
0.31483802,0.36789426,0.31726772,0
0.29759356,0.38948062,0.31292585,0
0.3298841,0.37124577,0.29887006,0
0.32656628,0.33498508,0.3384486,1
0.30201265,0.36846182,0.32952553,0
0.3365525,0.36175576,0.30169174,0
0.31938684,0.3531145,0.3274987,0
0.32949257,0.34219086,0.32831654,0
0.3204505,0.36827305,0.31127647,0
0.19875506,0.559025,0.24221998,0
0.27597782,0.43895897,0.2850632,0
0.31369466,0.36602417,0.3202811,0
0.25373983,0.45431212,0.291948,0
0.33678812,0.31706658,0.34614524,1
0.2998712,0.38721403,0.31291476,0
0.2844653,0.4125266,0.30300814,0
0.32682547,0.34456065,0.32861394,0
0.2731532,0.42215413,0.30469263,0
0.24403642,0.47811684,0.27784666,0
0.29907694,0.4010219,0.29990116,0
0.26903033,0.51336116,0.2176085,0
0.23787443,0.4888664,0.2732592,0
0.29350173,0.44063148,0.26586688,0
0.31394464,0.3644032,0.32165214,0
0.27949062,0.4181671,0.30234227,0
0.2845926,0.42434704,0.29106033,0
0.27730414,0.42341772,0.2992781,0
0.25306898,0.4622868,0.28464416,0
0.29406548,0.39644253,0.30949202,0
0.33485502,0.3293041,0.33584088,1
0.36729237,0.31132275,0.3213849,-1
0.32066572,0.35359004,0.32574424,0
0.3579055,0.33162355,0.31047088,-1
0.26971167,0.43425715,0.2960311,0
0.3441344,0.3195022,0.33636343,-1
0.28472272,0.44046938,0.27480793,0
0.3088687,0.3961271,0.2950041,0
0.28645936,0.40697277,0.30656788,0
0.37461504,0.2756083,0.3497767,-1
0.30372044,0.3807927,0.31548688,0
0.30713192,0.37411037,0.31875774,0
0.353506,0.30236003,0.34413406,-1
0.30691278,0.3934825,0.2996047,0
0.3288583,0.34409687,0.32704487,0
0.21618052,0.52734077,0.25647876,0
0.29019207,0.39327615,0.31653175,0
0.3510331,0.29625264,0.35271427,1
0.31763026,0.40409037,0.2782794,0
0.3136125,0.36554632,0.32084122,0
0.30542645,0.381422,0.31315154,0
0.27785772,0.42081574,0.3013265,0
0.34970948,0.32320282,0.32708767,-1
0.33444834,0.36042085,0.3051308,0
0.3428625,0.31599915,0.34113833,-1
0.33035523,0.35937336,0.3102714,0
0.37619045,0.27065238,0.35315716,-1
0.36637792,0.28290427,0.35071775,-1
0.2686636,0.4360182,0.29531825,0
0.309811,0.3553929,0.33479613,0
0.37225434,0.2540628,0.37368283,1
0.36724156,0.27641997,0.35633853,-1
0.25386015,0.4611583,0.28498158,0
0.33879912,0.3188042,0.34239665,1
0.30690482,0.37150764,0.32158753,0
0.31792095,0.3570873,0.3249917,0
0.3248593,0.34547597,0.32966474,0
0.35490733,0.30955145,0.3355412,-1
0.2747635,0.42709914,0.29813743,0
0.37245303,0.28597173,0.3415752,-1
0.3416546,0.3114035,0.34694186,1
0.31806827,0.3594736,0.3224581,0
0.32355335,0.38523224,0.2912144,0
0.30266988,0.37280667,0.32452345,0
0.30056465,0.377702,0.32173342,0
0.33450714,0.3289775,0.33651534,1
0.36226842,0.2872581,0.35047346,-1
0.37600008,0.26756373,0.35643616,-1
0.37430346,0.26837415,0.3573223,-1
0.37302646,0.25914258,0.367831,-1
0.35879532,0.29087645,0.35032824,-1
0.37495312,0.24713242,0.37791446,1
0.37508637,0.24769616,0.3772175,1
0.3182493,0.3836668,0.29808393,0
0.31141034,0.35249317,0.33609644,0
0.38059056,0.2523648,0.36704463,-1
0.33935925,0.3365908,0.32404992,-1
0.32461363,0.36762688,0.30775946,0
0.2753207,0.4179029,0.30677637,0
0.35418597,0.3244814,0.32133263,-1
0.32976818,0.36301538,0.3072165,0
0.27013645,0.43339422,0.2964693,0
0.2794481,0.41224116,0.30831072,0
0.34172747,0.31773335,0.34053922,-1
0.34993097,0.31182474,0.3382443,-1
0.3108025,0.40431523,0.28488234,0
0.27620605,0.41133952,0.31245446,0
0.32496652,0.34224945,0.33278406,0
0.30714548,0.37412816,0.31872636,0
0.28649795,0.42098746,0.2925146,0
0.36085683,0.28640264,0.35274047,-1
0.31258327,0.39407817,0.2933385,0
0.3500856,0.30527937,0.34463504,-1
0.31158385,0.36691076,0.3215054,0
0.3687077,0.25974885,0.37154344,1
0.3567624,0.2960151,0.34722245,-1
0.37063447,0.2566843,0.37268126,1
0.36702123,0.28482702,0.34815174,-1
0.371666,0.25175837,0.37657565,1
0.31123644,0.36747724,0.32128632,0
0.2910516,0.44197324,0.2669751,0
0.33099928,0.32091776,0.34808296,1
0.2986946,0.4204774,0.28082803,0
0.21223636,0.53443575,0.25332782,0
0.2412183,0.4829212,0.27586052,0
0.34171137,0.34853497,0.3097537,0
0.2913346,0.43657655,0.27208883,0
0.3510068,0.3118333,0.3371598,-1
0.3587168,0.29256356,0.34871963,-1
0.25261915,0.46328843,0.28409237,0
0.28509206,0.42573822,0.28916967,0
0.3249718,0.35134172,0.32368648,0
0.36857975,0.2520443,0.379376,1
0.34979683,0.30661345,0.34358975,-1
0.36337999,0.29128245,0.34533757,-1
0.33505633,0.33459812,0.3303455,-1
0.3834584,0.22860363,0.3879379,1
0.2945482,0.37765306,0.32779878,0
0.3758727,0.26919228,0.35493508,-1
0.28708974,0.4028852,0.3100251,0
0.3985061,0.27887416,0.32261968,-1
0.35869646,0.28691196,0.35439163,-1
0.32662538,0.32464892,0.3487257,1
0.31037354,0.36918345,0.32044294,0
0.24711002,0.47260776,0.2802822,0
0.32472748,0.34528145,0.32999104,0
0.33843836,0.29958192,0.3619797,1
0.30446705,0.41350776,0.2820252,0
0.34335753,0.3135705,0.3430719,-1
0.3470201,0.31096396,0.34201592,-1
0.36044565,0.28758785,0.3519666,-1
0.36596438,0.29682755,0.33720806,-1
0.35732248,0.27807167,0.36460593,1
0.28381878,0.40238363,0.31379762,0
0.28629524,0.41969082,0.29401395,0
0.37630466,0.26520747,0.3584879,-1
0.37692896,0.24972107,0.37335,-1
0.36749536,0.27436185,0.35814276,-1
0.3629054,0.28629696,0.3507976,-1
0.35404924,0.28037396,0.3655768,1
0.36464384,0.26353005,0.37182605,1
0.37235507,0.2572431,0.37040183,-1
0.36995503,0.2755263,0.3545187,-1
0.34763265,0.3179838,0.33438352,-1
0.38214564,0.23768228,0.3801721,-1
0.3152197,0.3496543,0.33512592,0
0.2913538,0.3927602,0.315886,0
0.30479145,0.3667629,0.3284456,0
0.30405125,0.37084493,0.32510382,0
0.32111326,0.34644532,0.33244136,0
0.36872497,0.3143209,0.3169541,-1
0.30109495,0.380884,0.3180211,0
0.32426757,0.34594864,0.32978386,0
0.25796986,0.4464037,0.29562646,0
0.32129294,0.34560516,0.3331019,0
0.34423646,0.33827645,0.31748712,-1
0.32345667,0.35967064,0.31687263,0
0.35484186,0.30141136,0.34374675,-1
0.37239245,0.26528776,0.36231983,-1
0.21463579,0.5301174,0.25524688,0
0.29621777,0.3855591,0.31822312,0
0.34485763,0.3667829,0.28835943,0
0.29086322,0.38990307,0.31923366,0
0.31887648,0.40187812,0.2792454,0
0.29871187,0.38958788,0.31170025,0
0.31510416,0.35996905,0.32492673,0
0.27367872,0.42676416,0.299557,0
0.38653553,0.31213573,0.3013287,-1
0.3452571,0.30637336,0.34836963,1
0.27024317,0.43336517,0.29639164,0
0.30557692,0.37199467,0.3224284,0
0.23732448,0.48967466,0.27300078,0
0.28804466,0.42144534,0.29051003,0
0.33074605,0.33048692,0.33876702,1
0.31033033,0.4103253,0.2793444,0
0.20256954,0.5521618,0.24526867,0
0.28668904,0.4082404,0.3050705,0
0.34415135,0.3355644,0.32028422,-1
0.2880738,0.40317023,0.30875593,0
0.31850466,0.3588927,0.3226027,0
0.21692842,0.5259983,0.25707325,0
0.24568143,0.4752619,0.27905673,0
0.28483647,0.41632837,0.29883516,0
0.33226556,0.3907806,0.27695382,0
0.30346182,0.37758446,0.3189537,0
0.23199084,0.49921095,0.26879823,0
0.35305774,0.2987224,0.34821993,-1
0.33004266,0.3371236,0.33283377,0
0.33211893,0.34446156,0.32341954,0
0.34405193,0.34285876,0.31308934,-1
0.26142085,0.4482558,0.29032332,0
0.2921255,0.39802805,0.3098465,0
0.33599168,0.32191837,0.3420899,1
0.34766966,0.31249374,0.33983654,-1
0.34180596,0.32167503,0.33651903,-1
0.28168553,0.40811095,0.31020358,0
0.36751217,0.27665287,0.35583493,-1
0.34515035,0.31247747,0.34237215,-1
0.35472247,0.2823022,0.36297536,1
0.29436308,0.43224728,0.2733897,0
0.30176976,0.37484866,0.32338154,0
0.2852664,0.40918913,0.3055445,0
0.3253408,0.35157236,0.32308686,0
0.31928664,0.39331508,0.28739837,0
0.29666042,0.39103243,0.31230718,0
0.2892512,0.4025557,0.30819306,0
0.34760728,0.31313413,0.33925852,-1
0.34657705,0.3090707,0.34435222,-1
0.32765928,0.3324277,0.33991298,1
0.35434347,0.2995041,0.34615248,-1
0.36573872,0.2793866,0.35487473,-1
0.34141132,0.31361604,0.34497258,1
0.36424255,0.2679968,0.36776063,1
0.35172868,0.28463617,0.36363515,1
0.33678883,0.34105185,0.32215935,0
0.3626604,0.28091475,0.35642484,-1
0.2998077,0.37304568,0.3271466,0
0.34595338,0.29295966,0.36108696,1
0.37234503,0.27276713,0.35488784,-1
0.37738112,0.24734694,0.37527195,-1
0.37503356,0.2685318,0.35643467,-1
0.37671876,0.24621058,0.37707067,1
0.377023,0.26180336,0.36117363,-1
0.31100866,0.36078134,0.32820994,0
0.3280931,0.31996882,0.35193807,1
0.38166985,0.23412837,0.3842017,1
0.37664208,0.25198412,0.37137377,-1
0.32887867,0.33306062,0.33806068,1
0.36632302,0.28040904,0.353268,-1
0.37689367,0.25206453,0.37104177,-1
0.37820378,0.24991035,0.37188593,-1
0.30694178,0.35829312,0.33476502,0
0.36724934,0.26598275,0.36676797,-1
0.3702969,0.26427126,0.36543187,-1
0.38493067,0.23798199,0.37708732,-1
0.37336493,0.26566243,0.36097258,-1
0.37844577,0.24580194,0.3757523,-1
0.3767703,0.25245565,0.37077415,-1
0.39684752,0.23967247,0.36348003,-1
0.3759945,0.24556687,0.37843862,1
0.38484344,0.23518254,0.379974,-1
0.32775864,0.3247105,0.34753078,1
0.33055955,0.32081673,0.3486237,1
0.38708946,0.23180659,0.38110393,-1
0.38710186,0.23183256,0.3810656,-1
0.31528315,0.35037723,0.33433965,0
0.3443218,0.3068734,0.3488049,1
0.33410853,0.30816826,0.3577232,1
0.38710186,0.23183256,0.3810656,-1
0.34561032,0.30201992,0.3523698,1
0.32068908,0.33720258,0.34210834,1
0.3650838,0.29319528,0.34172097,-1
0.36359924,0.26495868,0.37144202,1
0.27815303,0.409604,0.312243,0
0.37415996,0.26121435,0.3646257,-1
0.32026422,0.34919724,0.33053857,0
0.35935077,0.2833862,0.35726303,-1
0.36700323,0.27867454,0.35432222,-1
0.3784928,0.24060838,0.38089883,1
0.3743956,0.26898307,0.35662133,-1
0.37484393,0.25713035,0.36802572,-1
0.37083617,0.25635415,0.37280962,1
0.38701394,0.23187828,0.38110772,-1
0.37578458,0.24819297,0.3760224,1
0.37356767,0.26126307,0.36516923,-1
0.38381806,0.23947825,0.37670362,-1
0.38710186,0.23183256,0.3810656,-1
0.37993237,0.24186754,0.37820014,-1
0.38514298,0.23549896,0.37935802,-1
0.3857025,0.23369822,0.38059932,-1
0.3873105,0.232603,0.38008648,-1
0.38556224,0.23360397,0.38083377,-1
0.3853372,0.23474343,0.37991938,-1
0.38688555,0.23203883,0.38107562,-1
0.3283163,0.32014555,0.35153812,1
0.38598105,0.2317092,0.3823097,-1
0.38710186,0.23183256,0.3810656,-1
0.27091286,0.42981225,0.29927492,0
0.2721833,0.42430454,0.30351222,0
0.3295943,0.33793783,0.3324678,0
0.36132967,0.28379136,0.354879,-1
0.37118226,0.2740244,0.35479328,-1
0.33326203,0.33133048,0.33540753,1
0.3724074,0.26952937,0.35806322,-1
0.37427413,0.25648046,0.36924535,-1
0.3692157,0.25946426,0.37132,1
0.3700924,0.25737518,0.37253252,1
0.37606066,0.25202757,0.3719118,-1
0.3536828,0.3310638,0.31525338,-1
0.39126122,0.24774905,0.3609897,-1
0.32453743,0.32545716,0.35000542,1
0.38546205,0.23401245,0.3805255,-1
0.36623833,0.2747613,0.35900044,-1
0.382976,0.2434338,0.37359017,-1
0.35733312,0.2855825,0.35708433,-1
0.3867673,0.23224981,0.3809829,-1
0.37729663,0.25255603,0.37014735,-1
0.3855665,0.2370287,0.37740478,-1
0.36438859,0.26750743,0.36810398,1
0.38710186,0.23183256,0.3810656,-1
0.3839186,0.23826437,0.377817,-1
0.3871986,0.23175345,0.38104796,-1
0.3619595,0.26461643,0.3734241,1
0.38731557,0.23251836,0.38016602,-1
0.38570657,0.23356915,0.38072428,-1
0.38712892,0.23191231,0.38095886,-1
0.38084674,0.23771589,0.38143736,1
0.3427569,0.2940198,0.36322337,1
0.3207701,0.3341226,0.3451073,1
0.35613194,0.28519958,0.3586685,1
0.38432866,0.23223713,0.38343427,-1
0.3424165,0.30506793,0.3525156,1
0.37448144,0.26403293,0.36148563,-1
0.36771193,0.28034335,0.35194466,-1
0.38931876,0.23428538,0.37639582,-1
0.37334925,0.25719798,0.36945274,-1
0.37826192,0.241418,0.38032004,1
0.37562603,0.26277813,0.3615959,-1
0.38456905,0.23957083,0.37586012,-1
0.25714463,0.45314166,0.28971368,0
0.27452442,0.42111272,0.30436292,0
0.3481844,0.29374284,0.3580727,1
0.34505767,0.34452662,0.31041571,-1
0.38001102,0.271062,0.34892693,-1
0.25450855,0.46004662,0.28544477,0
0.34746927,0.30252638,0.35000432,1
0.3738098,0.2677907,0.3583994,-1
0.32042688,0.33843675,0.34113637,1
0.37343633,0.2693335,0.3572301,-1
0.3726572,0.25279123,0.37455156,1
0.36886874,0.29609692,0.3350343,-1
0.3746307,0.26581684,0.35955253,-1
0.37043744,0.2520142,0.37754837,1
0.38234586,0.23300938,0.38464478,1
0.27555543,0.42082796,0.30361655,0
0.3815773,0.24154311,0.37687957,-1
0.3679611,0.2593139,0.37272495,1
0.3872003,0.23184437,0.3809553,-1
0.37592283,0.26778245,0.35629475,-1
0.37267676,0.2598049,0.36751834,-1
0.3117366,0.35270238,0.33556095,0
0.37971032,0.29464626,0.32564345,-1
0.3727089,0.25007677,0.37721434,1
0.36548737,0.2642306,0.37028205,1
0.37403163,0.2666899,0.35927844,-1
0.38397855,0.26323348,0.352788,-1
0.2948812,0.3848278,0.32029098,0
0.3813121,0.23929687,0.379391,-1
0.34338868,0.33080357,0.32580778,-1
0.2867139,0.4372776,0.27600852,0
0.24802247,0.47120938,0.28076816,0
0.29249915,0.39410853,0.31339228,0
0.3327903,0.32709032,0.34011945,1
0.37755954,0.26955923,0.35288122,-1
0.3734694,0.26932204,0.3572085,-1
0.37404343,0.26912338,0.3568331,-1
0.37242272,0.27183595,0.35574132,-1
0.36503312,0.24389067,0.3910762,1
0.29832485,0.42039812,0.28127703,0
0.32832095,0.29463914,0.37703988,1
0.37889677,0.24377316,0.37733012,-1
0.29860905,0.38776898,0.31362194,0
0.32791632,0.34134716,0.3307365,0
0.3095626,0.3717689,0.3186686,0
0.32559302,0.32807267,0.34633434,1
0.29519823,0.3955156,0.30928618,0
0.37547284,0.26598608,0.35854104,-1
0.33757028,0.35589612,0.30653358,0
0.2455739,0.47467804,0.27974814,0
0.3043678,0.3725724,0.32305986,0
0.34317347,0.30112776,0.35569876,1
0.31075877,0.3948132,0.29442808,0
0.36597517,0.28165194,0.35237288,-1
0.36185917,0.2807955,0.3573453,-1
0.3695059,0.27362835,0.35686573,-1
0.3498388,0.32843196,0.3217293,-1
0.3492523,0.29388136,0.3568663,1
0.37378365,0.24837296,0.37784344,1
0.37634006,0.2559555,0.36770442,-1
0.37004754,0.27587038,0.35408208,-1
0.379223,0.24347997,0.37729713,-1
0.38533086,0.2318773,0.38279182,-1
0.38433796,0.23582324,0.37983873,-1
0.37904817,0.2460325,0.37491935,-1
0.38837633,0.24342065,0.36820304,-1
0.35091573,0.3101992,0.33888507,-1
0.38666952,0.23238559,0.3809449,-1
0.3201159,0.33463186,0.34525222,1
0.37906212,0.24621113,0.37472683,-1
0.36364138,0.28196013,0.3543985,-1
0.33258438,0.31100953,0.35640615,1
0.3745439,0.264289,0.3611671,-1
0.3832127,0.23707777,0.3797095,-1
0.30910978,0.36653563,0.32435462,0
0.37537572,0.25639868,0.3682256,-1
0.37820238,0.24158385,0.38021377,1
0.38583454,0.23281822,0.3813472,-1
0.32179788,0.34631076,0.33189136,0
0.3264458,0.32614347,0.3474108,1
0.3353862,0.30890748,0.3557064,1
0.38696027,0.23195922,0.38108057,-1
0.3697422,0.26612312,0.3641346,-1
0.37459904,0.2613837,0.36401722,-1
0.37422967,0.25926492,0.36650538,-1
0.38710186,0.23183256,0.3810656,-1
0.3774034,0.24344139,0.37915525,1
0.3060124,0.36244404,0.33154353,0
0.36186123,0.29682243,0.34131634,-1
0.3871002,0.23373848,0.3791614,-1
0.38563,0.23446274,0.3799073,-1
0.31080338,0.36546913,0.3237275,0
0.3787541,0.24525495,0.37599096,-1
0.33518857,0.30993536,0.35487607,1
0.29098305,0.39194044,0.3170765,0
0.33660248,0.35633335,0.3070642,0
0.3691903,0.26472086,0.36608878,-1
0.30362913,0.37319186,0.32317904,0
0.35327542,0.29874325,0.34798142,-1
0.32167664,0.34059075,0.33773252,0
0.3476598,0.29790252,0.35443762,1
0.34911793,0.32514983,0.3257322,-1
0.30909416,0.36037776,0.33052814,0
0.33321276,0.32257843,0.34420887,1
0.321918,0.34132293,0.3367591,0
0.32439488,0.32808194,0.34752312,1
0.35372314,0.30790907,0.33836773,-1
0.36383095,0.27851143,0.35765758,-1
0.346414,0.30309162,0.35049438,1
0.33385712,0.3273979,0.33874497,1
0.37205628,0.25662863,0.37131506,-1
0.3794759,0.2408446,0.3796795,1
0.3741178,0.25105864,0.37482363,1
0.36920053,0.26400653,0.366793,-1
0.38004467,0.2541158,0.36583957,-1
0.27852687,0.41409594,0.30737725,0
0.3868328,0.23429053,0.3788767,-1
0.35278332,0.28349495,0.36372173,1
0.28115657,0.41097665,0.3078668,0
0.3137247,0.39619023,0.29008508,0
0.36723253,0.33818296,0.29458454,-1
0.25880545,0.45242187,0.2887727,0
0.29297978,0.39668617,0.31033406,0
0.3506991,0.29239413,0.35690683,1
0.32080734,0.35279807,0.32639468,0
0.3495069,0.3281419,0.32235116,-1
0.33107257,0.32428122,0.3446462,1
0.3065481,0.3750813,0.31837064,0
0.36279973,0.28267255,0.35452774,-1
0.36783674,0.2603621,0.37180117,1
0.3701815,0.2607786,0.36903992,-1
0.31298733,0.36016816,0.32684454,0
0.37407914,0.2526855,0.37323534,-1
0.36566338,0.2759415,0.35839516,-1
0.3798159,0.23770921,0.3824749,1
0.33503604,0.35242477,0.31253922,0
0.383552,0.23817503,0.37827292,-1
0.39127994,0.26838994,0.34033024,-1
0.30636257,0.3631893,0.33044818,0
0.37300712,0.2601642,0.36682862,-1
0.38710186,0.23183256,0.3810656,-1
0.32255554,0.33949727,0.33794725,0
0.36704367,0.28092092,0.35203534,-1
0.36062932,0.2895378,0.34983292,-1
0.38710186,0.23183256,0.3810656,-1
0.29000714,0.39135864,0.31863418,0
0.31021363,0.35255733,0.33722904,0
0.32433844,0.34266573,0.33299583,0
0.39002857,0.23287252,0.377099,-1
0.33169293,0.33050653,0.33780056,1
0.29533714,0.3855757,0.31908724,0
0.3036695,0.37547278,0.3208577,0
0.3846281,0.23880652,0.37656543,-1
0.35896334,0.28530148,0.35573515,-1
0.3734904,0.2682512,0.35825837,-1
0.37403584,0.26734358,0.35862058,-1
0.3843317,0.23641351,0.37925488,-1
0.37463713,0.25381657,0.37154624,-1
0.37465176,0.24773037,0.37761787,1
0.37496236,0.24726145,0.37777612,1
0.34883013,0.2860279,0.36514193,1
0.37978128,0.24620384,0.3740149,-1
0.34271485,0.29434437,0.36294085,1
0.33725026,0.30904096,0.35370877,1
0.37449348,0.25652868,0.36897784,-1
0.30268055,0.36971465,0.32760474,0
0.34817258,0.30284542,0.348982,1
0.3767877,0.25460604,0.36860633,-1
0.33287746,0.3163666,0.3507559,1
0.37534624,0.26822808,0.35642567,-1
0.2951891,0.38143706,0.32337388,0
0.34844762,0.31173816,0.33981425,-1
0.37396902,0.26100656,0.36502442,-1
0.31914914,0.33693248,0.3439184,1
0.35850295,0.29319844,0.34829855,-1
0.3728058,0.26190993,0.36528417,-1
0.37988943,0.23718758,0.38292307,1
0.33110774,0.32537642,0.34351587,1
0.3409197,0.30268595,0.35639432,1
0.3803981,0.24688517,0.37271678,-1
0.37643024,0.24700952,0.3765603,1
0.37320742,0.25652942,0.3702631,-1
0.36010236,0.27643675,0.36346087,1
0.38572377,0.23362784,0.38064843,-1
0.31783393,0.3397447,0.3424214,1
0.3582038,0.30774233,0.33405384,-1
0.37102658,0.25919858,0.36977485,-1
0.30035812,0.3744521,0.32518977,0
0.37523657,0.26385266,0.36091077,-1
0.27796978,0.41733766,0.30469257,0
0.3799804,0.24615268,0.37386695,-1
0.3644891,0.2809878,0.35452312,-1
0.37767673,0.24218069,0.3801425,1
0.28646803,0.41031674,0.30321524,0
0.2855648,0.47030568,0.24412954,0
0.36445594,0.27449408,0.36104995,-1
0.27027056,0.4286156,0.30111387,0
0.32850182,0.3361984,0.3352998,0
0.35349116,0.3036624,0.34284645,-1
0.33305547,0.32834974,0.33859482,1
0.29371575,0.3955315,0.3107527,0
0.36984333,0.26075658,0.36940008,-1
0.35160327,0.30965227,0.33874443,-1
0.3625687,0.2851286,0.35230267,-1
0.37191486,0.26606822,0.36201692,-1
0.3793257,0.2386066,0.38206768,1
0.35157773,0.30753845,0.3408838,-1
0.34701657,0.3345342,0.3184492,-1
0.21251379,0.5339666,0.25351965,0
0.27353826,0.42271915,0.30374253,0
0.37124357,0.2593931,0.36936337,-1
0.3704942,0.27261126,0.3568945,-1
0.37551606,0.2684156,0.35606837,-1
0.37562764,0.26848897,0.35588342,-1
0.37971723,0.24615979,0.37412298,-1
0.37644517,0.2671145,0.3564403,-1
0.3198106,0.33417207,0.34601733,1
0.31889844,0.337352,0.34374955,1
0.38402167,0.23974791,0.37623033,-1
0.31406957,0.34913704,0.33679336,0
0.37440878,0.26314458,0.3624466,-1
0.37435335,0.26467118,0.36097544,-1
0.38625818,0.23286314,0.38087866,-1
0.33479577,0.32230306,0.34290123,1
0.3359698,0.30531266,0.3587176,1
0.37364498,0.2519939,0.37436107,1
0.38694236,0.23198612,0.38107148,-1
0.36751738,0.26265255,0.36983007,1
0.37660533,0.2516254,0.37176934,-1
0.38427776,0.23611952,0.37960273,-1
0.38710186,0.23183256,0.3810656,-1
0.37915453,0.2374003,0.38344514,1
0.36021197,0.26562077,0.37416723,1
0.33782825,0.30649346,0.35567832,1
0.36053455,0.2690789,0.3703866,1
0.38612798,0.23175931,0.3821127,-1
0.374075,0.2558297,0.37009528,-1
0.34850293,0.2977249,0.35377213,1
0.33224687,0.319239,0.34851414,1
0.38708946,0.2318442,0.38106632,-1
0.38048735,0.2386991,0.38081363,1
0.2903712,0.39018875,0.31944004,0
0.37833792,0.26294163,0.35872045,-1
0.36699015,0.28870407,0.3443058,-1
0.3851805,0.2344719,0.38034767,-1
0.35507503,0.29846773,0.34645724,-1
0.34491652,0.30245197,0.3526315,1
0.3733077,0.26559913,0.36109307,-1
0.3871654,0.23168077,0.38115385,-1
0.37246475,0.25096747,0.3765678,1
0.37695226,0.24990717,0.37314054,-1
0.33852515,0.31187892,0.34959596,1
0.33246854,0.32928357,0.33824787,1
0.38377663,0.23245881,0.3837646,-1
0.3219265,0.33419415,0.3438793,1
0.3769218,0.25046486,0.37261337,-1
0.37514588,0.2578558,0.36699826,-1
0.38154843,0.24249227,0.37595922,-1
0.3354599,0.32068455,0.34385562,1
0.35207784,0.2807285,0.36719373,1
0.37915853,0.24039851,0.38044292,1
0.31377253,0.34819308,0.33803442,0
0.35194334,0.31559896,0.3324577,-1
0.36695206,0.28808188,0.34496605,-1
0.38676432,0.23257624,0.38065946,-1
0.23139285,0.50026673,0.26834044,0
0.38764668,0.25187773,0.36047563,-1
0.3463836,0.29690537,0.356711,1
0.3366807,0.3036566,0.35966274,1
0.36904794,0.2759332,0.35501885,-1
0.38672784,0.25936863,0.3539035,-1
0.371507,0.27402088,0.35447207,-1
0.31827086,0.343735,0.3379941,0
0.32412684,0.3290573,0.34681582,1
0.37090254,0.2642075,0.36488992,-1
0.36191833,0.2870883,0.35099337,-1
0.3254283,0.33357722,0.34099454,1
0.37389866,0.2638076,0.36229378,-1
0.3810449,0.23857777,0.38037732,-1
0.36754754,0.26057568,0.37187678,1
0.28733832,0.393519,0.31914264,0
0.32758838,0.326989,0.34542263,1
0.34018818,0.31265303,0.34715882,1
0.29197335,0.38833445,0.31969213,0
0.3064865,0.41463506,0.2788784,0
0.32214195,0.34278196,0.33507615,0
0.31465057,0.35756147,0.32778797,0
0.34558213,0.30910206,0.34531584,-1
0.30607745,0.36903167,0.32489085,0
0.33445576,0.35910007,0.30644414,0
0.34862068,0.29773635,0.35364297,1
0.33957484,0.30389506,0.3565301,1
0.34675086,0.30926427,0.3439848,-1
0.3416214,0.3098594,0.3485192,1
0.2726049,0.4252998,0.30209526,0
0.32488713,0.33644107,0.33867186,1
0.34705502,0.29482603,0.3581189,1
0.31968495,0.3761034,0.3042116,0
0.29374692,0.39690125,0.3093519,0
0.32786363,0.33123326,0.34090313,1
0.31220177,0.35834375,0.32945454,0
0.33593956,0.34770972,0.3163507,0
0.33801678,0.3175791,0.3444041,1
0.37295824,0.25576648,0.37127528,-1
0.37414703,0.26898843,0.35686454,-1
0.37533623,0.26718527,0.3574784,-1
0.3043001,0.36152163,0.3341782,0
0.34828886,0.28352258,0.36818853,1
0.36209854,0.27142087,0.36648056,1
0.3338995,0.37808812,0.2880124,0
0.26940408,0.4336417,0.29695415,0
0.28338867,0.40430436,0.31230697,0
0.31021068,0.37085763,0.3189317,0
0.2400146,0.48448864,0.27549672,0
0.33706006,0.29672956,0.36621037,1
0.35745868,0.29092747,0.35161385,-1
0.36696216,0.2777213,0.35531652,-1
0.34935445,0.31658754,0.33405805,-1
0.37254924,0.2669189,0.36053184,-1
0.3262715,0.34260094,0.33112755,0
0.34495822,0.2991536,0.35588813,1
0.370044,0.2626051,0.3673509,-1
0.37724835,0.26427606,0.35847566,-1
0.37263656,0.27396753,0.35339585,-1
0.33590624,0.3137707,0.35032302,1
0.37717167,0.25274715,0.37008122,-1
0.3384593,0.30869615,0.35284448,1
0.31148526,0.35134396,0.3371708,0
0.3471123,0.36060864,0.29227903,0
0.38689065,0.23586823,0.37724116,-1
0.20740566,0.5423404,0.2502539,0
0.3796563,0.33157358,0.28877014,-1
0.33150822,0.3184405,0.35005125,1
0.36010692,0.32582948,0.31406355,-1
0.29323608,0.39980227,0.30696166,0
0.3315228,0.3360187,0.33245856,0
0.29134727,0.40078607,0.3078667,0
0.32624868,0.33796299,0.33578837,0
0.31480455,0.35800746,0.327188,0
0.31974176,0.3883334,0.29192483,0
0.24549338,0.5393733,0.2151334,0
0.2386383,0.48703408,0.27432764,0
0.27130905,0.4617244,0.26696652,0
0.29530767,0.39030644,0.31438586,0
0.28941345,0.47788107,0.23270541,0
0.32867834,0.3400521,0.3312695,0
0.32426703,0.35904923,0.3166837,0
0.2952831,0.43051863,0.2741983,0
0.29812926,0.3944793,0.30739143,0
0.20912917,0.53705585,0.25381497,0
0.29874682,0.387685,0.3135682,0
0.35402638,0.29307687,0.35289675,-1
0.37635294,0.2728228,0.35082427,-1
0.32591593,0.3445492,0.32953492,0
0.25768667,0.44991034,0.29240298,0
0.29513374,0.39429513,0.3105711,0
0.24692172,0.47555318,0.27752504,0
0.33452612,0.37591514,0.28955874,0
0.37680453,0.33743927,0.28575623,-1
0.28145707,0.4385395,0.2800034,0
0.2574742,0.45497462,0.28755122,0
0.20497306,0.54774314,0.24728377,0
0.296937,0.3947973,0.30826566,0
0.34145513,0.29386082,0.3646841,1
0.23678385,0.48053643,0.2826798,0
0.33782578,0.32470444,0.3374698,-1
0.34959722,0.29620332,0.3541995,1
0.33942604,0.36801472,0.29255918,0
0.35664025,0.29379705,0.3495627,-1
0.33392057,0.38869366,0.2773858,0
0.33368802,0.3291998,0.3371122,1
0.3337479,0.33048403,0.33576807,1
0.3393679,0.33126652,0.32936552,-1
0.31617633,0.36000338,0.3238203,0
0.27153283,0.43120328,0.29726383,0
0.3764693,0.26348817,0.3600426,-1
0.3501915,0.2941099,0.35569862,1
0.30809996,0.37260416,0.3192959,0
0.326523,0.36046192,0.31301498,0
0.29022163,0.46090066,0.24887766,0
0.25020644,0.47240895,0.27738464,0
0.27858758,0.40861258,0.31279984,0
0.3236407,0.39227757,0.28408176,0
0.30231372,0.38352084,0.3141654,0
0.28800163,0.4045304,0.30746803,0
0.3471293,0.33334303,0.3195277,-1
0.3209199,0.35847613,0.320604,0
0.2706194,0.43273413,0.29664648,0
0.2836853,0.39552623,0.32078856,0
0.27196494,0.4251595,0.30287558,0
0.29888707,0.39187863,0.30923432,0
0.3257639,0.34471485,0.32952127,0
0.34784937,0.3016405,0.3505101,1
0.34891045,0.3074543,0.34363532,-1
0.3353578,0.3430311,0.32161114,0
0.36629307,0.27321342,0.36049354,-1
0.36880744,0.25916606,0.37202647,1
0.36211574,0.27245784,0.36542648,1
0.32795042,0.32531714,0.3467324,1
0.3005684,0.37454596,0.3248856,0
0.3380513,0.3465123,0.31543645,0
0.3333148,0.31867185,0.3480134,1
0.2868946,0.40149087,0.31161454,0
0.3358491,0.3171034,0.34704754,1
0.30728638,0.3709918,0.32172182,0
0.37232798,0.2651453,0.36252674,-1
0.36401212,0.28291303,0.3530748,-1
0.33295158,0.31458792,0.35246053,1
0.33393577,0.34873846,0.3173257,0
0.31039372,0.35534537,0.33426097,0
0.3728284,0.2604145,0.36675715,-1
0.3734852,0.2625872,0.36392757,-1
0.22648953,0.50895214,0.26455843,0
0.33364156,0.37140402,0.2949544,0
0.33452266,0.32134894,0.3441284,1
0.34908602,0.2901284,0.36078557,1
0.34046125,0.31693998,0.3425988,1
0.35655972,0.30578893,0.33765134,-1
0.35837486,0.29032537,0.35129973,-1
0.33542427,0.33539698,0.32917878,-1
0.36964715,0.26349762,0.36685526,-1
0.32296342,0.3474048,0.3296318,0
0.37292618,0.25828516,0.36878866,-1
0.37625518,0.25199693,0.37174788,-1
0.3688451,0.26523143,0.36592352,-1
0.37463987,0.26443264,0.36092746,-1
0.3828732,0.23428527,0.3828415,-1
0.38027915,0.23921245,0.3805084,1
0.26369125,0.44067508,0.2956336,0
0.33137637,0.31343347,0.35519007,1
0.35355324,0.29791287,0.3485339,-1
0.27265936,0.4285216,0.29881907,0
0.32546344,0.354932,0.31960455,0
0.35044762,0.29581946,0.3537329,1
0.3077855,0.37310794,0.31910652,0
0.36878997,0.28021458,0.35099545,-1
0.33065972,0.32826596,0.34107438,1
0.33227766,0.32423717,0.34348515,1
0.33005,0.36188766,0.3080624,0
0.27562857,0.417084,0.30728742,0
0.38258103,0.26757944,0.3498395,-1
0.323657,0.34432343,0.33201954,0
0.37128124,0.2610056,0.3677132,-1
0.29866326,0.3894462,0.31189054,0
0.3390316,0.31613943,0.34482896,1
0.36179128,0.31646228,0.3217464,-1
0.37084866,0.25779337,0.37135798,1
0.37256175,0.2678244,0.35961384,-1
0.37309203,0.2616232,0.3652847,-1
0.37257224,0.26603973,0.361388,-1
0.38389024,0.23554659,0.38056326,-1
0.3663979,0.306213,0.32738918,-1
0.33514807,0.32594156,0.33891037,1
0.3090181,0.39761806,0.29336378,0
0.27229756,0.4247823,0.30292016,0
0.31211826,0.3590696,0.32881218,0
0.3336616,0.38041905,0.2859195,0
0.3300001,0.32970718,0.34029275,1
0.3168337,0.36332017,0.31984615,0
0.29323775,0.45222586,0.2545364,0
0.24278124,0.4795118,0.2777069,0
0.27492794,0.42329398,0.301778,0
0.31046218,0.3817696,0.30776823,0
0.30381113,0.37945855,0.31673032,0
0.32847238,0.33937207,0.33215564,0
0.35396937,0.2946054,0.3514253,-1
0.33088866,0.33482462,0.33428663,0
0.35512897,0.30978066,0.33509034,-1
0.36820397,0.25883508,0.37296095,1
0.34669712,0.32205108,0.3312518,-1
0.3744577,0.26876578,0.35677654,-1
0.31047142,0.41805544,0.27147314,0
0.2861653,0.39854512,0.31528962,0
0.34099677,0.31877398,0.3402292,-1
0.35507596,0.30871657,0.3362074,-1
0.33635402,0.34648973,0.31715623,0
0.30280742,0.41413203,0.28306052,0
0.24287122,0.47917658,0.27795216,0
0.27927095,0.4123425,0.30838662,0
0.3351855,0.37436348,0.29045102,0
0.3328601,0.3386378,0.32850212,0
0.22254781,0.515954,0.26149818,0
0.2624106,0.44657648,0.29101294,0
0.34757057,0.3384535,0.3139759,-1
0.34729797,0.32236186,0.33034015,-1
0.30214924,0.38394368,0.31390706,0
0.29787195,0.38359314,0.31853497,0
0.30958024,0.37018165,0.32023805,0
0.32803625,0.36971074,0.30225298,0
0.35216558,0.2946542,0.3531803,1
0.2982371,0.3722271,0.3295358,0
0.33954436,0.3486206,0.31183502,0
0.3514716,0.309616,0.3389124,-1
0.33104336,0.34193444,0.32702217,0
0.32368386,0.3347033,0.34161288,1
0.35057893,0.36677256,0.28264853,0
0.3159564,0.3885859,0.2954577,0
0.22595532,0.5072617,0.26678297,0
0.31390163,0.3596767,0.32642168,0
0.3320951,0.3323356,0.33556935,1
0.2518839,0.46410942,0.28400669,0
0.33633414,0.33310533,0.33056054,-1
0.34080553,0.30213594,0.35705855,1
0.31778687,0.36479402,0.31741908,0
0.20765178,0.5428343,0.24951392,0
0.28114682,0.41310364,0.30574948,0
0.33262667,0.3114079,0.35596544,1
0.3174874,0.35928676,0.32322583,0
0.2835824,0.46563426,0.2507834,0
0.3062181,0.41342196,0.2803599,0
0.22835886,0.5069921,0.264649,0
0.31856602,0.3743735,0.3070605,0
0.32037282,0.35276818,0.326859,0
0.31469667,0.3617318,0.32357153,0
0.341847,0.30921388,0.34893915,1
0.31590685,0.39411536,0.28997782,0
0.2926739,0.44641802,0.26090807,0
0.2571795,0.45358363,0.28923696,0
0.27619892,0.4084518,0.31534937,0
0.261161,0.44644383,0.29239509,0
0.32319775,0.34662694,0.33017534,0
0.33631843,0.30460304,0.3590785,1
0.19285834,0.5701514,0.23699027,0
0.32935524,0.40977913,0.26086566,0
0.31628412,0.38439488,0.29932097,0
0.29833013,0.39773417,0.30393577,0
0.31650394,0.36136124,0.32213476,0
0.32158196,0.3509507,0.3274673,0
0.2714675,0.4983711,0.23016137,0
0.26097906,0.44900608,0.2900148,0
0.26898688,0.43995538,0.2910578,0
0.3058023,0.40067998,0.29351768,0
0.36140066,0.2939472,0.34465215,-1
0.30187818,0.45860478,0.239517,0
0.28692663,0.44886145,0.2642119,0
0.2878522,0.4106134,0.30153435,0
0.34758452,0.33170077,0.32071468,-1
0.26740313,0.43888527,0.2937116,0
0.322071,0.35472348,0.32320553,0
0.3457182,0.3057962,0.3484855,1
0.26953182,0.43309686,0.29737133,0
0.2867129,0.40566373,0.30762336,0
0.34759486,0.30052218,0.3518829,1
0.3301384,0.39926454,0.27059704,0
0.3160349,0.360421,0.323544,0
0.37587586,0.266747,0.3573771,-1
0.37763017,0.27108583,0.351284,-1
0.32713017,0.3411783,0.33169153,0
0.30200046,0.36532965,0.3326699,0
0.37047863,0.3034621,0.32605934,-1
0.37545586,0.25542876,0.36911538,-1
0.3778011,0.26590025,0.35629863,-1
0.35406503,0.29237056,0.3535644,-1
0.32541966,0.36801258,0.30656785,0
0.25001356,0.46636194,0.28362444,0
0.34520608,0.32571563,0.32907832,-1
0.24699627,0.47096762,0.28203604,0
0.36932504,0.3262269,0.30444807,-1
0.33075795,0.3332621,0.33597997,1
0.2552758,0.45765224,0.28707194,0
0.35772955,0.3074085,0.33486184,-1
0.3515604,0.2909514,0.35748821,1
0.32674223,0.36201638,0.31124142,0
0.37171513,0.27380684,0.35447812,-1
0.3583351,0.32678813,0.3148768,-1
0.37015346,0.27817166,0.35167488,-1
0.30100802,0.38358253,0.3154094,0
0.35964474,0.26995644,0.37039882,1
0.34585276,0.323275,0.33087227,-1
0.36279443,0.2796963,0.3575093,-1
0.35888186,0.3316563,0.30946186,-1
0.28848514,0.4446659,0.2668489,0
0.27366585,0.42764333,0.29869077,0
0.27397507,0.46631968,0.25970516,0
0.31637308,0.36052182,0.3231051,0
0.35273847,0.3421951,0.30506647,-1
0.3407876,0.36037982,0.29883257,0
0.2833582,0.41502935,0.30161244,0
0.29814374,0.38846177,0.3133945,0
0.3188945,0.40760013,0.27350533,0
0.31438285,0.4105947,0.27502248,0
0.29430988,0.3946004,0.3110897,0
0.35079452,0.30432346,0.34488195,-1
0.2305483,0.5003359,0.26911587,0
0.3535582,0.32574534,0.3206964,-1
0.35603485,0.29351765,0.35044754,-1
0.3240348,0.3270315,0.34893373,1
0.3562887,0.32196096,0.32175034,-1
0.36391434,0.28119674,0.3548889,-1
0.32831806,0.33921152,0.33247042,0
0.3075971,0.3612338,0.33116913,0
0.29757196,0.39207685,0.31035116,0
0.26545677,0.43873382,0.29580942,0
0.2993237,0.3866286,0.31404766,0
0.36379552,0.31798947,0.31821495,-1
0.35137796,0.3384834,0.31013864,-1
0.34460738,0.32095006,0.33444253,-1
0.21586855,0.52720284,0.25692862,0
0.28388345,0.40768024,0.30843633,0
0.35526618,0.30809653,0.3366373,-1
0.31034106,0.41919604,0.27046293,0
0.3740913,0.28563717,0.3402716,-1
0.31342113,0.366809,0.31976983,0
0.24802129,0.47121134,0.28076732,0
0.3240221,0.35138002,0.32459778,0
0.34679055,0.31016725,0.34304222,-1
0.2548914,0.44797358,0.29713503,0
0.2798179,0.41931483,0.30086723,0
0.28762552,0.40804112,0.30433336,0
0.30854794,0.36538175,0.3260703,0
0.35981807,0.28728843,0.3528935,-1
0.3119314,0.35463887,0.3334297,0
0.289101,0.40153763,0.30936137,0
0.2731392,0.42851597,0.29834488,0
0.3788107,0.27081233,0.35037696,-1
0.3583852,0.29958358,0.3420312,-1
0.2582507,0.44265062,0.29909867,0
0.34415114,0.3140808,0.34176815,-1
0.35515586,0.28891692,0.35592726,1
0.35589993,0.30666587,0.3374342,-1
0.3263661,0.34335342,0.33028048,0
0.30441573,0.417587,0.27799731,0
0.26301986,0.44496197,0.29201818,0
0.22585039,0.5094262,0.26472345,0
0.23374124,0.48866785,0.27759093,0
0.3308053,0.3667111,0.3024836,0
0.34758785,0.3298563,0.32255587,-1
0.33996186,0.32399744,0.33604068,-1
0.24855626,0.47028717,0.28115666,0
0.26829877,0.43663168,0.29506952,0
0.35104632,0.3047136,0.34424004,-1
0.35139227,0.29067773,0.35793006,1
0.3311458,0.3337021,0.33515212,1
0.3740772,0.26911172,0.35681108,-1
0.3120096,0.36620578,0.3217846,0
0.29234868,0.38696867,0.32068262,0
0.34906024,0.2928913,0.35804844,1
0.36212057,0.30714738,0.33073202,-1
0.28633988,0.4071622,0.3064979,0
0.38620368,0.30112237,0.31267396,-1
0.33863586,0.35538206,0.30598208,0
0.3189423,0.36091447,0.32014316,0
0.31478673,0.3523643,0.33284897,0
0.37343636,0.26933348,0.35723013,-1
0.31226212,0.36593613,0.32180172,0
0.3049239,0.37767673,0.31739938,0
0.31826845,0.34214684,0.3395847,0
0.37530833,0.25855577,0.36613587,-1
0.363195,0.28483915,0.3519659,-1
0.33734033,0.32097661,0.34168306,1
0.28720453,0.39743146,0.31536406,0
0.359031,0.3142897,0.32667938,-1
0.31795532,0.3447871,0.33725753,0
0.30467236,0.36129677,0.3340308,0
0.3605828,0.28700536,0.35241187,-1
0.34484202,0.31387326,0.34128475,-1
0.31155425,0.36563906,0.3228067,0
0.2954621,0.38344982,0.3210881,0
0.3712997,0.25342476,0.37527552,1
0.37063274,0.26675266,0.36261457,-1
0.37105924,0.2733456,0.3555952,-1
0.35071096,0.32837483,0.3209142,-1
0.3829091,0.23538995,0.38170093,-1
0.38251275,0.2734685,0.34401873,-1
0.35477963,0.29149354,0.3537269,-1
0.35582793,0.31591466,0.32825744,-1
0.26475874,0.43913054,0.29611075,0
0.32264724,0.35278884,0.3245639,0
0.3025832,0.3714767,0.32594016,0
0.25726038,0.45389187,0.28884768,0
0.3542407,0.2948291,0.3509302,-1
0.35347256,0.29348755,0.35303995,-1
0.37453923,0.268782,0.35667884,-1
0.37675574,0.26661375,0.3566306,-1
0.36508006,0.2834592,0.35146075,-1
0.337967,0.34488907,0.3171439,0
0.23629329,0.4916386,0.27206814,0
0.28521952,0.39837137,0.31640917,0
0.35749084,0.29043198,0.35207725,-1
0.37778807,0.2626236,0.3595883,-1
0.36908162,0.2857721,0.34514624,-1
0.30282658,0.38103744,0.316136,0
0.26381275,0.44348413,0.29270312,0
0.35742575,0.2862077,0.35636652,-1
0.35697207,0.27808422,0.36494368,1
0.3725263,0.2653137,0.36215997,-1
0.37184516,0.30520368,0.32295114,-1
0.32204953,0.33699012,0.34096035,1
0.34714743,0.29813692,0.35471565,1
0.30851817,0.35795492,0.33352682,0
0.31511748,0.41833758,0.266545,0
0.3178821,0.38638413,0.29573378,0
0.31518516,0.34822136,0.33659345,0
0.3601995,0.29391968,0.34588075,-1
0.26345432,0.44415358,0.2923921,0
0.29440987,0.39972073,0.30586946,0
0.31276098,0.3607917,0.3264473,0
0.35531574,0.305694,0.33899024,-1
0.3206789,0.35199288,0.32732823,0
0.33514297,0.33373237,0.33112463,-1
0.3444556,0.30880877,0.3467357,1
0.27416444,0.4260267,0.29980886,0
0.31775242,0.35176107,0.3304865,0
0.33482853,0.32702538,0.33814606,1
0.3175764,0.34637517,0.33604845,0
0.35491824,0.30153582,0.34354597,-1
0.33603987,0.3593468,0.30461323,0
0.26627967,0.44003293,0.29368737,0
0.36733374,0.275955,0.35671124,-1
0.36901268,0.26955405,0.36143333,-1
0.37062812,0.26311946,0.36625242,-1
0.36584926,0.28162798,0.35252276,-1
0.3636078,0.26450434,0.3718878,1
0.37755835,0.2524428,0.3699988,-1
0.3294537,0.32655895,0.34398735,1
0.3110168,0.3498915,0.33909166,0
0.37649417,0.2509098,0.37259606,-1
0.38378948,0.23493284,0.38127768,-1
0.2879934,0.39700058,0.315006,0
0.3094856,0.39095798,0.2995564,0
0.36108232,0.29620218,0.34271553,-1
0.31206447,0.3832575,0.30467796,0
0.29791704,0.3842479,0.31783503,0
0.3040737,0.37142882,0.3244975,0
0.29798624,0.38822484,0.31378892,0
0.33314323,0.34473717,0.3221196,0
0.3000775,0.38094294,0.3189796,0
0.3430431,0.34252092,0.31443605,-1
0.3745155,0.26895994,0.35652456,-1
0.374843,0.267967,0.35719,-1
0.37368727,0.2696269,0.35668585,-1
0.37345874,0.26932576,0.3572155,-1
0.32480627,0.3262132,0.34898046,1
0.36828583,0.27807623,0.35363793,-1
0.33415073,0.32938722,0.33646205,1
0.357742,0.31758028,0.32467774,-1
0.29905137,0.42344153,0.2775071,0
